{"MoldCoin":{
 "execution_paths": "125", 
 "callstack": false, 
 "reentrancy": "\n../contractSrc/0x09181c5e6f1bb206d1d1df5a43be922322b378bf.sol:MoldCoin:232:14\nfounder.call.value(msg.value)()\n^", 
 "modulo": false, 
 "division": false, 
 "execution_time": "44.4581801891", 
 "signedness": false, 
 "evm_code_coverage": "89.0", 
 "underflow": false, 
 "time_dependency": "\n../contractSrc/0x09181c5e6f1bb206d1d1df5a43be922322b378bf.sol:MoldCoin:198:9\nif (timeInSeconds < startDatetime) return 0\n^\n../contractSrc/0x09181c5e6f1bb206d1d1df5a43be922322b378bf.sol:MoldCoin:199:9\nif (timeInSeconds <= firstStageDatetime) return 15000\n^\n../contractSrc/0x09181c5e6f1bb206d1d1df5a43be922322b378bf.sol:MoldCoin:201:9\nif (timeInSeconds <= endDatetime) return 10000\n^\n../contractSrc/0x09181c5e6f1bb206d1d1df5a43be922322b378bf.sol:MoldCoin:175:17\nblock.timestamp >= startDatetime && block.timestamp <= endDatetime\n^\n../contractSrc/0x09181c5e6f1bb206d1d1df5a43be922322b378bf.sol:MoldCoin:200:9\nif (timeInSeconds <= secondStageDatetime) return 12000\n^\n../contractSrc/0x09181c5e6f1bb206d1d1df5a43be922322b378bf.sol:MoldCoin:175:9\nrequire(block.timestamp >= startDatetime && block.timestamp <= endDatetime)\n^", 
 "assertion_failure": false, 
 "timeout": false, 
 "dead_code": [
  "AND ", 
  "DUP2 ", 
  "MSTORE ", 
  "PUSH1 0x20 ", 
  "ADD ", 
  "SWAP1 ", 
  "DUP2 ", 
  "MSTORE ", 
  "PUSH1 0x20 ", 
  "ADD ", 
  "PUSH1 0x00 ", 
  "SHA3 ", 
  "DUP2 ", 
  "SWAP1 ", 
  "SSTORE ", 
  "POP ", 
  "PUSH2 0x182b ", 
  "PUSH1 0x12 ", 
  "SLOAD ", 
  "DUP3 ", 
  "PUSH2 0x1a40 ", 
  "JUMP ", 
  "JUMPDEST ", 
  "PUSH1 0x12 ", 
  "DUP2 ", 
  "SWAP1 ", 
  "SSTORE ", 
  "POP ", 
  "PUSH2 0x183d ", 
  "PUSH1 0x00 ", 
  "SLOAD ", 
  "DUP3 ", 
  "PUSH2 0x1a40 ", 
  "JUMP ", 
  "JUMPDEST ", 
  "PUSH1 0x00 ", 
  "DUP2 ", 
  "SWAP1 ", 
  "SSTORE ", 
  "POP ", 
  "CALLER ", 
  "PUSH20 0xffffffffffffffffffffffffffffffffffffffff ", 
  "AND ", 
  "PUSH32 0xfe3d002b0f7cf9e18f958ffdd3f95068295dffa83ce2e1026871b1f8aadc3921 ", 
  "DUP4 ", 
  "DUP4 ", 
  "PUSH1 0x40 ", 
  "MLOAD ", 
  "DUP1 ", 
  "DUP4 ", 
  "PUSH20 0xffffffffffffffffffffffffffffffffffffffff ", 
  "AND ", 
  "PUSH20 0xffffffffffffffffffffffffffffffffffffffff ", 
  "AND ", 
  "DUP2 ", 
  "MSTORE ", 
  "PUSH1 0x20 ", 
  "ADD ", 
  "DUP3 ", 
  "DUP2 ", 
  "MSTORE ", 
  "PUSH1 0x20 ", 
  "ADD ", 
  "SWAP3 ", 
  "POP ", 
  "POP ", 
  "POP ", 
  "PUSH1 0x40 ", 
  "MLOAD ", 
  "DUP1 ", 
  "SWAP2 ", 
  "SUB ", 
  "SWAP1 ", 
  "LOG2 ", 
  "POP ", 
  "POP ", 
  "JUMP ", 
  "JUMPDEST ", 
  "GT ", 
  "ISZERO ", 
  "ISZERO ", 
  "ISZERO ", 
  "PUSH2 0x10de ", 
  "JUMPI ", 
  "PUSH1 0x00 ", 
  "DUP1 ", 
  "REVERT ", 
  "JUMPDEST ", 
  "PUSH1 0x00 ", 
  "PUSH1 0x01 ", 
  "PUSH1 0x00 ", 
  "DUP5 ", 
  "PUSH20 0xffffffffffffffffffffffffffffffffffffffff ", 
  "AND ", 
  "PUSH20 0xffffffffffffffffffffffffffffffffffffffff ", 
  "AND ", 
  "DUP2 ", 
  "MSTORE ", 
  "PUSH1 0x20 ", 
  "ADD ", 
  "SWAP1 ", 
  "DUP2 ", 
  "MSTORE ", 
  "PUSH1 0x20 ", 
  "ADD ", 
  "PUSH1 0x00 ", 
  "SHA3 ", 
  "SLOAD ", 
  "GT ", 
  "ISZERO ", 
  "ISZERO ", 
  "PUSH2 0x112c ", 
  "JUMPI ", 
  "PUSH1 0x00 ", 
  "DUP1 ", 
  "REVERT ", 
  "JUMPDEST ", 
  "PUSH2 0x1175 ", 
  "PUSH1 0x01 ", 
  "PUSH1 0x00 ", 
  "DUP5 ", 
  "PUSH20 0xffffffffffffffffffffffffffffffffffffffff ", 
  "AND ", 
  "PUSH20 0xffffffffffffffffffffffffffffffffffffffff ", 
  "AND ", 
  "DUP2 ", 
  "MSTORE ", 
  "PUSH1 0x20 ", 
  "ADD ", 
  "SWAP1 ", 
  "DUP2 ", 
  "MSTORE ", 
  "PUSH1 0x20 ", 
  "ADD ", 
  "PUSH1 0x00 ", 
  "SHA3 ", 
  "SLOAD ", 
  "DUP3 ", 
  "PUSH2 0x1a40 ", 
  "JUMP ", 
  "JUMPDEST ", 
  "PUSH1 0x01 ", 
  "PUSH1 0x00 ", 
  "DUP5 ", 
  "PUSH20 0xffffffffffffffffffffffffffffffffffffffff ", 
  "AND ", 
  "PUSH20 0xffffffffffffffffffffffffffffffffffffffff ", 
  "AND ", 
  "DUP2 ", 
  "MSTORE ", 
  "PUSH1 0x20 ", 
  "ADD ", 
  "SWAP1 ", 
  "DUP2 ", 
  "MSTORE ", 
  "PUSH1 0x20 ", 
  "ADD ", 
  "PUSH1 0x00 ", 
  "SHA3 ", 
  "DUP2 ", 
  "SWAP1 ", 
  "SSTORE ", 
  "POP ", 
  "PUSH2 0x11c4 ", 
  "PUSH1 0x10 ", 
  "SLOAD ", 
  "DUP3 ", 
  "PUSH2 0x1a40 ", 
  "JUMP ", 
  "JUMPDEST ", 
  "PUSH1 0x10 ", 
  "DUP2 ", 
  "SWAP1 ", 
  "SSTORE ", 
  "POP ", 
  "PUSH2 0x11d6 ", 
  "PUSH1 0x00 ", 
  "SLOAD ", 
  "DUP3 ", 
  "PUSH2 0x1a40 ", 
  "JUMP ", 
  "JUMPDEST ", 
  "PUSH1 0x00 ", 
  "DUP2 ", 
  "SWAP1 ", 
  "SSTORE ", 
  "POP ", 
  "CALLER ", 
  "PUSH20 0xffffffffffffffffffffffffffffffffffffffff ", 
  "AND ", 
  "PUSH32 0xa09a05e020675fa97490cab9b44016fe91531917414bc0c8d7923a72d60b348e ", 
  "DUP4 ", 
  "DUP4 ", 
  "PUSH1 0x40 ", 
  "MLOAD ", 
  "DUP1 ", 
  "DUP4 ", 
  "PUSH20 0xffffffffffffffffffffffffffffffffffffffff ", 
  "AND ", 
  "PUSH20 0xffffffffffffffffffffffffffffffffffffffff ", 
  "AND ", 
  "DUP2 ", 
  "MSTORE ", 
  "PUSH1 0x20 ", 
  "ADD ", 
  "DUP3 ", 
  "DUP2 ", 
  "MSTORE ", 
  "PUSH1 0x20 ", 
  "ADD ", 
  "SWAP3 ", 
  "POP ", 
  "POP ", 
  "POP ", 
  "PUSH1 0x40 ", 
  "MLOAD ", 
  "DUP1 ", 
  "SWAP2 ", 
  "SUB ", 
  "SWAP1 ", 
  "LOG2 ", 
  "POP ", 
  "POP ", 
  "JUMP ", 
  "STOP ", 
  "SUB ", 
  "SWAP1 ", 
  "JUMPDEST ", 
  "STOP ", 
  "JUMPDEST ", 
  "JUMP ", 
  "JUMPDEST ", 
  "STOP ", 
  "JUMPDEST ", 
  "PUSH1 0x01 ", 
  "PUSH1 0x00 ", 
  "PUSH1 0x0a ", 
  "PUSH1 0x00 ", 
  "SWAP1 ", 
  "SLOAD ", 
  "SWAP1 ", 
  "PUSH2 0x0100 ", 
  "EXP ", 
  "SWAP1 ", 
  "DIV ", 
  "PUSH20 0xffffffffffffffffffffffffffffffffffffffff ", 
  "AND ", 
  "PUSH20 0xffffffffffffffffffffffffffffffffffffffff ", 
  "AND ", 
  "PUSH20 0xffffffffffffffffffffffffffffffffffffffff ", 
  "JUMPDEST ", 
  "STOP ", 
  "AND ", 
  "DUP2 ", 
  "MSTORE ", 
  "PUSH1 0x20 ", 
  "ADD ", 
  "SWAP1 ", 
  "DUP2 ", 
  "MSTORE ", 
  "PUSH1 0x20 ", 
  "ADD ", 
  "PUSH1 0x00 ", 
  "SHA3 ", 
  "DUP2 ", 
  "SWAP1 ", 
  "SSTORE ", 
  "POP ", 
  "PUSH2 0x16a8 ", 
  "PUSH1 0x00 ", 
  "SLOAD ", 
  "PUSH1 0x0e ", 
  "SLOAD ", 
  "PUSH2 0x1a40 ", 
  "JUMP ", 
  "JUMPDEST ", 
  "PUSH1 0x00 ", 
  "DUP2 ", 
  "SWAP1 ", 
  "SSTORE ", 
  "POP ", 
  "PUSH1 0x01 ", 
  "PUSH1 0x0f ", 
  "PUSH1 0x00 ", 
  "PUSH2 0x0100 ", 
  "EXP ", 
  "DUP2 ", 
  "SLOAD ", 
  "DUP2 ", 
  "PUSH1 0xff ", 
  "MUL ", 
  "NOT ", 
  "AND ", 
  "SWAP1 ", 
  "DUP4 ", 
  "ISZERO ", 
  "ISZERO ", 
  "MUL ", 
  "OR ", 
  "SWAP1 ", 
  "SSTORE ", 
  "POP ", 
  "CALLER ", 
  "PUSH20 0xffffffffffffffffffffffffffffffffffffffff ", 
  "AND ", 
  "PUSH32 0x6beace8fab9ac83e5d9e4f62dbef9f573d3f56ab82cee743f42d3012f0e71e3f ", 
  "PUSH1 0x0e ", 
  "SLOAD ", 
  "PUSH1 0x40 ", 
  "MLOAD ", 
  "DUP1 ", 
  "DUP3 ", 
  "DUP2 ", 
  "MSTORE ", 
  "PUSH1 0x20 ", 
  "ADD ", 
  "SWAP2 ", 
  "POP ", 
  "POP ", 
  "PUSH1 0x40 ", 
  "MLOAD ", 
  "DUP1 ", 
  "SWAP2 ", 
  "JUMPDEST ", 
  "STOP ", 
  "LOG2 ", 
  "JUMP ", 
  "JUMPDEST ", 
  "STOP ", 
  "JUMPDEST ", 
  "GT ", 
  "ISZERO ", 
  "ISZERO ", 
  "ISZERO ", 
  "PUSH2 0x1793 ", 
  "JUMPI ", 
  "PUSH1 0x00 ", 
  "DUP1 ", 
  "REVERT ", 
  "JUMPDEST ", 
  "PUSH2 0x17dc ", 
  "PUSH1 0x01 ", 
  "PUSH1 0x00 ", 
  "DUP5 ", 
  "PUSH20 0xffffffffffffffffffffffffffffffffffffffff ", 
  "AND ", 
  "PUSH20 0xffffffffffffffffffffffffffffffffffffffff ", 
  "AND ", 
  "DUP2 ", 
  "MSTORE ", 
  "PUSH1 0x20 ", 
  "ADD ", 
  "SWAP1 ", 
  "DUP2 ", 
  "MSTORE ", 
  "PUSH1 0x20 ", 
  "ADD ", 
  "PUSH1 0x00 ", 
  "SHA3 ", 
  "SLOAD ", 
  "DUP3 ", 
  "PUSH2 0x1a40 ", 
  "JUMP ", 
  "JUMPDEST ", 
  "PUSH1 0x01 ", 
  "PUSH1 0x00 ", 
  "DUP5 ", 
  "PUSH20 0xffffffffffffffffffffffffffffffffffffffff ", 
  "AND ", 
  "PUSH20 0xffffffffffffffffffffffffffffffffffffffff "
 ], 
 "overflow": "\n../contractSrc/0x09181c5e6f1bb206d1d1df5a43be922322b378bf.sol:MoldCoin:92:13\nbalances[_to] += _value\n^\n../contractSrc/0x09181c5e6f1bb206d1d1df5a43be922322b378bf.sol:MoldCoin:102:13\nbalances[_to] += _value\n^", 
 "money_concurrency": false, 
 "truncation": false
},"SafeMath":{
 "execution_paths": "1", 
 "callstack": false, 
 "reentrancy": false, 
 "modulo": false, 
 "division": false, 
 "execution_time": "0.00700998306274", 
 "signedness": false, 
 "evm_code_coverage": "100.0", 
 "underflow": false, 
 "time_dependency": false, 
 "assertion_failure": false, 
 "timeout": false, 
 "dead_code": [], 
 "overflow": false, 
 "money_concurrency": false, 
 "truncation": false
},"StandardToken":{
 "execution_paths": "22", 
 "callstack": false, 
 "reentrancy": false, 
 "modulo": false, 
 "division": false, 
 "execution_time": "3.37318706512", 
 "signedness": false, 
 "evm_code_coverage": "99.9", 
 "underflow": false, 
 "time_dependency": false, 
 "assertion_failure": false, 
 "timeout": false, 
 "dead_code": [
  "STOP "
 ], 
 "overflow": "\n../contractSrc/0x09181c5e6f1bb206d1d1df5a43be922322b378bf.sol:StandardToken:92:13\nbalances[_to] += _value\n^\n../contractSrc/0x09181c5e6f1bb206d1d1df5a43be922322b378bf.sol:StandardToken:102:13\nbalances[_to] += _value\n^", 
 "money_concurrency": false, 
 "truncation": false
}}