{"Vote":{
 "execution_paths": "14", 
 "callstack": false, 
 "reentrancy": false, 
 "modulo": false, 
 "division": false, 
 "execution_time": "0.191594839096", 
 "signedness": false, 
 "evm_code_coverage": "99.6", 
 "underflow": false, 
 "time_dependency": false, 
 "assertion_failure": false, 
 "timeout": false, 
 "dead_code": [
  "STOP "
 ], 
 "overflow": false, 
 "money_concurrency": false, 
 "truncation": false
},"VoteFactory":{
 "execution_paths": "17", 
 "callstack": "\n../contractSrc/0x0b6f6e073a08ab8fd458527c47ed83982ff26851.sol:VoteFactory:37:9\nowner.send(this.balance)\n^", 
 "reentrancy": false, 
 "modulo": false, 
 "division": false, 
 "execution_time": "50.0513279438", 
 "signedness": false, 
 "evm_code_coverage": "49.8", 
 "underflow": false, 
 "time_dependency": false, 
 "assertion_failure": false, 
 "timeout": true, 
 "dead_code": [
  "SWAP1 ", 
  "SLOAD ", 
  "DIV ", 
  "AND ", 
  "JUMPDEST ", 
  "PUSH1 0x00 ", 
  "SWAP1 ", 
  "SLOAD ", 
  "OR ", 
  "SWAP1 ", 
  "PUSH2 0x0100 ", 
  "SWAP1 ", 
  "SWAP1 ", 
  "PUSH20 0xffffffffffffffffffffffffffffffffffffffff ", 
  "DUP1 ", 
  "PUSH4 0x633dfc70 ", 
  "EQ ", 
  "PUSH2 0x02f9 ", 
  "JUMPI ", 
  "DUP1 ", 
  "PUSH4 0x842ff2bd ", 
  "EQ ", 
  "PUSH2 0x033d ", 
  "JUMPI ", 
  "DUP1 ", 
  "PUSH4 0x8da5cb5b ", 
  "EQ ", 
  "PUSH2 0x0366 ", 
  "JUMPI ", 
  "DUP1 ", 
  "PUSH4 0xa4b195ff ", 
  "EQ ", 
  "PUSH2 0x03bb ", 
  "SWAP1 ", 
  "JUMPI ", 
  "DUP1 ", 
  "PUSH4 0xafd7bf92 ", 
  "JUMP ", 
  "SWAP1 ", 
  "EQ ", 
  "PUSH2 0x03f2 ", 
  "JUMPI ", 
  "DUP1 ", 
  "PUSH4 0xbb0d6fb6 ", 
  "PUSH1 0x08 ", 
  "EQ ", 
  "PUSH2 0x0447 ", 
  "SHA3 ", 
  "JUMPI ", 
  "DUP1 ", 
  "PUSH4 0xc2052403 ", 
  "PUSH1 0x20 ", 
  "EQ ", 
  "PUSH2 0x047e ", 
  "JUMPI ", 
  "DUP1 ", 
  "PUSH4 0xd3604bc9 ", 
  "MSTORE ", 
  "EQ ", 
  "PUSH2 0x0493 ", 
  "JUMPI ", 
  "DUP1 ", 
  "PUSH4 0xd3856f3b ", 
  "EQ ", 
  "PUSH2 0x04e8 ", 
  "JUMPI ", 
  "DUP1 ", 
  "PUSH4 0xdb530222 ", 
  "EQ ", 
  "PUSH2 0x0554 ", 
  "JUMPI ", 
  "PUSH1 0x40 ", 
  "PUSH1 0x00 ", 
  "ISZERO ", 
  "DUP2 ", 
  "JUMPDEST ", 
  "PUSH1 0x00 ", 
  "DUP1 ", 
  "REVERT ", 
  "DUP2 ", 
  "JUMPDEST ", 
  "POP ", 
  "POP ", 
  "JUMP ", 
  "JUMPDEST ", 
  "PUSH1 0x03 ", 
  "PUSH1 0x00 ", 
  "SWAP1 ", 
  "SLOAD ", 
  "SWAP1 ", 
  "PUSH2 0x0100 ", 
  "EXP ", 
  "SWAP1 ", 
  "DIV ", 
  "PUSH20 0xffffffffffffffffffffffffffffffffffffffff ", 
  "AND ", 
  "PUSH20 0xffffffffffffffffffffffffffffffffffffffff ", 
  "PUSH1 0x00 ", 
  "DUP1 ", 
  "JUMPI ", 
  "SHA3 ", 
  "AND ", 
  "CALLER ", 
  "PUSH20 0xffffffffffffffffffffffffffffffffffffffff ", 
  "PUSH1 0x00 ", 
  "MSTORE ", 
  "AND ", 
  "EQ ", 
  "ISZERO ", 
  "DUP1 ", 
  "ISZERO ", 
  "PUSH2 0x09bf ", 
  "SWAP1 ", 
  "JUMPI ", 
  "POP ", 
  "PUSH1 0x04 ", 
  "SWAP1 ", 
  "PUSH1 0x00 ", 
  "SWAP1 ", 
  "SLOAD ", 
  "SWAP1 ", 
  "PUSH2 0x0100 ", 
  "SLOAD ", 
  "EXP ", 
  "SWAP1 ", 
  "DIV ", 
  "PUSH20 0xffffffffffffffffffffffffffffffffffffffff ", 
  "DUP2 ", 
  "PUSH20 0xffffffffffffffffffffffffffffffffffffffff ", 
  "JUMPDEST ", 
  "PUSH1 0x04 ", 
  "AND ", 
  "PUSH20 0xffffffffffffffffffffffffffffffffffffffff ", 
  "PUSH1 0x00 ", 
  "PUSH1 0x00 ", 
  "AND ", 
  "CALLER ", 
  "PUSH20 0xffffffffffffffffffffffffffffffffffffffff ", 
  "PUSH2 0x0100 ", 
  "SLOAD ", 
  "SWAP1 ", 
  "PUSH2 0x0100 ", 
  "AND ", 
  "EQ ", 
  "ISZERO ", 
  "JUMPDEST ", 
  "ISZERO ", 
  "PUSH2 0x09c9 ", 
  "JUMPI ", 
  "PUSH1 0x00 ", 
  "DUP1 ", 
  "REVERT ", 
  "JUMPDEST ", 
  "PUSH1 0x02 ", 
  "SHA3 ", 
  "SLOAD ", 
  "TIMESTAMP ", 
  "GT ", 
  "ISZERO ", 
  "PUSH2 0x09d8 ", 
  "PUSH1 0x00 ", 
  "JUMPI ", 
  "PUSH1 0x00 ", 
  "DIV ", 
  "DUP1 ", 
  "REVERT ", 
  "JUMPDEST ", 
  "PUSH1 0x06 ", 
  "REVERT ", 
  "PUSH1 0x00 ", 
  "DUP3 ", 
  "PUSH20 0xffffffffffffffffffffffffffffffffffffffff ", 
  "AND ", 
  "AND ", 
  "PUSH20 0xffffffffffffffffffffffffffffffffffffffff ", 
  "SLOAD ", 
  "DUP2 ", 
  "AND ", 
  "DUP2 ", 
  "MSTORE ", 
  "PUSH1 0x20 ", 
  "ADD ", 
  "SWAP1 ", 
  "DUP2 ", 
  "MSTORE ", 
  "PUSH1 0x20 ", 
  "ADD ", 
  "PUSH1 0x00 ", 
  "SHA3 ", 
  "PUSH1 0x00 ", 
  "PUSH1 0x01 ", 
  "SLOAD ", 
  "DUP2 ", 
  "MSTORE ", 
  "PUSH1 0x20 ", 
  "ADD ", 
  "SWAP1 ", 
  "DUP2 ", 
  "MSTORE ", 
  "PUSH1 0x20 ", 
  "ADD ", 
  "PUSH1 0x00 ", 
  "SHA3 ", 
  "PUSH1 0x00 ", 
  "SWAP1 ", 
  "SLOAD ", 
  "SWAP1 ", 
  "PUSH2 0x0100 ", 
  "EXP ", 
  "SWAP1 ", 
  "DIV ", 
  "PUSH1 0xff ", 
  "AND ", 
  "ISZERO ", 
  "PUSH2 0x0a42 ", 
  "JUMPI ", 
  "PUSH1 0x00 ", 
  "DUP1 ", 
  "REVERT ", 
  "JUMPDEST ", 
  "PUSH1 0x01 ", 
  "PUSH1 0x06 ", 
  "PUSH1 0x00 ", 
  "DUP4 ", 
  "PUSH20 0xffffffffffffffffffffffffffffffffffffffff ", 
  "DUP1 ", 
  "AND ", 
  "EXP ", 
  "AND ", 
  "PUSH20 0xffffffffffffffffffffffffffffffffffffffff ", 
  "JUMPDEST ", 
  "PUSH1 0x0a ", 
  "AND ", 
  "DUP2 ", 
  "MSTORE ", 
  "PUSH1 0x20 ", 
  "ADD ", 
  "SWAP1 ", 
  "DUP2 ", 
  "MSTORE ", 
  "PUSH1 0x20 ", 
  "ADD ", 
  "PUSH1 0x00 ", 
  "SHA3 ", 
  "PUSH1 0x00 ", 
  "MUL ", 
  "PUSH1 0x01 ", 
  "SLOAD ", 
  "DUP2 ", 
  "MSTORE ", 
  "PUSH1 0x20 ", 
  "ADD ", 
  "SWAP1 ", 
  "DUP2 ", 
  "MSTORE ", 
  "PUSH1 0x20 ", 
  "ADD ", 
  "PUSH1 0x00 ", 
  "PUSH1 0x00 ", 
  "SHA3 ", 
  "PUSH1 0x00 ", 
  "PUSH2 0x0100 ", 
  "PUSH1 0x00 ", 
  "DUP1 ", 
  "REVERT ", 
  "SLOAD ", 
  "DUP2 ", 
  "PUSH1 0xff ", 
  "MSTORE ", 
  "MUL ", 
  "NOT ", 
  "AND ", 
  "SWAP1 ", 
  "DUP4 ", 
  "ISZERO ", 
  "ISZERO ", 
  "MUL ", 
  "OR ", 
  "SWAP1 ", 
  "SSTORE ", 
  "POP ", 
  "DUP1 ", 
  "PUSH1 0x08 ", 
  "PUSH1 0x00 ", 
  "ADD ", 
  "PUSH1 0x01 ", 
  "SLOAD ", 
  "DUP2 ", 
  "MSTORE ", 
  "PUSH1 0x20 ", 
  "ADD ", 
  "SWAP1 ", 
  "DUP2 ", 
  "MSTORE ", 
  "PUSH1 0x20 ", 
  "SHA3 ", 
  "ADD ", 
  "PUSH1 0x00 ", 
  "SHA3 ", 
  "PUSH1 0x00 ", 
  "PUSH1 0x00 ", 
  "PUSH1 0x07 ", 
  "PUSH1 0x00 ", 
  "PUSH1 0x01 ", 
  "SLOAD ", 
  "DUP2 ", 
  "MSTORE ", 
  "PUSH1 0x20 ", 
  "SWAP1 ", 
  "ADD ", 
  "SWAP1 ", 
  "DUP2 ", 
  "MSTORE ", 
  "PUSH1 0x20 ", 
  "ADD ", 
  "PUSH1 0x00 ", 
  "SHA3 ", 
  "PUSH1 0x00 ", 
  "DUP2 ", 
  "SLOAD ", 
  "DUP1 ", 
  "SWAP3 ", 
  "SWAP2 ", 
  "SWAP1 ", 
  "PUSH1 0x01 ", 
  "ADD ", 
  "SWAP2 ", 
  "SWAP1 ", 
  "POP ", 
  "SSTORE ", 
  "DUP2 ", 
  "MSTORE ", 
  "PUSH1 0x20 ", 
  "ADD ", 
  "SWAP1 ", 
  "DUP2 ", 
  "MSTORE ", 
  "PUSH1 0x20 ", 
  "ADD ", 
  "PUSH1 0x00 ", 
  "JUMPDEST ", 
  "STOP ", 
  "JUMPDEST ", 
  "CALLVALUE ", 
  "ISZERO ", 
  "PUSH2 0x0304 ", 
  "EXP ", 
  "DUP2 ", 
  "JUMPI ", 
  "PUSH1 0x00 ", 
  "PUSH20 0xffffffffffffffffffffffffffffffffffffffff ", 
  "DUP1 ", 
  "REVERT ", 
  "JUMPDEST ", 
  "PUSH2 0x033b ", 
  "PUSH1 0x04 ", 
  "DUP1 ", 
  "DUP1 ", 
  "CALLDATALOAD ", 
  "ISZERO ", 
  "ISZERO ", 
  "SWAP1 ", 
  "PUSH1 0x20 ", 
  "ADD ", 
  "SWAP1 ", 
  "SWAP2 ", 
  "SWAP1 ", 
  "DUP1 ", 
  "CALLDATALOAD ", 
  "PUSH20 0xffffffffffffffffffffffffffffffffffffffff ", 
  "SWAP1 ", 
  "DUP4 ", 
  "PUSH20 0xffffffffffffffffffffffffffffffffffffffff ", 
  "SWAP1 ", 
  "MUL ", 
  "AND ", 
  "SWAP1 ", 
  "PUSH1 0x20 ", 
  "AND ", 
  "ADD ", 
  "SWAP1 ", 
  "SWAP2 ", 
  "SWAP1 ", 
  "POP ", 
  "POP ", 
  "PUSH2 0x0913 ", 
  "PUSH2 0x0b65 ", 
  "SSTORE ", 
  "JUMP ", 
  "JUMPDEST ", 
  "STOP ", 
  "JUMPDEST ", 
  "CALLVALUE ", 
  "ISZERO ", 
  "PUSH2 0x0348 ", 
  "SLOAD ", 
  "JUMPI ", 
  "PUSH1 0x00 ", 
  "DUP2 ", 
  "DUP1 ", 
  "REVERT ", 
  "JUMPDEST ", 
  "PUSH2 0x0350 ", 
  "MSTORE ", 
  "ISZERO ", 
  "PUSH2 0x0bfe ", 
  "ADD ", 
  "PUSH1 0x00 ", 
  "JUMP ", 
  "JUMPDEST ", 
  "PUSH1 0x40 ", 
  "MLOAD ", 
  "DUP1 ", 
  "DUP3 ", 
  "DUP2 ", 
  "MSTORE ", 
  "PUSH1 0x20 ", 
  "PUSH1 0x01 ", 
  "ADD ", 
  "SWAP2 ", 
  "POP ", 
  "POP ", 
  "PUSH1 0x40 ", 
  "SSTORE ", 
  "MLOAD ", 
  "DUP1 ", 
  "SWAP2 ", 
  "SUB ", 
  "SWAP1 ", 
  "RETURN ", 
  "JUMPDEST ", 
  "CALLVALUE ", 
  "ISZERO ", 
  "PUSH2 0x0371 ", 
  "PUSH1 0x01 ", 
  "JUMPI ", 
  "PUSH1 0x00 ", 
  "MSTORE ", 
  "DUP1 ", 
  "REVERT ", 
  "JUMPDEST ", 
  "PUSH2 0x0379 ", 
  "DUP2 ", 
  "MSTORE ", 
  "PUSH2 0x0c04 ", 
  "ADD ", 
  "JUMP ", 
  "JUMPDEST ", 
  "PUSH1 0x40 ", 
  "PUSH1 0x00 ", 
  "MLOAD ", 
  "DUP1 ", 
  "DUP3 ", 
  "PUSH20 0xffffffffffffffffffffffffffffffffffffffff ", 
  "SWAP3 ", 
  "PUSH1 0x01 ", 
  "SWAP1 ", 
  "PUSH1 0x01 ", 
  "ADD ", 
  "SWAP2 ", 
  "SWAP1 ", 
  "POP ", 
  "SSTORE ", 
  "POP ", 
  "JUMPDEST ", 
  "PUSH32 0xf3f16a15f074b71c5138107dfc7c63b80524d5411cb967caa97d8d9f12b2fd6b ", 
  "DUP2 ", 
  "AND ", 
  "PUSH20 0xffffffffffffffffffffffffffffffffffffffff ", 
  "MSTORE ", 
  "PUSH1 0x20 ", 
  "AND ", 
  "DUP2 ", 
  "MSTORE ", 
  "PUSH1 0x20 ", 
  "DUP4 ", 
  "ADD ", 
  "SWAP2 ", 
  "POP ", 
  "POP ", 
  "PUSH1 0x40 ", 
  "PUSH20 0xffffffffffffffffffffffffffffffffffffffff ", 
  "MLOAD ", 
  "DUP1 ", 
  "SWAP2 ", 
  "SUB ", 
  "SWAP1 ", 
  "RETURN ", 
  "JUMPDEST ", 
  "CALLVALUE ", 
  "ISZERO ", 
  "PUSH2 0x03c6 ", 
  "SHA3 ", 
  "JUMPI ", 
  "PUSH1 0x00 ", 
  "PUSH1 0x20 ", 
  "DUP1 ", 
  "REVERT ", 
  "JUMPDEST ", 
  "PUSH2 0x03dc ", 
  "AND ", 
  "PUSH1 0x04 ", 
  "DUP1 ", 
  "DUP1 ", 
  "CALLDATALOAD ", 
  "SWAP1 ", 
  "PUSH1 0x20 ", 
  "ADD ", 
  "SWAP1 ", 
  "SWAP2 ", 
  "SWAP1 ", 
  "POP ", 
  "POP ", 
  "PUSH2 0x0c29 ", 
  "JUMP ", 
  "JUMPDEST ", 
  "PUSH1 0x40 ", 
  "PUSH1 0x00 ", 
  "MLOAD ", 
  "DUP1 ", 
  "DUP3 ", 
  "DUP2 ", 
  "MSTORE ", 
  "PUSH1 0x20 ", 
  "DUP3 ", 
  "ADD ", 
  "SWAP2 ", 
  "POP ", 
  "POP ", 
  "PUSH1 0x40 ", 
  "MSTORE ", 
  "MLOAD ", 
  "DUP1 ", 
  "SWAP2 ", 
  "SUB ", 
  "SWAP1 ", 
  "RETURN ", 
  "JUMPDEST ", 
  "CALLVALUE ", 
  "ISZERO ", 
  "PUSH2 0x03fd ", 
  "DUP1 ", 
  "SWAP2 ", 
  "JUMPI ", 
  "PUSH1 0x00 ", 
  "LOG1 ", 
  "DUP1 ", 
  "REVERT ", 
  "JUMPDEST ", 
  "PUSH2 0x0405 ", 
  "DUP1 ", 
  "PUSH2 0x0c41 ", 
  "DUP2 ", 
  "JUMP ", 
  "JUMP ", 
  "JUMPDEST ", 
  "PUSH1 0x40 ", 
  "DUP1 ", 
  "MLOAD ", 
  "DUP1 ", 
  "DUP3 ", 
  "PUSH20 0xffffffffffffffffffffffffffffffffffffffff ", 
  "EXP ", 
  "SWAP1 ", 
  "DIV ", 
  "SWAP1 ", 
  "DUP2 ", 
  "AND ", 
  "PUSH20 0xffffffffffffffffffffffffffffffffffffffff ", 
  "ADD ", 
  "AND ", 
  "DUP2 ", 
  "JUMP ", 
  "SWAP2 ", 
  "PUSH1 0x07 ", 
  "PUSH1 0x20 ", 
  "MSTORE ", 
  "SWAP1 ", 
  "PUSH1 0x00 ", 
  "MSTORE ", 
  "PUSH1 0x40 ", 
  "POP ", 
  "AND ", 
  "DUP2 ", 
  "MSTORE ", 
  "PUSH1 0x20 ", 
  "SWAP2 ", 
  "ADD ", 
  "SWAP2 ", 
  "POP ", 
  "POP ", 
  "PUSH1 0x40 ", 
  "JUMP ", 
  "MLOAD ", 
  "DUP1 ", 
  "SWAP2 ", 
  "SUB ", 
  "SWAP1 ", 
  "RETURN ", 
  "JUMPDEST ", 
  "CALLVALUE ", 
  "ISZERO ", 
  "PUSH2 0x0452 ", 
  "EXP ", 
  "JUMPI ", 
  "PUSH1 0x00 ", 
  "PUSH20 0xffffffffffffffffffffffffffffffffffffffff ", 
  "DUP1 ", 
  "REVERT ", 
  "JUMPDEST ", 
  "PUSH2 0x0468 ", 
  "PUSH1 0x04 ", 
  "DUP1 ", 
  "DUP1 ", 
  "CALLDATALOAD ", 
  "SWAP1 ", 
  "PUSH1 0x20 ", 
  "ADD ", 
  "SWAP1 ", 
  "SWAP2 ", 
  "SWAP1 ", 
  "POP ", 
  "POP ", 
  "PUSH2 0x0c67 ", 
  "PUSH1 0x0a ", 
  "JUMP ", 
  "JUMP ", 
  "JUMPDEST ", 
  "PUSH1 0x40 ", 
  "PUSH1 0x20 ", 
  "MLOAD ", 
  "DUP1 ", 
  "DUP3 ", 
  "DUP2 ", 
  "MSTORE ", 
  "PUSH1 0x20 ", 
  "PUSH1 0x00 ", 
  "ADD ", 
  "SWAP2 ", 
  "POP ", 
  "POP ", 
  "PUSH1 0x40 ", 
  "MLOAD ", 
  "DUP1 ", 
  "SWAP2 ", 
  "SUB ", 
  "SWAP1 ", 
  "RETURN ", 
  "JUMPDEST ", 
  "CALLVALUE ", 
  "ISZERO ", 
  "PUSH2 0x0489 ", 
  "DUP1 ", 
  "SWAP1 ", 
  "JUMPI ", 
  "PUSH1 0x00 ", 
  "PUSH2 0x0100 ", 
  "DUP1 ", 
  "REVERT ", 
  "JUMPDEST ", 
  "PUSH2 0x0491 ", 
  "DIV ", 
  "PUSH20 0xffffffffffffffffffffffffffffffffffffffff ", 
  "PUSH2 0x0c7f ", 
  "DUP2 ", 
  "JUMP ", 
  "JUMPDEST ", 
  "STOP ", 
  "JUMPDEST ", 
  "CALLVALUE ", 
  "ISZERO ", 
  "PUSH2 0x049e ", 
  "PUSH1 0x20 ", 
  "JUMPI ", 
  "PUSH1 0x00 ", 
  "PUSH1 0x20 ", 
  "DUP1 ", 
  "REVERT ", 
  "JUMPDEST ", 
  "PUSH2 0x04a6 ", 
  "AND ", 
  "PUSH2 0x0d4a ", 
  "ADD ", 
  "JUMP ", 
  "JUMPDEST ", 
  "PUSH1 0x40 ", 
  "MLOAD ", 
  "DUP1 ", 
  "DUP3 ", 
  "PUSH20 0xffffffffffffffffffffffffffffffffffffffff ", 
  "SWAP1 ", 
  "AND ", 
  "CALLER ", 
  "PUSH20 0xffffffffffffffffffffffffffffffffffffffff ", 
  "PUSH1 0x20 ", 
  "AND ", 
  "PUSH20 0xffffffffffffffffffffffffffffffffffffffff ", 
  "AND ", 
  "EQ ", 
  "ISZERO ", 
  "PUSH1 0x00 ", 
  "PUSH2 0x0cda ", 
  "JUMPI ", 
  "PUSH1 0x00 ", 
  "AND ", 
  "DUP2 ", 
  "MSTORE ", 
  "PUSH1 0x20 ", 
  "PUSH1 0x00 ", 
  "ADD ", 
  "SWAP2 ", 
  "POP ", 
  "POP ", 
  "PUSH1 0x40 ", 
  "PUSH2 0x0100 ", 
  "MLOAD ", 
  "DUP1 ", 
  "SWAP2 ", 
  "SUB ", 
  "SWAP1 ", 
  "RETURN ", 
  "JUMPDEST ", 
  "CALLVALUE ", 
  "ISZERO ", 
  "PUSH2 0x04f3 ", 
  "JUMPI ", 
  "PUSH1 0x00 ", 
  "DUP1 ", 
  "REVERT ", 
  "JUMPDEST ", 
  "PUSH2 0x0512 ", 
  "SLOAD ", 
  "PUSH1 0x04 ", 
  "DUP1 ", 
  "DUP1 ", 
  "CALLDATALOAD ", 
  "SWAP1 ", 
  "PUSH1 0x20 ", 
  "ADD ", 
  "SWAP1 ", 
  "SWAP2 ", 
  "SWAP1 ", 
  "DUP1 ", 
  "CALLDATALOAD ", 
  "SWAP1 ", 
  "PUSH1 0x20 ", 
  "SWAP2 ", 
  "ADD ", 
  "SWAP1 ", 
  "SWAP2 ", 
  "SWAP1 ", 
  "POP ", 
  "POP ", 
  "PUSH2 0x0d70 ", 
  "NOT ", 
  "JUMP ", 
  "JUMPDEST ", 
  "PUSH1 0x40 ", 
  "MLOAD ", 
  "DUP1 ", 
  "DUP3 ", 
  "PUSH20 0xffffffffffffffffffffffffffffffffffffffff ", 
  "SLOAD ", 
  "JUMPDEST ", 
  "PUSH20 0xffffffffffffffffffffffffffffffffffffffff ", 
  "AND ", 
  "AND ", 
  "PUSH20 0xffffffffffffffffffffffffffffffffffffffff ", 
  "DUP1 ", 
  "ISZERO ", 
  "MUL ", 
  "SWAP1 ", 
  "PUSH1 0x40 ", 
  "SWAP1 ", 
  "PUSH1 0x00 ", 
  "PUSH1 0x40 ", 
  "MLOAD ", 
  "SLOAD ", 
  "DUP4 ", 
  "SUB ", 
  "DUP2 ", 
  "DUP2 ", 
  "DUP9 ", 
  "SWAP1 ", 
  "CALL ", 
  "AND ", 
  "DUP2 ", 
  "MSTORE ", 
  "PUSH1 0x20 ", 
  "POP ", 
  "ADD ", 
  "SWAP2 ", 
  "POP ", 
  "POP ", 
  "PUSH1 0x40 ", 
  "PUSH1 0x00 ", 
  "MLOAD ", 
  "DUP1 ", 
  "SWAP2 ", 
  "SUB ", 
  "SWAP1 ", 
  "RETURN ", 
  "JUMPDEST ", 
  "CALLVALUE ", 
  "ISZERO ", 
  "PUSH2 0x055f ", 
  "PUSH20 0xffffffffffffffffffffffffffffffffffffffff ", 
  "EXP ", 
  "JUMPI ", 
  "PUSH1 0x00 ", 
  "DUP1 ", 
  "REVERT ", 
  "JUMPDEST ", 
  "PUSH2 0x0567 ", 
  "PUSH2 0x0db2 ", 
  "DIV ", 
  "JUMP ", 
  "JUMPDEST ", 
  "PUSH1 0x40 ", 
  "MLOAD ", 
  "DUP1 ", 
  "DUP3 ", 
  "DUP2 ", 
  "MSTORE ", 
  "PUSH1 0x20 ", 
  "JUMPDEST ", 
  "ADD ", 
  "SWAP2 ", 
  "POP ", 
  "POP ", 
  "PUSH1 0x40 ", 
  "DUP2 ", 
  "MLOAD ", 
  "DUP1 ", 
  "SWAP2 ", 
  "SUB ", 
  "SWAP1 ", 
  "RETURN ", 
  "SHA3 ", 
  "PUSH1 0x20 ", 
  "MSTORE ", 
  "DUP1 ", 
  "PUSH1 0x00 ", 
  "MSTORE ", 
  "PUSH1 0x40 ", 
  "PUSH1 0x00 ", 
  "SHA3 ", 
  "PUSH1 0x00 ", 
  "SWAP2 ", 
  "POP ", 
  "SWAP2 ", 
  "POP ", 
  "SWAP1 ", 
  "SLOAD ", 
  "SWAP1 ", 
  "PUSH2 0x0100 ", 
  "EXP ", 
  "SWAP1 ", 
  "DIV ", 
  "PUSH20 0xffffffffffffffffffffffffffffffffffffffff ", 
  "POP ", 
  "PUSH1 0x40 ", 
  "AND ", 
  "DUP2 ", 
  "JUMP ", 
  "JUMPDEST ", 
  "PUSH1 0x02 ", 
  "SLOAD ", 
  "DUP2 ", 
  "JUMP ", 
  "PUSH2 0x0b8b ", 
  "PUSH1 0x00 ", 
  "DUP1 ", 
  "PUSH20 0xffffffffffffffffffffffffffffffffffffffff ", 
  "PUSH1 0x00 ", 
  "AND ", 
  "JUMPDEST ", 
  "DUP3 ", 
  "DUP1 ", 
  "ADD ", 
  "PUSH1 0x01 ", 
  "ADD ", 
  "DUP6 ", 
  "SSTORE ", 
  "DUP3 ", 
  "ISZERO ", 
  "PUSH2 0x0e27 ", 
  "JUMPI ", 
  "SWAP2 ", 
  "DUP3 ", 
  "ADD ", 
  "JUMPDEST ", 
  "DUP3 ", 
  "DUP2 ", 
  "GT ", 
  "DUP2 ", 
  "PUSH2 0x0e26 ", 
  "JUMPI ", 
  "DUP3 ", 
  "MLOAD ", 
  "DUP3 ", 
  "SSTORE ", 
  "SWAP2 ", 
  "JUMP ", 
  "PUSH1 0x40 ", 
  "SWAP2 ", 
  "SWAP1 ", 
  "PUSH1 0x01 ", 
  "ADD ", 
  "SWAP1 ", 
  "PUSH2 0x0e0b ", 
  "JUMP ", 
  "JUMPDEST ", 
  "MLOAD ", 
  "DUP1 ", 
  "DUP4 ", 
  "JUMPDEST ", 
  "ISZERO ", 
  "SWAP3 ", 
  "DUP1 ", 
  "STOP ", 
  "AND ", 
  "PUSH2 0x08fc ", 
  "SWAP2 ", 
  "ADDRESS ", 
  "POP ", 
  "PUSH20 0xffffffffffffffffffffffffffffffffffffffff ", 
  "POP ", 
  "POP ", 
  "DUP2 ", 
  "SWAP1 ", 
  "PUSH20 0xffffffffffffffffffffffffffffffffffffffff ", 
  "POP ", 
  "SWAP2 ", 
  "SLOAD ", 
  "PUSH1 0x09 ", 
  "SLOAD ", 
  "DUP2 ", 
  "SWAP1 ", 
  "DUP2 ", 
  "MSTORE ", 
  "JUMP ", 
  "AND ", 
  "MLOAD ", 
  "DUP2 ", 
  "MSTORE ", 
  "JUMPDEST ", 
  "PUSH1 0x20 ", 
  "POP ", 
  "ADD ", 
  "DUP1 ", 
  "ISZERO ", 
  "PUSH1 0x00 ", 
  "ISZERO ", 
  "ISZERO ", 
  "ISZERO ", 
  "DUP6 ", 
  "DUP2 ", 
  "DUP9 ", 
  "PUSH1 0x20 ", 
  "POP ", 
  "SWAP4 ", 
  "ADD ", 
  "POP ", 
  "SWAP3 ", 
  "ADD ", 
  "POP ", 
  "POP ", 
  "POP ", 
  "EXP ", 
  "POP ", 
  "DUP2 ", 
  "POP ", 
  "PUSH1 0x40 ", 
  "JUMP ", 
  "JUMPDEST ", 
  "MLOAD ", 
  "PUSH1 0x03 ", 
  "BALANCE ", 
  "SUB ", 
  "SWAP1 ", 
  "SWAP1 ", 
  "SLOAD ", 
  "SLOAD ", 
  "POP ", 
  "SWAP1 ", 
  "POP ", 
  "PUSH2 0x0100 ", 
  "JUMP ", 
  "JUMPDEST ", 
  "PUSH1 0x01 ", 
  "EXP "
 ], 
 "overflow": "\n../contractSrc/0x0b6f6e073a08ab8fd458527c47ed83982ff26851.sol:VoteFactory:64:59\n++numPolls\n^\n../contractSrc/0x0b6f6e073a08ab8fd458527c47ed83982ff26851.sol:VoteFactory:62:23\nnow + duration\n^", 
 "money_concurrency": false, 
 "truncation": false
}}