{"Owned":{
 "execution_paths": "7", 
 "callstack": false, 
 "reentrancy": false, 
 "modulo": false, 
 "division": false, 
 "execution_time": "0.105967998505", 
 "signedness": false, 
 "evm_code_coverage": "99.4", 
 "underflow": false, 
 "time_dependency": false, 
 "assertion_failure": false, 
 "timeout": false, 
 "dead_code": [
  "STOP "
 ], 
 "overflow": false, 
 "money_concurrency": false, 
 "truncation": false
},"TronyCurrencyContract":{
 "execution_paths": "62", 
 "callstack": false, 
 "reentrancy": false, 
 "modulo": false, 
 "division": false, 
 "execution_time": "50.0570430756", 
 "signedness": false, 
 "evm_code_coverage": "88.0", 
 "underflow": "\n../contractSrc/0x12aa78f89513f3218651db21aa170347037f0c20.sol:TronyCurrencyContract:192:9\nbalances[_addr] -= _amount\n^\n../contractSrc/0x12aa78f89513f3218651db21aa170347037f0c20.sol:TronyCurrencyContract:157:9\nallowances[_from][msg.sender] -= _value\n^", 
 "time_dependency": false, 
 "assertion_failure": false, 
 "timeout": true, 
 "dead_code": [
  "DUP1 ", 
  "DUP1 ", 
  "CALLDATALOAD ", 
  "PUSH20 0xffffffffffffffffffffffffffffffffffffffff ", 
  "AND ", 
  "SWAP1 ", 
  "PUSH1 0x20 ", 
  "ADD ", 
  "SWAP1 ", 
  "SWAP2 ", 
  "SWAP1 ", 
  "DUP1 ", 
  "CALLDATALOAD ", 
  "PUSH20 0xffffffffffffffffffffffffffffffffffffffff ", 
  "AND ", 
  "SWAP1 ", 
  "PUSH1 0x20 ", 
  "ADD ", 
  "SWAP1 ", 
  "SWAP2 ", 
  "SWAP1 ", 
  "POP ", 
  "POP ", 
  "PUSH2 0x16ff ", 
  "JUMP ", 
  "JUMPDEST ", 
  "PUSH1 0x40 ", 
  "MLOAD ", 
  "DUP1 ", 
  "DUP3 ", 
  "DUP2 ", 
  "MSTORE ", 
  "PUSH1 0x20 ", 
  "ADD ", 
  "SWAP2 ", 
  "POP ", 
  "POP ", 
  "PUSH1 0x40 ", 
  "MLOAD ", 
  "DUP1 ", 
  "SWAP2 ", 
  "SUB ", 
  "SWAP1 ", 
  "RETURN ", 
  "JUMPDEST ", 
  "CALLVALUE ", 
  "ISZERO ", 
  "PUSH2 0x0866 ", 
  "JUMPI ", 
  "PUSH1 0x00 ", 
  "DUP1 ", 
  "REVERT ", 
  "JUMPDEST ", 
  "PUSH2 0x089b ", 
  "PUSH1 0x04 ", 
  "DUP1 ", 
  "DUP1 ", 
  "CALLDATALOAD ", 
  "PUSH20 0xffffffffffffffffffffffffffffffffffffffff ", 
  "AND ", 
  "SWAP1 ", 
  "PUSH1 0x20 ", 
  "ADD ", 
  "SWAP1 ", 
  "SWAP2 ", 
  "SWAP1 ", 
  "DUP1 ", 
  "CALLDATALOAD ", 
  "SWAP1 ", 
  "PUSH1 0x20 ", 
  "ADD ", 
  "SWAP1 ", 
  "SWAP2 ", 
  "SWAP1 ", 
  "POP ", 
  "POP ", 
  "PUSH2 0x1786 ", 
  "JUMP ", 
  "JUMPDEST ", 
  "STOP ", 
  "DUP1 ", 
  "PUSH4 0xd1900a04 ", 
  "EQ ", 
  "PUSH2 0x07c6 ", 
  "JUMPI ", 
  "DUP1 ", 
  "PUSH4 0xdd62ed3e ", 
  "EQ ", 
  "PUSH2 0x07ef ", 
  "PUSH1 0x00 ", 
  "DUP1 ", 
  "DUP1 ", 
  "REVERT ", 
  "JUMPDEST ", 
  "DUP1 ", 
  "PUSH1 0x03 ", 
  "EQ ", 
  "SLOAD ", 
  "GT ", 
  "ISZERO ", 
  "ISZERO ", 
  "PUSH2 0x093b ", 
  "JUMPI ", 
  "PUSH1 0x00 ", 
  "DUP1 ", 
  "REVERT ", 
  "JUMPDEST ", 
  "DUP1 ", 
  "PUSH1 0x03 ", 
  "PUSH1 0x00 ", 
  "DUP3 ", 
  "DUP3 ", 
  "SLOAD ", 
  "SUB ", 
  "SWAP3 ", 
  "POP ", 
  "POP ", 
  "DUP2 ", 
  "SWAP1 ", 
  "SSTORE ", 
  "POP ", 
  "DUP1 ", 
  "PUSH1 0x06 ", 
  "PUSH1 0x00 ", 
  "DUP5 ", 
  "PUSH20 0xffffffffffffffffffffffffffffffffffffffff ", 
  "AND ", 
  "PUSH20 0xffffffffffffffffffffffffffffffffffffffff ", 
  "AND ", 
  "DUP2 ", 
  "MSTORE ", 
  "PUSH1 0x20 ", 
  "ADD ", 
  "SWAP1 ", 
  "DUP2 ", 
  "MSTORE ", 
  "PUSH1 0x20 ", 
  "ADD ", 
  "PUSH1 0x00 ", 
  "SHA3 ", 
  "PUSH1 0x00 ", 
  "STOP ", 
  "DUP3 ", 
  "DUP3 ", 
  "SLOAD ", 
  "ADD ", 
  "SWAP3 ", 
  "POP ", 
  "POP ", 
  "DUP2 ", 
  "SWAP1 ", 
  "SSTORE ", 
  "POP ", 
  "DUP2 ", 
  "PUSH20 0xffffffffffffffffffffffffffffffffffffffff ", 
  "AND ", 
  "PUSH32 0x79c65068f81072733b15ab3cba61b23110793f90ab099d228a414b186333a81e ", 
  "PUSH1 0x02 ", 
  "DUP3 ", 
  "PUSH1 0x40 ", 
  "MLOAD ", 
  "DUP1 ", 
  "DUP3 ", 
  "DUP2 ", 
  "MSTORE ", 
  "PUSH1 0x20 ", 
  "ADD ", 
  "SWAP2 ", 
  "POP ", 
  "POP ", 
  "PUSH1 0x40 ", 
  "MLOAD ", 
  "DUP1 ", 
  "SWAP2 ", 
  "SUB ", 
  "SWAP1 ", 
  "LOG2 ", 
  "DUP2 ", 
  "PUSH20 0xffffffffffffffffffffffffffffffffffffffff ", 
  "AND ", 
  "PUSH1 0x00 ", 
  "PUSH32 0xddf252ad1be2c89b69c2b068fc378daa952ba7f163c4a11628f55a4df523b3ef ", 
  "DUP4 ", 
  "PUSH1 0x40 ", 
  "MLOAD ", 
  "DUP1 ", 
  "DUP3 ", 
  "DUP2 ", 
  "MSTORE ", 
  "PUSH1 0x20 ", 
  "ADD ", 
  "SWAP2 ", 
  "POP ", 
  "POP ", 
  "PUSH1 0x40 ", 
  "MLOAD ", 
  "DUP1 ", 
  "SWAP2 ", 
  "SUB ", 
  "SWAP1 ", 
  "LOG3 ", 
  "POP ", 
  "POP ", 
  "JUMP ", 
  "DUP1 ", 
  "REVERT ", 
  "PUSH1 0x40 ", 
  "DUP3 ", 
  "MSTORE ", 
  "SWAP2 ", 
  "SUB ", 
  "JUMPDEST ", 
  "JUMPI ", 
  "JUMPDEST ", 
  "PUSH1 0x00 ", 
  "PUSH1 0x03 ", 
  "SLOAD ", 
  "PUSH4 0xf0dda65c ", 
  "SLOAD ", 
  "SUB ", 
  "SWAP1 ", 
  "POP ", 
  "SWAP1 ", 
  "JUMP ", 
  "JUMPDEST ", 
  "PUSH1 0x00 ", 
  "PUSH1 0x07 ", 
  "PUSH1 0x00 ", 
  "DUP5 ", 
  "PUSH20 0xffffffffffffffffffffffffffffffffffffffff ", 
  "JUMP ", 
  "JUMPDEST ", 
  "PUSH2 0x085b ", 
  "AND ", 
  "PUSH20 0xffffffffffffffffffffffffffffffffffffffff ", 
  "JUMPI ", 
  "DUP1 ", 
  "PUSH1 0x00 ", 
  "AND ", 
  "DUP2 ", 
  "MSTORE ", 
  "PUSH1 0x20 ", 
  "ADD ", 
  "SWAP1 ", 
  "DUP2 ", 
  "MSTORE ", 
  "PUSH1 0x20 ", 
  "ADD ", 
  "PUSH1 0x00 ", 
  "SHA3 ", 
  "PUSH1 0x00 ", 
  "DUP4 ", 
  "PUSH20 0xffffffffffffffffffffffffffffffffffffffff ", 
  "PUSH1 0x20 ", 
  "ADD ", 
  "AND ", 
  "PUSH20 0xffffffffffffffffffffffffffffffffffffffff ", 
  "POP ", 
  "PUSH1 0x40 ", 
  "AND ", 
  "DUP2 ", 
  "MSTORE ", 
  "PUSH1 0x20 ", 
  "ADD ", 
  "SWAP1 ", 
  "DUP2 ", 
  "MSTORE ", 
  "PUSH1 0x20 ", 
  "ADD ", 
  "PUSH1 0x00 ", 
  "SHA3 ", 
  "SLOAD ", 
  "SWAP1 ", 
  "POP ", 
  "SWAP3 ", 
  "SWAP2 ", 
  "POP ", 
  "POP ", 
  "JUMP ", 
  "JUMPDEST ", 
  "PUSH1 0x01 ", 
  "PUSH1 0x00 ", 
  "SWAP1 ", 
  "SLOAD ", 
  "SWAP1 ", 
  "PUSH2 0x0100 ", 
  "SWAP1 ", 
  "EXP ", 
  "SWAP1 ", 
  "DIV ", 
  "PUSH20 0xffffffffffffffffffffffffffffffffffffffff ", 
  "POP ", 
  "JUMP ", 
  "STOP ", 
  "AND ", 
  "PUSH20 0xffffffffffffffffffffffffffffffffffffffff ", 
  "AND ", 
  "CALLER ", 
  "PUSH20 0xffffffffffffffffffffffffffffffffffffffff ", 
  "JUMPDEST ", 
  "CALLVALUE ", 
  "ISZERO ", 
  "PUSH2 0x07d1 ", 
  "JUMPI ", 
  "PUSH1 0x00 ", 
  "DUP1 ", 
  "REVERT ", 
  "JUMPDEST ", 
  "PUSH2 0x07d9 ", 
  "PUSH2 0x16f1 ", 
  "AND ", 
  "EQ ", 
  "ISZERO ", 
  "ISZERO ", 
  "PUSH2 0x17e2 ", 
  "MLOAD ", 
  "JUMPI ", 
  "PUSH1 0x00 ", 
  "DUP2 ", 
  "DUP1 ", 
  "REVERT ", 
  "JUMPDEST ", 
  "PUSH2 0x17ec ", 
  "SWAP2 ", 
  "POP ", 
  "DUP3 ", 
  "DUP3 ", 
  "PUSH2 0x089d ", 
  "MLOAD ", 
  "DUP1 ", 
  "JUMP ", 
  "JUMPDEST ", 
  "POP ", 
  "RETURN ", 
  "JUMPDEST ", 
  "CALLVALUE ", 
  "ISZERO ", 
  "PUSH2 0x07fa ", 
  "JUMPI ", 
  "PUSH1 0x00 ", 
  "DUP1 ", 
  "REVERT ", 
  "JUMPDEST ", 
  "PUSH2 0x0845 ", 
  "PUSH1 0x04 "
 ], 
 "overflow": "\n../contractSrc/0x12aa78f89513f3218651db21aa170347037f0c20.sol:TronyCurrencyContract:97:35\nmsg.value * TRCExchangeRate\n^\n../contractSrc/0x12aa78f89513f3218651db21aa170347037f0c20.sol:TronyCurrencyContract:191:9\ntotalRemainSupply += _amount\n^", 
 "money_concurrency": false, 
 "truncation": false
}}