{"CoinContract":{
 "execution_paths": "35", 
 "callstack": false, 
 "reentrancy": false, 
 "modulo": false, 
 "division": false, 
 "execution_time": "8.51159501076", 
 "signedness": false, 
 "evm_code_coverage": "99.7", 
 "underflow": false, 
 "time_dependency": false, 
 "assertion_failure": false, 
 "timeout": false, 
 "dead_code": [
  "JUMPDEST ", 
  "STOP ", 
  "STOP "
 ], 
 "overflow": "\n../contractSrc/0x12e29c3d8a8437b1a82afb07dca489548e08ebbe.sol:CoinContract:54:5\netherClients[_client] += _amount\n^", 
 "money_concurrency": false, 
 "truncation": false
}}