{"Congress":{
 "execution_paths": "3", 
 "callstack": false, 
 "reentrancy": false, 
 "modulo": false, 
 "division": false, 
 "execution_time": "50.1151618958", 
 "signedness": false, 
 "evm_code_coverage": "8.7", 
 "underflow": false, 
 "time_dependency": false, 
 "assertion_failure": false, 
 "timeout": true, 
 "dead_code": [
  "PUSH1 0x00 ", 
  "SWAP1 ", 
  "SSTORE ", 
  "POP ", 
  "PUSH1 0x01 ", 
  "ADD ", 
  "PUSH2 0x1ff4 ", 
  "JUMP ", 
  "JUMPDEST ", 
  "POP ", 
  "SWAP1 ", 
  "JUMP ", 
  "JUMPDEST ", 
  "SWAP1 ", 
  "JUMP ", 
  "JUMPDEST ", 
  "PUSH2 0x206e ", 
  "SWAP2 ", 
  "SWAP1 ", 
  "JUMPDEST ", 
  "DUP1 ", 
  "DUP3 ", 
  "GT ", 
  "ISZERO ", 
  "PUSH2 0x206a ", 
  "JUMPI ", 
  "PUSH1 0x00 ", 
  "DUP1 ", 
  "DUP3 ", 
  "ADD ", 
  "PUSH1 0x00 ", 
  "PUSH2 0x0100 ", 
  "EXP ", 
  "DUP2 ", 
  "SLOAD ", 
  "SWAP1 ", 
  "PUSH20 0xffffffffffffffffffffffffffffffffffffffff ", 
  "DUP1 ", 
  "PUSH4 0x0b1ca49a ", 
  "MUL ", 
  "NOT ", 
  "EQ ", 
  "PUSH2 0x0279 ", 
  "SSTORE ", 
  "PUSH1 0x01 ", 
  "JUMPI ", 
  "DUP1 ", 
  "PUSH4 0x237e9492 ", 
  "PUSH1 0x00 ", 
  "PUSH2 0x2059 ", 
  "EQ ", 
  "PUSH2 0x02b2 ", 
  "SWAP1 ", 
  "PUSH2 0x1e42 ", 
  "JUMPI ", 
  "DUP1 ", 
  "PUSH4 0x39106821 ", 
  "JUMPDEST ", 
  "PUSH1 0x02 ", 
  "DUP3 ", 
  "EQ ", 
  "PUSH2 0x0318 ", 
  "SWAP1 ", 
  "JUMPI ", 
  "DUP1 ", 
  "PUSH4 0x400e3949 ", 
  "ADD ", 
  "PUSH2 0x2019 ", 
  "EQ ", 
  "PUSH2 0x0365 ", 
  "JUMPDEST ", 
  "POP ", 
  "SWAP1 ", 
  "DUP1 ", 
  "PUSH4 0x5daf08ca ", 
  "SWAP1 ", 
  "JUMP ", 
  "JUMPDEST ", 
  "PUSH2 0x2124 ", 
  "EQ ", 
  "PUSH2 0x038e ", 
  "SWAP2 ", 
  "SWAP1 ", 
  "JUMPI ", 
  "DUP1 ", 
  "PUSH4 0x69bd3436 ", 
  "GT ", 
  "ISZERO ", 
  "PUSH2 0x2120 ", 
  "EQ ", 
  "PUSH2 0x0464 ", 
  "PUSH1 0x00 ", 
  "JUMPI ", 
  "DUP1 ", 
  "PUSH4 0x8160f0b5 ", 
  "PUSH1 0x00 ", 
  "PUSH2 0x0100 ", 
  "EQ ", 
  "PUSH2 0x048d ", 
  "DUP2 ", 
  "SLOAD ", 
  "JUMPI ", 
  "DUP1 ", 
  "PUSH4 0x8da5cb5b ", 
  "EQ ", 
  "PUSH2 0x04b6 ", 
  "JUMPI ", 
  "DUP1 ", 
  "PUSH4 0x8f4ffcb1 ", 
  "EQ ", 
  "PUSH2 0x050b ", 
  "JUMPI ", 
  "DUP1 ", 
  "PUSH4 0xaa02a90f ", 
  "SWAP1 ", 
  "SSTORE ", 
  "PUSH1 0x01 ", 
  "EQ ", 
  "PUSH2 0x05af ", 
  "PUSH1 0x00 ", 
  "JUMPI ", 
  "DUP1 ", 
  "PUSH4 0xb1050da5 ", 
  "DUP3 ", 
  "ADD ", 
  "PUSH1 0x00 ", 
  "EQ ", 
  "PUSH2 0x05d8 ", 
  "JUMPI ", 
  "DUP1 ", 
  "PUSH4 0xb9f256cd ", 
  "JUMP ", 
  "JUMPDEST ", 
  "EQ ", 
  "PUSH2 0x06b4 ", 
  "DUP3 ", 
  "ADD ", 
  "JUMPI ", 
  "DUP1 ", 
  "PUSH4 0xbcca1fd3 ", 
  "SSTORE ", 
  "PUSH1 0x04 ", 
  "DUP3 ", 
  "EQ ", 
  "PUSH2 0x0790 ", 
  "PUSH2 0x0100 ", 
  "JUMPI ", 
  "DUP1 ", 
  "PUSH4 0xc127c247 ", 
  "DUP2 ", 
  "SLOAD ", 
  "SWAP1 ", 
  "PUSH1 0xff ", 
  "EQ ", 
  "PUSH2 0x07c5 ", 
  "NOT ", 
  "AND ", 
  "JUMPI ", 
  "DUP1 ", 
  "PUSH4 0xd3c0715b ", 
  "DUP3 ", 
  "ADD ", 
  "PUSH1 0x01 ", 
  "EQ ", 
  "PUSH2 0x0841 ", 
  "JUMPI ", 
  "DUP1 ", 
  "PUSH4 0xeceb2945 ", 
  "SWAP1 ", 
  "PUSH1 0xff ", 
  "MUL ", 
  "EQ ", 
  "PUSH2 0x08c6 ", 
  "SWAP1 ", 
  "SSTORE ", 
  "JUMPI ", 
  "DUP1 ", 
  "PUSH4 0xf2fde38b ", 
  "ADD ", 
  "PUSH1 0x00 ", 
  "SWAP1 ", 
  "EQ ", 
  "PUSH2 0x096c ", 
  "DUP3 ", 
  "JUMPI ", 
  "PUSH1 0x00 ", 
  "SWAP1 ", 
  "SSTORE ", 
  "PUSH1 0x07 ", 
  "DUP3 ", 
  "ADD ", 
  "PUSH1 0x00 ", 
  "SWAP1 ", 
  "SSTORE ", 
  "PUSH1 0x08 ", 
  "DUP3 ", 
  "ADD ", 
  "PUSH1 0x00 ", 
  "PUSH2 0x2117 ", 
  "SWAP2 ", 
  "SWAP1 ", 
  "PUSH2 0x2127 ", 
  "JUMP ", 
  "JUMPDEST ", 
  "POP ", 
  "PUSH1 0x0a ", 
  "ADD ", 
  "PUSH2 0x2077 ", 
  "JUMP ", 
  "JUMPDEST ", 
  "POP ", 
  "SWAP1 ", 
  "JUMP ", 
  "JUMPDEST ", 
  "SWAP1 ", 
  "JUMP ", 
  "JUMPDEST ", 
  "POP ", 
  "DUP1 ", 
  "SLOAD ", 
  "PUSH1 0x00 ", 
  "DUP3 ", 
  "SSTORE ", 
  "PUSH1 0x02 ", 
  "MUL ", 
  "SWAP1 ", 
  "PUSH1 0x00 ", 
  "MSTORE ", 
  "PUSH1 0x20 ", 
  "PUSH1 0x00 ", 
  "SHA3 ", 
  "SWAP1 ", 
  "DUP2 ", 
  "ADD ", 
  "SWAP1 ", 
  "PUSH2 0x2148 ", 
  "SWAP2 ", 
  "SWAP1 ", 
  "PUSH2 0x214b ", 
  "JUMP ", 
  "JUMPDEST ", 
  "POP ", 
  "JUMP ", 
  "JUMPDEST ", 
  "PUSH2 0x21b2 ", 
  "SWAP2 ", 
  "SWAP1 ", 
  "JUMPDEST ", 
  "DUP1 ", 
  "DUP3 ", 
  "GT ", 
  "ISZERO ", 
  "PUSH2 0x21ae ", 
  "JUMPI ", 
  "PUSH1 0x00 ", 
  "DUP1 ", 
  "DUP3 ", 
  "ADD ", 
  "PUSH1 0x00 ", 
  "PUSH2 0x0100 ", 
  "EXP ", 
  "DUP2 ", 
  "SLOAD ", 
  "SWAP1 ", 
  "PUSH1 0xff ", 
  "MUL ", 
  "NOT ", 
  "AND ", 
  "SWAP1 ", 
  "SSTORE ", 
  "PUSH1 0x00 ", 
  "PUSH1 0x00 ", 
  "DUP3 ", 
  "DUP1 ", 
  "REVERT ", 
  "PUSH2 0x0100 ", 
  "EXP ", 
  "DUP2 ", 
  "SLOAD ", 
  "SWAP1 ", 
  "PUSH20 0xffffffffffffffffffffffffffffffffffffffff ", 
  "MUL ", 
  "NOT ", 
  "AND ", 
  "SWAP1 ", 
  "SSTORE ", 
  "PUSH1 0x01 ", 
  "DUP3 ", 
  "ADD ", 
  "PUSH1 0x00 ", 
  "PUSH2 0x21a5 ", 
  "SWAP2 ", 
  "SWAP1 ", 
  "PUSH2 0x1e42 ", 
  "JUMP ", 
  "JUMPDEST ", 
  "POP ", 
  "PUSH1 0x02 ", 
  "ADD ", 
  "PUSH2 0x2151 ", 
  "AND ", 
  "JUMP ", 
  "JUMPDEST ", 
  "POP ", 
  "SWAP1 ", 
  "SWAP1 ", 
  "JUMPDEST ", 
  "SWAP1 ", 
  "JUMP ", 
  "STOP ", 
  "DUP3 ", 
  "ADD ", 
  "SWAP2 ", 
  "JUMP ", 
  "ADD ", 
  "PUSH1 0x00 ", 
  "SSTORE ", 
  "POP ", 
  "PUSH1 0x03 ", 
  "JUMP ", 
  "JUMPDEST ", 
  "CALLVALUE ", 
  "ISZERO ", 
  "PUSH2 0x0284 ", 
  "JUMPI ", 
  "PUSH1 0x00 ", 
  "DUP1 ", 
  "REVERT ", 
  "JUMPDEST ", 
  "PUSH2 0x02b0 ", 
  "PUSH1 0x04 ", 
  "JUMPI ", 
  "DUP1 ", 
  "DUP1 ", 
  "CALLDATALOAD ", 
  "PUSH20 0xffffffffffffffffffffffffffffffffffffffff ", 
  "JUMP ", 
  "JUMPDEST ", 
  "AND ", 
  "SWAP1 ", 
  "PUSH1 0x20 ", 
  "ADD ", 
  "SWAP1 ", 
  "SWAP2 ", 
  "SWAP1 ", 
  "POP ", 
  "POP ", 
  "PUSH2 0x0ad4 ", 
  "JUMP ", 
  "JUMPDEST ", 
  "STOP ", 
  "JUMPDEST ", 
  "CALLVALUE ", 
  "ISZERO ", 
  "PUSH2 0x02bd ", 
  "JUMPI ", 
  "PUSH1 0x00 ", 
  "DUP1 ", 
  "REVERT ", 
  "JUMPDEST ", 
  "PUSH2 0x0316 ", 
  "PUSH1 0x04 ", 
  "DUP1 ", 
  "DUP1 ", 
  "CALLDATALOAD ", 
  "SWAP1 ", 
  "PUSH1 0x20 ", 
  "ADD ", 
  "SWAP1 ", 
  "SWAP2 ", 
  "SWAP1 ", 
  "DUP1 ", 
  "CALLDATALOAD ", 
  "SWAP1 ", 
  "PUSH1 0x20 ", 
  "DUP1 ", 
  "ADD ", 
  "SWAP1 ", 
  "DUP3 ", 
  "ADD ", 
  "DUP1 ", 
  "CALLDATALOAD ", 
  "SWAP1 ", 
  "PUSH1 0x20 ", 
  "ADD ", 
  "SWAP1 ", 
  "DUP1 ", 
  "DUP1 ", 
  "PUSH1 0x1f ", 
  "ADD ", 
  "PUSH1 0x20 ", 
  "DUP1 ", 
  "SWAP2 ", 
  "DIV ", 
  "MUL ", 
  "PUSH1 0x20 ", 
  "ADD ", 
  "PUSH1 0x40 ", 
  "MLOAD ", 
  "SWAP1 ", 
  "DUP2 ", 
  "ADD ", 
  "PUSH1 0x40 ", 
  "MSTORE ", 
  "DUP1 ", 
  "SWAP4 ", 
  "SWAP3 ", 
  "SWAP2 ", 
  "SWAP1 ", 
  "DUP2 ", 
  "DUP2 ", 
  "MSTORE ", 
  "PUSH1 0x20 ", 
  "ADD ", 
  "DUP4 ", 
  "DUP4 ", 
  "DUP1 ", 
  "DUP3 ", 
  "DUP5 ", 
  "CALLDATACOPY ", 
  "DUP3 ", 
  "ADD ", 
  "SWAP2 ", 
  "POP ", 
  "POP ", 
  "POP ", 
  "POP ", 
  "POP ", 
  "POP ", 
  "SWAP2 ", 
  "SWAP1 ", 
  "POP ", 
  "POP ", 
  "PUSH2 0x0d3a ", 
  "DUP3 ", 
  "JUMP ", 
  "JUMPDEST ", 
  "STOP ", 
  "JUMPDEST ", 
  "CALLVALUE ", 
  "ISZERO ", 
  "PUSH2 0x0323 ", 
  "JUMPI ", 
  "PUSH1 0x00 ", 
  "DUP1 ", 
  "REVERT ", 
  "JUMPDEST ", 
  "PUSH2 0x034f ", 
  "PUSH1 0x04 ", 
  "DUP1 ", 
  "DUP1 ", 
  "CALLDATALOAD ", 
  "PUSH20 0xffffffffffffffffffffffffffffffffffffffff ", 
  "EXP ", 
  "AND ", 
  "SWAP1 ", 
  "PUSH1 0x20 ", 
  "ADD ", 
  "SWAP1 ", 
  "SWAP2 ", 
  "SWAP1 ", 
  "POP ", 
  "POP ", 
  "PUSH2 0x101d ", 
  "JUMP ", 
  "JUMPDEST ", 
  "PUSH1 0x40 ", 
  "MLOAD ", 
  "DUP1 ", 
  "DUP3 ", 
  "DUP2 ", 
  "MSTORE ", 
  "PUSH1 0x20 ", 
  "ADD ", 
  "SWAP2 ", 
  "POP ", 
  "POP ", 
  "PUSH1 0x40 ", 
  "MLOAD ", 
  "DUP1 ", 
  "SWAP2 ", 
  "SUB ", 
  "SWAP1 ", 
  "RETURN ", 
  "JUMPDEST ", 
  "CALLVALUE ", 
  "ISZERO ", 
  "PUSH2 0x0370 ", 
  "JUMPI ", 
  "PUSH1 0x00 ", 
  "DUP1 ", 
  "REVERT ", 
  "JUMPDEST ", 
  "PUSH2 0x0378 ", 
  "PUSH2 0x1035 ", 
  "JUMP ", 
  "JUMPDEST ", 
  "PUSH1 0x40 ", 
  "MLOAD ", 
  "DUP1 ", 
  "DUP3 ", 
  "DUP2 ", 
  "MSTORE ", 
  "PUSH1 0x20 ", 
  "ADD ", 
  "SWAP2 ", 
  "POP ", 
  "POP ", 
  "PUSH1 0x40 ", 
  "MLOAD ", 
  "DUP1 ", 
  "SWAP2 ", 
  "SUB ", 
  "SWAP1 ", 
  "RETURN ", 
  "JUMPDEST ", 
  "CALLVALUE ", 
  "ISZERO ", 
  "PUSH2 0x0399 ", 
  "JUMPI ", 
  "PUSH1 0x00 ", 
  "DUP1 ", 
  "REVERT ", 
  "JUMPDEST ", 
  "PUSH2 0x03af ", 
  "PUSH1 0x04 ", 
  "DUP1 ", 
  "DUP1 ", 
  "CALLDATALOAD ", 
  "SWAP1 ", 
  "PUSH1 0x20 ", 
  "ADD ", 
  "SWAP1 ", 
  "SWAP2 ", 
  "SWAP1 ", 
  "POP ", 
  "POP ", 
  "PUSH2 0x103b ", 
  "JUMP ", 
  "JUMPDEST ", 
  "PUSH1 0x40 ", 
  "MLOAD ", 
  "DUP1 ", 
  "DUP5 ", 
  "PUSH20 0xffffffffffffffffffffffffffffffffffffffff ", 
  "AND ", 
  "PUSH20 0xffffffffffffffffffffffffffffffffffffffff ", 
  "MUL ", 
  "NOT ", 
  "AND ", 
  "AND ", 
  "DUP2 ", 
  "MSTORE ", 
  "PUSH1 0x20 ", 
  "ADD ", 
  "DUP1 ", 
  "PUSH1 0x20 ", 
  "ADD ", 
  "DUP4 ", 
  "DUP2 ", 
  "MSTORE ", 
  "PUSH1 0x20 ", 
  "ADD ", 
  "DUP3 ", 
  "DUP2 ", 
  "SUB ", 
  "DUP3 ", 
  "MSTORE ", 
  "DUP5 ", 
  "DUP2 ", 
  "DUP2 ", 
  "MLOAD ", 
  "DUP2 ", 
  "MSTORE ", 
  "PUSH1 0x20 ", 
  "ADD ", 
  "SWAP2 ", 
  "POP ", 
  "DUP1 ", 
  "MLOAD ", 
  "SWAP1 ", 
  "PUSH1 0x20 ", 
  "ADD ", 
  "SWAP1 ", 
  "DUP1 ", 
  "DUP4 ", 
  "DUP4 ", 
  "PUSH1 0x00 ", 
  "JUMPDEST ", 
  "DUP4 ", 
  "DUP2 ", 
  "LT ", 
  "ISZERO ", 
  "PUSH2 0x0427 ", 
  "JUMPI ", 
  "DUP1 ", 
  "DUP3 ", 
  "ADD ", 
  "MLOAD ", 
  "DUP2 ", 
  "DUP5 ", 
  "ADD ", 
  "MSTORE ", 
  "PUSH1 0x20 ", 
  "DUP2 ", 
  "ADD ", 
  "SWAP1 ", 
  "POP ", 
  "PUSH2 0x040c ", 
  "JUMP ", 
  "JUMPDEST ", 
  "POP ", 
  "POP ", 
  "POP ", 
  "POP ", 
  "SWAP1 ", 
  "POP ", 
  "SWAP1 ", 
  "DUP2 ", 
  "ADD ", 
  "SWAP1 ", 
  "PUSH1 0x1f ", 
  "AND ", 
  "DUP1 ", 
  "ISZERO ", 
  "PUSH2 0x0454 ", 
  "JUMPI ", 
  "DUP1 ", 
  "DUP3 ", 
  "SUB ", 
  "DUP1 ", 
  "MLOAD ", 
  "PUSH1 0x01 ", 
  "DUP4 ", 
  "PUSH1 0x20 ", 
  "SUB ", 
  "PUSH2 0x0100 ", 
  "EXP ", 
  "SUB ", 
  "NOT ", 
  "AND ", 
  "DUP2 ", 
  "MSTORE ", 
  "PUSH1 0x20 ", 
  "ADD ", 
  "SWAP2 ", 
  "POP ", 
  "JUMPDEST ", 
  "POP ", 
  "SWAP5 ", 
  "POP ", 
  "POP ", 
  "POP ", 
  "POP ", 
  "POP ", 
  "PUSH1 0x40 ", 
  "SWAP1 ", 
  "MLOAD ", 
  "DUP1 ", 
  "SWAP2 ", 
  "SUB ", 
  "SWAP1 ", 
  "RETURN ", 
  "JUMPDEST ", 
  "CALLVALUE ", 
  "ISZERO ", 
  "PUSH2 0x046f ", 
  "JUMPI ", 
  "PUSH1 0x00 ", 
  "DUP1 ", 
  "REVERT ", 
  "JUMPDEST ", 
  "PUSH2 0x0477 ", 
  "PUSH2 0x112c ", 
  "JUMP ", 
  "JUMPDEST ", 
  "PUSH1 0x40 ", 
  "MLOAD ", 
  "DUP1 ", 
  "DUP3 ", 
  "DUP2 ", 
  "MSTORE ", 
  "PUSH1 0x20 ", 
  "ADD ", 
  "SWAP2 ", 
  "POP ", 
  "POP ", 
  "PUSH1 0x40 ", 
  "MLOAD ", 
  "DUP1 ", 
  "SWAP2 ", 
  "SUB ", 
  "SWAP1 ", 
  "RETURN ", 
  "JUMPDEST ", 
  "CALLVALUE ", 
  "ISZERO ", 
  "PUSH2 0x0498 ", 
  "JUMPI ", 
  "PUSH1 0x00 ", 
  "DUP1 ", 
  "REVERT ", 
  "JUMPDEST ", 
  "PUSH2 0x04a0 ", 
  "PUSH2 0x1132 ", 
  "JUMP ", 
  "JUMPDEST ", 
  "PUSH1 0x40 ", 
  "MLOAD ", 
  "DUP1 ", 
  "DUP3 ", 
  "DUP2 ", 
  "MSTORE ", 
  "PUSH1 0x20 ", 
  "ADD ", 
  "SWAP2 ", 
  "POP ", 
  "POP ", 
  "PUSH1 0x40 ", 
  "MLOAD ", 
  "DUP1 ", 
  "SWAP2 ", 
  "SUB ", 
  "SWAP1 ", 
  "RETURN ", 
  "JUMPDEST ", 
  "CALLVALUE ", 
  "ISZERO ", 
  "PUSH2 0x04c1 ", 
  "JUMPI ", 
  "PUSH1 0x00 ", 
  "DUP1 ", 
  "REVERT ", 
  "JUMPDEST ", 
  "PUSH2 0x04c9 ", 
  "ADD ", 
  "PUSH2 0x1138 ", 
  "JUMP ", 
  "JUMPDEST ", 
  "PUSH1 0x40 ", 
  "MLOAD ", 
  "DUP1 ", 
  "DUP3 ", 
  "PUSH20 0xffffffffffffffffffffffffffffffffffffffff ", 
  "AND ", 
  "PUSH20 0xffffffffffffffffffffffffffffffffffffffff ", 
  "EXP ", 
  "AND ", 
  "DUP2 ", 
  "MSTORE ", 
  "PUSH1 0x20 ", 
  "ADD ", 
  "SWAP2 ", 
  "POP ", 
  "POP ", 
  "PUSH1 0x40 ", 
  "MLOAD ", 
  "DUP1 ", 
  "SWAP2 ", 
  "SUB ", 
  "SWAP1 ", 
  "RETURN ", 
  "MUL ", 
  "CALLVALUE ", 
  "ISZERO ", 
  "PUSH2 0x0516 ", 
  "JUMPI ", 
  "PUSH1 0x00 ", 
  "DUP1 ", 
  "REVERT ", 
  "JUMPDEST ", 
  "PUSH2 0x05ad ", 
  "PUSH1 0x04 ", 
  "DUP1 ", 
  "DUP1 ", 
  "CALLDATALOAD ", 
  "PUSH20 0xffffffffffffffffffffffffffffffffffffffff ", 
  "SSTORE ", 
  "PUSH1 0x04 ", 
  "AND ", 
  "SWAP1 ", 
  "PUSH1 0x20 ", 
  "ADD ", 
  "SWAP1 ", 
  "SWAP2 ", 
  "SWAP1 ", 
  "DUP1 ", 
  "CALLDATALOAD ", 
  "SWAP1 ", 
  "PUSH1 0x20 ", 
  "ADD ", 
  "SWAP1 ", 
  "SWAP2 ", 
  "SWAP1 ", 
  "DUP1 ", 
  "CALLDATALOAD ", 
  "PUSH20 0xffffffffffffffffffffffffffffffffffffffff ", 
  "PUSH2 0x0100 ", 
  "AND ", 
  "SWAP1 ", 
  "PUSH1 0x20 ", 
  "EXP ", 
  "ADD ", 
  "SWAP1 ", 
  "SWAP2 ", 
  "SWAP1 ", 
  "DUP1 ", 
  "CALLDATALOAD ", 
  "SWAP1 ", 
  "PUSH1 0x20 ", 
  "ADD ", 
  "SWAP1 ", 
  "DUP3 ", 
  "ADD ", 
  "DUP1 ", 
  "CALLDATALOAD ", 
  "SWAP1 ", 
  "PUSH1 0x20 ", 
  "ADD ", 
  "SWAP1 ", 
  "DUP1 ", 
  "DUP1 ", 
  "PUSH1 0x1f ", 
  "ADD ", 
  "PUSH1 0x20 ", 
  "DUP1 ", 
  "SWAP2 ", 
  "DIV ", 
  "MUL ", 
  "PUSH1 0x20 ", 
  "ADD ", 
  "PUSH1 0x40 ", 
  "MLOAD ", 
  "SWAP1 ", 
  "DUP2 ", 
  "ADD ", 
  "PUSH1 0x40 ", 
  "NOT ", 
  "MSTORE ", 
  "DUP1 ", 
  "SWAP4 ", 
  "SWAP3 ", 
  "SWAP2 ", 
  "SWAP1 ", 
  "DUP2 ", 
  "DUP2 ", 
  "MSTORE ", 
  "PUSH1 0x20 ", 
  "ADD ", 
  "DUP4 ", 
  "DUP4 ", 
  "DUP1 ", 
  "DUP3 ", 
  "DUP5 ", 
  "CALLDATACOPY ", 
  "DUP3 ", 
  "ADD ", 
  "SWAP2 ", 
  "POP ", 
  "POP ", 
  "POP ", 
  "POP ", 
  "POP ", 
  "POP ", 
  "SWAP2 ", 
  "SWAP1 ", 
  "POP ", 
  "POP ", 
  "PUSH2 0x115d ", 
  "JUMP ", 
  "JUMPDEST ", 
  "STOP ", 
  "JUMPDEST ", 
  "CALLVALUE ", 
  "ISZERO ", 
  "PUSH2 0x05ba ", 
  "JUMPI ", 
  "PUSH1 0x00 ", 
  "DUP1 ", 
  "REVERT ", 
  "JUMPDEST ", 
  "PUSH2 0x05c2 ", 
  "PUSH2 0x136d ", 
  "JUMP ", 
  "JUMPDEST ", 
  "PUSH1 0x40 ", 
  "MLOAD ", 
  "DUP1 ", 
  "DUP3 ", 
  "DUP2 ", 
  "MSTORE ", 
  "PUSH1 0x20 ", 
  "SSTORE ", 
  "ADD ", 
  "SWAP2 ", 
  "POP ", 
  "POP ", 
  "PUSH1 0x40 ", 
  "PUSH1 0x06 ", 
  "MLOAD ", 
  "DUP1 ", 
  "SWAP2 ", 
  "SUB ", 
  "SWAP1 ", 
  "RETURN ", 
  "JUMPDEST ", 
  "CALLVALUE ", 
  "ISZERO ", 
  "PUSH2 0x05e3 ", 
  "JUMPI ", 
  "PUSH1 0x00 ", 
  "DUP1 ", 
  "REVERT ", 
  "JUMPDEST ", 
  "PUSH2 0x069e ", 
  "PUSH1 0x04 ", 
  "DUP1 ", 
  "DUP1 ", 
  "CALLDATALOAD ", 
  "PUSH20 0xffffffffffffffffffffffffffffffffffffffff ", 
  "AND ", 
  "SWAP1 ", 
  "PUSH1 0x20 ", 
  "ADD ", 
  "SWAP1 ", 
  "SWAP2 ", 
  "SWAP1 ", 
  "DUP1 ", 
  "CALLDATALOAD ", 
  "SWAP1 ", 
  "PUSH1 0x20 ", 
  "ADD ", 
  "SWAP1 ", 
  "SWAP2 ", 
  "SWAP1 ", 
  "DUP1 ", 
  "CALLDATALOAD ", 
  "SWAP1 ", 
  "PUSH1 0x20 ", 
  "ADD ", 
  "SWAP1 ", 
  "DUP3 ", 
  "ADD ", 
  "DUP1 ", 
  "CALLDATALOAD ", 
  "SWAP1 ", 
  "PUSH1 0x20 ", 
  "ADD ", 
  "SWAP1 ", 
  "DUP1 ", 
  "DUP1 ", 
  "PUSH1 0x1f ", 
  "ADD ", 
  "PUSH1 0x20 ", 
  "DUP1 ", 
  "SWAP2 ", 
  "DIV ", 
  "MUL ", 
  "PUSH1 0x20 ", 
  "ADD ", 
  "PUSH1 0x40 ", 
  "MLOAD ", 
  "SWAP1 ", 
  "DUP2 ", 
  "ADD ", 
  "PUSH1 0x40 ", 
  "MSTORE ", 
  "DUP1 ", 
  "SWAP4 ", 
  "SWAP3 ", 
  "SWAP2 ", 
  "SWAP1 ", 
  "DUP2 ", 
  "DUP2 ", 
  "MSTORE ", 
  "PUSH1 0x20 ", 
  "ADD ", 
  "DUP4 ", 
  "DUP4 ", 
  "DUP1 ", 
  "DUP3 ", 
  "DUP5 ", 
  "CALLDATACOPY ", 
  "DUP3 ", 
  "ADD ", 
  "SWAP2 ", 
  "POP ", 
  "POP ", 
  "POP ", 
  "POP ", 
  "POP ", 
  "POP ", 
  "SWAP2 ", 
  "SWAP1 ", 
  "DUP1 ", 
  "CALLDATALOAD ", 
  "SWAP1 ", 
  "PUSH1 0x20 ", 
  "ADD ", 
  "SWAP1 ", 
  "DUP3 ", 
  "ADD ", 
  "DUP1 ", 
  "CALLDATALOAD ", 
  "SWAP1 ", 
  "PUSH1 0x20 ", 
  "ADD ", 
  "SWAP1 ", 
  "DUP1 ", 
  "DUP1 ", 
  "PUSH1 0x1f ", 
  "ADD ", 
  "PUSH1 0x20 ", 
  "DUP1 ", 
  "SWAP2 ", 
  "DIV ", 
  "MUL ", 
  "PUSH1 0x20 ", 
  "ADD ", 
  "PUSH1 0x40 ", 
  "MLOAD ", 
  "SWAP1 ", 
  "DUP2 ", 
  "ADD ", 
  "PUSH1 0x40 ", 
  "MSTORE ", 
  "DUP1 ", 
  "SWAP4 ", 
  "SWAP3 ", 
  "SWAP2 ", 
  "SWAP1 ", 
  "DUP2 ", 
  "DUP2 ", 
  "MSTORE ", 
  "PUSH1 0x20 ", 
  "ADD ", 
  "DUP4 ", 
  "DUP4 ", 
  "DUP1 ", 
  "DUP3 ", 
  "DUP5 ", 
  "CALLDATACOPY ", 
  "DUP3 ", 
  "ADD ", 
  "SWAP2 ", 
  "POP ", 
  "POP ", 
  "POP ", 
  "POP ", 
  "POP ", 
  "POP ", 
  "SWAP2 ", 
  "SWAP1 ", 
  "POP ", 
  "POP ", 
  "PUSH2 0x1373 ", 
  "JUMP ", 
  "JUMPDEST ", 
  "PUSH1 0x40 ", 
  "MLOAD ", 
  "DUP1 ", 
  "DUP3 ", 
  "DUP2 ", 
  "MSTORE ", 
  "PUSH1 0x20 ", 
  "ADD ", 
  "SWAP2 ", 
  "POP ", 
  "POP ", 
  "PUSH1 0x40 ", 
  "MLOAD ", 
  "DUP1 ", 
  "SWAP2 ", 
  "SUB ", 
  "SWAP1 ", 
  "RETURN ", 
  "JUMPDEST ", 
  "CALLVALUE ", 
  "ISZERO ", 
  "PUSH2 0x06bf ", 
  "JUMPI ", 
  "PUSH1 0x00 ", 
  "DUP1 ", 
  "REVERT ", 
  "JUMPDEST ", 
  "PUSH2 0x077a ", 
  "PUSH1 0x04 ", 
  "DUP1 ", 
  "DUP1 ", 
  "CALLDATALOAD ", 
  "PUSH20 0xffffffffffffffffffffffffffffffffffffffff ", 
  "AND ", 
  "SWAP1 ", 
  "PUSH1 0x20 ", 
  "ADD ", 
  "SWAP1 ", 
  "SWAP2 ", 
  "SWAP1 ", 
  "DUP1 ", 
  "CALLDATALOAD ", 
  "SWAP1 ", 
  "PUSH1 0x20 ", 
  "ADD ", 
  "SWAP1 ", 
  "SWAP2 ", 
  "SWAP1 ", 
  "DUP1 ", 
  "CALLDATALOAD ", 
  "SWAP1 ", 
  "PUSH1 0x20 ", 
  "ADD ", 
  "SWAP1 ", 
  "DUP3 ", 
  "ADD ", 
  "DUP1 ", 
  "CALLDATALOAD ", 
  "SWAP1 ", 
  "PUSH1 0x20 ", 
  "ADD ", 
  "SWAP1 ", 
  "DUP1 ", 
  "DUP1 ", 
  "PUSH1 0x1f ", 
  "ADD ", 
  "PUSH1 0x20 ", 
  "DUP1 ", 
  "SWAP2 ", 
  "DIV ", 
  "MUL ", 
  "PUSH1 0x20 ", 
  "ADD ", 
  "PUSH1 0x40 ", 
  "MLOAD ", 
  "SWAP1 ", 
  "DUP2 ", 
  "ADD ", 
  "PUSH1 0x40 ", 
  "MSTORE ", 
  "DUP1 ", 
  "SWAP4 ", 
  "SWAP3 ", 
  "SWAP2 ", 
  "SWAP1 ", 
  "DUP2 ", 
  "DUP2 ", 
  "MSTORE ", 
  "PUSH1 0x20 ", 
  "ADD ", 
  "DUP4 ", 
  "DUP4 ", 
  "DUP1 ", 
  "DUP3 ", 
  "DUP5 ", 
  "CALLDATACOPY ", 
  "DUP3 ", 
  "ADD ", 
  "SWAP2 ", 
  "POP ", 
  "POP ", 
  "POP ", 
  "POP ", 
  "POP ", 
  "POP ", 
  "SWAP2 ", 
  "SWAP1 ", 
  "DUP1 ", 
  "CALLDATALOAD ", 
  "SWAP1 ", 
  "PUSH1 0x20 ", 
  "ADD ", 
  "SWAP1 ", 
  "DUP3 ", 
  "ADD ", 
  "DUP1 ", 
  "CALLDATALOAD ", 
  "SWAP1 ", 
  "PUSH1 0x20 ", 
  "ADD ", 
  "SWAP1 ", 
  "DUP1 ", 
  "DUP1 ", 
  "PUSH1 0x1f ", 
  "ADD ", 
  "PUSH1 0x20 ", 
  "DUP1 ", 
  "SWAP2 ", 
  "DIV ", 
  "MUL ", 
  "PUSH1 0x20 ", 
  "ADD ", 
  "PUSH1 0x40 ", 
  "MLOAD ", 
  "SWAP1 ", 
  "DUP2 ", 
  "ADD ", 
  "PUSH1 0x40 ", 
  "MSTORE ", 
  "DUP1 ", 
  "SWAP4 ", 
  "SWAP3 ", 
  "SWAP2 ", 
  "SWAP1 ", 
  "DUP2 ", 
  "DUP2 ", 
  "MSTORE ", 
  "PUSH1 0x20 ", 
  "ADD ", 
  "DUP4 ", 
  "DUP4 ", 
  "DUP1 ", 
  "DUP3 ", 
  "DUP5 ", 
  "CALLDATACOPY ", 
  "DUP3 ", 
  "ADD ", 
  "SWAP2 ", 
  "POP ", 
  "POP ", 
  "POP ", 
  "POP ", 
  "POP ", 
  "POP ", 
  "SWAP2 ", 
  "SWAP1 ", 
  "POP ", 
  "POP ", 
  "PUSH2 0x1663 ", 
  "JUMP ", 
  "JUMPDEST ", 
  "PUSH1 0x40 ", 
  "MLOAD ", 
  "DUP1 ", 
  "DUP3 ", 
  "DUP2 ", 
  "MSTORE ", 
  "PUSH1 0x20 ", 
  "ADD ", 
  "SWAP2 ", 
  "POP ", 
  "POP ", 
  "PUSH1 0x40 ", 
  "MLOAD ", 
  "DUP1 ", 
  "SWAP2 ", 
  "SUB ", 
  "SWAP1 ", 
  "RETURN ", 
  "JUMPDEST ", 
  "CALLVALUE ", 
  "ISZERO ", 
  "PUSH2 0x079b ", 
  "JUMPI ", 
  "PUSH1 0x00 ", 
  "DUP1 ", 
  "REVERT ", 
  "JUMPDEST ", 
  "PUSH2 0x07c3 ", 
  "PUSH1 0x04 ", 
  "DUP1 ", 
  "DUP1 ", 
  "CALLDATALOAD ", 
  "SWAP1 ", 
  "PUSH1 0x20 ", 
  "ADD ", 
  "SWAP1 ", 
  "SWAP2 ", 
  "SWAP1 ", 
  "DUP1 ", 
  "CALLDATALOAD ", 
  "SWAP1 ", 
  "PUSH1 0x20 ", 
  "ADD ", 
  "SWAP1 ", 
  "SWAP2 ", 
  "SWAP1 ", 
  "DUP1 ", 
  "CALLDATALOAD ", 
  "SWAP1 ", 
  "PUSH1 0x20 ", 
  "ADD ", 
  "SWAP1 ", 
  "SWAP2 ", 
  "SWAP1 ", 
  "POP ", 
  "POP ", 
  "PUSH2 0x16d3 ", 
  "JUMP ", 
  "JUMPDEST ", 
  "STOP ", 
  "JUMPDEST ", 
  "CALLVALUE ", 
  "ISZERO ", 
  "PUSH2 0x07d0 ", 
  "JUMPI ", 
  "PUSH1 0x00 ", 
  "DUP1 ", 
  "REVERT ", 
  "JUMPDEST ", 
  "PUSH2 0x083f ", 
  "PUSH1 0x04 ", 
  "DUP1 ", 
  "DUP1 ", 
  "CALLDATALOAD ", 
  "PUSH20 0xffffffffffffffffffffffffffffffffffffffff ", 
  "AND ", 
  "SWAP1 ", 
  "PUSH1 0x20 ", 
  "ADD ", 
  "SWAP1 ", 
  "SWAP2 ", 
  "SWAP1 ", 
  "DUP1 ", 
  "CALLDATALOAD ", 
  "SWAP1 ", 
  "PUSH1 0x20 ", 
  "ADD ", 
  "SWAP1 ", 
  "DUP3 ", 
  "ADD ", 
  "DUP1 ", 
  "CALLDATALOAD ", 
  "SWAP1 ", 
  "PUSH1 0x20 ", 
  "ADD ", 
  "SWAP1 ", 
  "DUP1 ", 
  "DUP1 ", 
  "PUSH1 0x1f ", 
  "ADD ", 
  "PUSH1 0x20 ", 
  "DUP1 ", 
  "SWAP2 ", 
  "DIV ", 
  "MUL ", 
  "PUSH1 0x20 ", 
  "ADD ", 
  "PUSH1 0x40 ", 
  "MLOAD ", 
  "SWAP1 ", 
  "DUP2 ", 
  "ADD ", 
  "PUSH1 0x40 ", 
  "MSTORE ", 
  "DUP1 ", 
  "SWAP4 ", 
  "SWAP3 ", 
  "SWAP2 ", 
  "SWAP1 ", 
  "DUP2 ", 
  "DUP2 ", 
  "MSTORE ", 
  "PUSH1 0x20 ", 
  "ADD ", 
  "DUP4 ", 
  "DUP4 ", 
  "DUP1 ", 
  "DUP3 ", 
  "DUP5 ", 
  "CALLDATACOPY ", 
  "DUP3 ", 
  "ADD ", 
  "SWAP2 ", 
  "POP ", 
  "POP ", 
  "POP ", 
  "POP ", 
  "POP ", 
  "POP ", 
  "SWAP2 ", 
  "SWAP1 ", 
  "POP ", 
  "POP ", 
  "PUSH2 0x1795 ", 
  "JUMP ", 
  "JUMPDEST ", 
  "STOP ", 
  "JUMPDEST ", 
  "CALLVALUE ", 
  "ISZERO ", 
  "PUSH2 0x084c ", 
  "JUMPI ", 
  "PUSH1 0x00 ", 
  "DUP1 ", 
  "REVERT ", 
  "JUMPDEST ", 
  "PUSH2 0x08b0 ", 
  "PUSH1 0x04 ", 
  "DUP1 ", 
  "DUP1 ", 
  "CALLDATALOAD ", 
  "SWAP1 ", 
  "PUSH1 0x20 ", 
  "ADD ", 
  "SWAP1 ", 
  "SWAP2 ", 
  "SWAP1 ", 
  "DUP1 ", 
  "CALLDATALOAD ", 
  "ISZERO ", 
  "ISZERO ", 
  "SWAP1 ", 
  "PUSH1 0x20 ", 
  "ADD ", 
  "SWAP1 ", 
  "SWAP2 ", 
  "SWAP1 ", 
  "DUP1 ", 
  "CALLDATALOAD ", 
  "SWAP1 ", 
  "PUSH1 0x20 ", 
  "ADD ", 
  "SWAP1 ", 
  "DUP3 ", 
  "ADD ", 
  "DUP1 ", 
  "CALLDATALOAD ", 
  "SWAP1 ", 
  "PUSH1 0x20 ", 
  "ADD ", 
  "SWAP1 ", 
  "DUP1 ", 
  "DUP1 ", 
  "PUSH1 0x1f ", 
  "ADD ", 
  "PUSH1 0x20 ", 
  "DUP1 ", 
  "SWAP2 ", 
  "DIV ", 
  "MUL ", 
  "PUSH1 0x20 ", 
  "ADD ", 
  "PUSH1 0x40 ", 
  "MLOAD ", 
  "SWAP1 ", 
  "DUP2 ", 
  "ADD ", 
  "PUSH1 0x40 ", 
  "MSTORE ", 
  "DUP1 ", 
  "SWAP4 ", 
  "SWAP3 ", 
  "SWAP2 ", 
  "SWAP1 ", 
  "DUP2 ", 
  "DUP2 ", 
  "MSTORE ", 
  "PUSH1 0x20 ", 
  "ADD ", 
  "DUP4 ", 
  "DUP4 ", 
  "DUP1 ", 
  "DUP3 ", 
  "DUP5 ", 
  "CALLDATACOPY ", 
  "DUP3 ", 
  "ADD ", 
  "SWAP2 ", 
  "POP ", 
  "POP ", 
  "POP ", 
  "POP ", 
  "POP ", 
  "POP ", 
  "SWAP2 ", 
  "SWAP1 ", 
  "POP ", 
  "POP ", 
  "PUSH2 0x19d2 ", 
  "ADD ", 
  "JUMP ", 
  "JUMPDEST ", 
  "PUSH1 0x40 ", 
  "MLOAD ", 
  "DUP1 ", 
  "DUP3 ", 
  "DUP2 ", 
  "MSTORE ", 
  "PUSH1 0x20 ", 
  "ADD ", 
  "SWAP2 ", 
  "POP ", 
  "POP ", 
  "PUSH1 0x40 ", 
  "MLOAD ", 
  "DUP1 ", 
  "SWAP2 ", 
  "SUB ", 
  "SWAP1 ", 
  "RETURN ", 
  "JUMPDEST ", 
  "CALLVALUE ", 
  "ISZERO ", 
  "PUSH2 0x08d1 ", 
  "JUMPI ", 
  "PUSH1 0x00 ", 
  "DUP1 ", 
  "REVERT ", 
  "JUMPDEST ", 
  "PUSH2 0x0952 ", 
  "PUSH1 0x04 ", 
  "DUP1 ", 
  "DUP1 ", 
  "CALLDATALOAD ", 
  "SWAP1 ", 
  "PUSH1 0x20 ", 
  "ADD ", 
  "SWAP1 ", 
  "SWAP2 ", 
  "SWAP1 ", 
  "DUP1 ", 
  "CALLDATALOAD ", 
  "PUSH20 0xffffffffffffffffffffffffffffffffffffffff ", 
  "AND ", 
  "SWAP1 ", 
  "PUSH1 0x20 ", 
  "ADD ", 
  "SWAP1 ", 
  "SWAP2 ", 
  "SWAP1 ", 
  "DUP1 ", 
  "CALLDATALOAD ", 
  "SWAP1 ", 
  "PUSH1 0x20 ", 
  "ADD ", 
  "SWAP1 ", 
  "SWAP2 ", 
  "SWAP1 ", 
  "DUP1 ", 
  "CALLDATALOAD ", 
  "SWAP1 ", 
  "PUSH1 0x20 ", 
  "ADD ", 
  "SWAP1 ", 
  "DUP3 ", 
  "ADD ", 
  "DUP1 ", 
  "CALLDATALOAD ", 
  "SWAP1 ", 
  "PUSH1 0x20 ", 
  "ADD ", 
  "SWAP1 ", 
  "DUP1 ", 
  "DUP1 ", 
  "PUSH1 0x1f ", 
  "ADD ", 
  "PUSH1 0x20 ", 
  "DUP1 ", 
  "SWAP2 ", 
  "DIV ", 
  "MUL ", 
  "PUSH1 0x20 ", 
  "ADD ", 
  "PUSH1 0x40 ", 
  "MLOAD ", 
  "SWAP1 ", 
  "DUP2 ", 
  "ADD ", 
  "PUSH1 0x40 ", 
  "MSTORE ", 
  "DUP1 ", 
  "SWAP4 ", 
  "SWAP3 ", 
  "SWAP2 ", 
  "SWAP1 ", 
  "DUP2 ", 
  "DUP2 ", 
  "MSTORE ", 
  "PUSH1 0x20 ", 
  "ADD ", 
  "DUP4 ", 
  "DUP4 ", 
  "DUP1 ", 
  "DUP3 ", 
  "DUP5 ", 
  "CALLDATACOPY ", 
  "DUP3 ", 
  "ADD ", 
  "SWAP2 ", 
  "POP ", 
  "POP ", 
  "POP ", 
  "POP ", 
  "POP ", 
  "POP ", 
  "SWAP2 ", 
  "SWAP1 ", 
  "POP ", 
  "POP ", 
  "PUSH2 0x1c34 ", 
  "JUMP ", 
  "JUMPDEST ", 
  "PUSH1 0x40 ", 
  "MLOAD ", 
  "DUP1 ", 
  "DUP3 ", 
  "ISZERO ", 
  "ISZERO ", 
  "ISZERO ", 
  "ISZERO ", 
  "DUP2 ", 
  "MSTORE ", 
  "PUSH1 0x20 ", 
  "ADD ", 
  "SWAP2 ", 
  "POP ", 
  "POP ", 
  "PUSH1 0x40 ", 
  "MLOAD ", 
  "DUP1 ", 
  "SWAP2 ", 
  "SUB ", 
  "SWAP1 ", 
  "RETURN ", 
  "JUMPDEST ", 
  "CALLVALUE ", 
  "ISZERO ", 
  "PUSH2 0x0977 ", 
  "JUMPI ", 
  "PUSH1 0x00 ", 
  "DUP1 ", 
  "REVERT ", 
  "JUMPDEST ", 
  "PUSH2 0x09a3 ", 
  "PUSH1 0x04 ", 
  "DUP1 ", 
  "DUP1 ", 
  "CALLDATALOAD ", 
  "PUSH20 0xffffffffffffffffffffffffffffffffffffffff ", 
  "AND ", 
  "SWAP1 ", 
  "PUSH1 0x20 ", 
  "ADD ", 
  "SWAP1 ", 
  "SWAP2 ", 
  "SWAP1 ", 
  "POP ", 
  "POP ", 
  "PUSH2 0x1d1d ", 
  "JUMP ", 
  "JUMPDEST ", 
  "STOP ", 
  "ASSERTFAIL ", 
  "JUMP ", 
  "PUSH2 0x0100 ", 
  "DUP1 ", 
  "DUP4 ", 
  "SLOAD ", 
  "DIV ", 
  "MUL ", 
  "DUP4 ", 
  "MSTORE ", 
  "SWAP2 ", 
  "PUSH1 0x20 ", 
  "ADD ", 
  "SWAP2 ", 
  "PUSH2 0x0a8c ", 
  "JUMP ", 
  "JUMPDEST ", 
  "JUMPDEST ", 
  "PUSH1 0x00 ", 
  "DUP1 ", 
  "PUSH1 0x00 ", 
  "SWAP1 ", 
  "SLOAD ", 
  "SWAP1 ", 
  "PUSH2 0x0100 ", 
  "EXP ", 
  "SWAP1 ", 
  "DIV ", 
  "PUSH20 0xffffffffffffffffffffffffffffffffffffffff ", 
  "AND ", 
  "PUSH20 0xffffffffffffffffffffffffffffffffffffffff ", 
  "AND ", 
  "CALLER ", 
  "PUSH20 0xffffffffffffffffffffffffffffffffffffffff ", 
  "AND ", 
  "EQ ", 
  "ISZERO ", 
  "ISZERO ", 
  "PUSH2 0x0b31 ", 
  "JUMPI ", 
  "PUSH1 0x00 ", 
  "DUP1 ", 
  "REVERT ", 
  "JUMPDEST ", 
  "PUSH1 0x00 ", 
  "PUSH1 0x06 ", 
  "PUSH1 0x00 ", 
  "DUP5 ", 
  "PUSH20 0xffffffffffffffffffffffffffffffffffffffff ", 
  "AND ", 
  "PUSH20 0xffffffffffffffffffffffffffffffffffffffff ", 
  "AND ", 
  "DUP2 ", 
  "MSTORE ", 
  "PUSH1 0x20 ", 
  "ADD ", 
  "SWAP1 ", 
  "DUP2 ", 
  "MSTORE ", 
  "PUSH1 0x20 ", 
  "ADD ", 
  "PUSH1 0x00 ", 
  "SHA3 ", 
  "SLOAD ", 
  "EQ ", 
  "ISZERO ", 
  "ISZERO ", 
  "ISZERO ", 
  "PUSH2 0x0b80 ", 
  "JUMPI ", 
  "PUSH1 0x00 ", 
  "DUP1 ", 
  "REVERT ", 
  "JUMPDEST ", 
  "PUSH1 0x06 ", 
  "PUSH1 0x00 ", 
  "DUP4 ", 
  "PUSH20 0xffffffffffffffffffffffffffffffffffffffff ", 
  "AND ", 
  "PUSH20 0xffffffffffffffffffffffffffffffffffffffff ", 
  "AND ", 
  "DUP2 ", 
  "MSTORE ", 
  "PUSH1 0x20 ", 
  "ADD ", 
  "SWAP1 ", 
  "DUP2 ", 
  "MSTORE ", 
  "PUSH1 0x20 ", 
  "ADD ", 
  "PUSH1 0x00 ", 
  "SHA3 ", 
  "SLOAD ", 
  "SWAP1 ", 
  "POP ", 
  "JUMPDEST ", 
  "PUSH1 0x01 ", 
  "PUSH1 0x07 ", 
  "DUP1 ", 
  "SLOAD ", 
  "SWAP1 ", 
  "POP ", 
  "SUB ", 
  "DUP2 ", 
  "LT ", 
  "ISZERO ", 
  "PUSH2 0x0cb9 ", 
  "JUMPI ", 
  "PUSH1 0x07 ", 
  "PUSH1 0x01 ", 
  "DUP3 ", 
  "ADD ", 
  "DUP2 ", 
  "SLOAD ", 
  "DUP2 ", 
  "LT ", 
  "ISZERO ", 
  "ISZERO ", 
  "PUSH2 0x0be5 ", 
  "JUMPI ", 
  "ASSERTFAIL ", 
  "JUMPDEST ", 
  "SWAP1 ", 
  "PUSH1 0x00 ", 
  "MSTORE ", 
  "PUSH1 0x20 ", 
  "PUSH1 0x00 ", 
  "SHA3 ", 
  "SWAP1 ", 
  "PUSH1 0x03 ", 
  "MUL ", 
  "ADD ", 
  "PUSH1 0x07 ", 
  "DUP3 ", 
  "DUP2 ", 
  "SLOAD ", 
  "DUP2 ", 
  "LT ", 
  "ISZERO ", 
  "ISZERO ", 
  "PUSH2 0x0c02 ", 
  "JUMPI ", 
  "ASSERTFAIL ", 
  "JUMPDEST ", 
  "SWAP1 ", 
  "PUSH1 0x00 ", 
  "MSTORE ", 
  "PUSH1 0x20 ", 
  "PUSH1 0x00 ", 
  "SHA3 ", 
  "SWAP1 ", 
  "PUSH1 0x03 ", 
  "DUP2 ", 
  "MUL ", 
  "ADD ", 
  "PUSH1 0x00 ", 
  "DUP3 ", 
  "ADD ", 
  "PUSH1 0x00 ", 
  "SWAP1 ", 
  "SLOAD ", 
  "SWAP1 ", 
  "PUSH2 0x0100 ", 
  "EXP ", 
  "SWAP1 ", 
  "DIV ", 
  "PUSH20 0xffffffffffffffffffffffffffffffffffffffff ", 
  "AND ", 
  "DUP2 ", 
  "PUSH1 0x00 ", 
  "ADD ", 
  "PUSH1 0x00 ", 
  "PUSH2 0x0100 ", 
  "EXP ", 
  "DUP2 ", 
  "SLOAD ", 
  "DUP2 ", 
  "PUSH20 0xffffffffffffffffffffffffffffffffffffffff ", 
  "MUL ", 
  "NOT ", 
  "AND ", 
  "SWAP1 ", 
  "DUP4 ", 
  "PUSH20 0xffffffffffffffffffffffffffffffffffffffff ", 
  "AND ", 
  "MUL ", 
  "OR ", 
  "SWAP1 ", 
  "SSTORE ", 
  "POP ", 
  "PUSH1 0x01 ", 
  "DUP3 ", 
  "ADD ", 
  "DUP2 ", 
  "PUSH1 0x01 ", 
  "ADD ", 
  "SWAP1 ", 
  "DUP1 ", 
  "SLOAD ", 
  "PUSH1 0x01 ", 
  "DUP2 ", 
  "PUSH1 0x01 ", 
  "AND ", 
  "ISZERO ", 
  "PUSH2 0x0100 ", 
  "PUSH1 0x01 ", 
  "MUL ", 
  "SUB ", 
  "AND ", 
  "PUSH1 0x02 ", 
  "SWAP1 ", 
  "DIV ", 
  "PUSH2 0x0c9e ", 
  "SWAP3 ", 
  "SWAP2 ", 
  "SWAP1 ", 
  "PUSH2 0x1dbb ", 
  "JUMP ", 
  "JUMPDEST ", 
  "POP ", 
  "PUSH1 0x02 ", 
  "DUP3 ", 
  "ADD ", 
  "SLOAD ", 
  "DUP2 ", 
  "PUSH1 0x02 ", 
  "ADD ", 
  "SSTORE ", 
  "SWAP1 ", 
  "POP ", 
  "POP ", 
  "DUP1 ", 
  "DUP1 ", 
  "PUSH1 0x01 ", 
  "ADD ", 
  "SWAP2 ", 
  "POP ", 
  "POP ", 
  "PUSH2 0x0bc3 ", 
  "JUMP ", 
  "JUMPDEST ", 
  "PUSH1 0x07 ", 
  "PUSH1 0x01 ", 
  "PUSH1 0x07 ", 
  "DUP1 ", 
  "SLOAD ", 
  "SWAP1 ", 
  "POP ", 
  "SUB ", 
  "DUP2 ", 
  "SLOAD ", 
  "DUP2 ", 
  "LT ", 
  "ISZERO ", 
  "ISZERO ", 
  "PUSH2 0x0cd0 ", 
  "JUMPI ", 
  "ASSERTFAIL ", 
  "JUMPDEST ", 
  "SWAP1 ", 
  "PUSH1 0x00 ", 
  "MSTORE ", 
  "PUSH1 0x20 ", 
  "PUSH1 0x00 ", 
  "SHA3 ", 
  "SWAP1 ", 
  "PUSH1 0x03 ", 
  "MUL ", 
  "ADD ", 
  "PUSH1 0x00 ", 
  "DUP1 ", 
  "DUP3 ", 
  "ADD ", 
  "PUSH1 0x00 ", 
  "PUSH2 0x0100 ", 
  "EXP ", 
  "DUP2 ", 
  "SLOAD ", 
  "SWAP1 ", 
  "PUSH20 0xffffffffffffffffffffffffffffffffffffffff ", 
  "MUL ", 
  "NOT ", 
  "AND ", 
  "SWAP1 ", 
  "SSTORE ", 
  "PUSH1 0x01 ", 
  "DUP3 ", 
  "ADD ", 
  "PUSH1 0x00 ", 
  "PUSH2 0x0d16 ", 
  "SWAP2 ", 
  "SWAP1 ", 
  "PUSH2 0x1e42 ", 
  "JUMP ", 
  "JUMPDEST ", 
  "PUSH1 0x02 ", 
  "DUP3 ", 
  "ADD ", 
  "PUSH1 0x00 ", 
  "SWAP1 ", 
  "SSTORE ", 
  "POP ", 
  "POP ", 
  "PUSH1 0x07 ", 
  "DUP1 ", 
  "SLOAD ", 
  "DUP1 ", 
  "SWAP2 ", 
  "SWAP1 ", 
  "PUSH1 0x01 ", 
  "SWAP1 ", 
  "SUB ", 
  "PUSH2 0x0d35 ", 
  "SWAP2 ", 
  "SWAP1 ", 
  "PUSH2 0x1e8a ", 
  "JUMP ", 
  "JUMPDEST ", 
  "POP ", 
  "POP ", 
  "POP ", 
  "JUMP ", 
  "JUMPDEST ", 
  "PUSH1 0x00 ", 
  "PUSH1 0x04 ", 
  "DUP4 ", 
  "DUP2 ", 
  "SLOAD ", 
  "DUP2 ", 
  "LT ", 
  "ISZERO ", 
  "ISZERO ", 
  "PUSH2 0x0d4b ", 
  "JUMPI ", 
  "ASSERTFAIL ", 
  "JUMPDEST ", 
  "SWAP1 ", 
  "PUSH1 0x00 ", 
  "MSTORE ", 
  "PUSH1 0x20 ", 
  "PUSH1 0x00 ", 
  "SHA3 ", 
  "SWAP1 ", 
  "PUSH1 0x0a ", 
  "MUL ", 
  "ADD ", 
  "SWAP1 ", 
  "POP ", 
  "DUP1 ", 
  "PUSH1 0x03 ", 
  "ADD ", 
  "SLOAD ", 
  "TIMESTAMP ", 
  "GT ", 
  "DUP1 ", 
  "ISZERO ", 
  "PUSH2 0x0d7d ", 
  "JUMPI ", 
  "POP ", 
  "DUP1 ", 
  "PUSH1 0x04 ", 
  "ADD ", 
  "PUSH1 0x00 ", 
  "SWAP1 ", 
  "SLOAD ", 
  "SWAP1 ", 
  "PUSH2 0x0100 ", 
  "EXP ", 
  "SWAP1 ", 
  "DIV ", 
  "PUSH1 0xff ", 
  "AND ", 
  "ISZERO ", 
  "JUMPDEST ", 
  "DUP1 ", 
  "ISZERO ", 
  "PUSH2 0x0e69 ", 
  "JUMPI ", 
  "POP ", 
  "DUP1 ", 
  "PUSH1 0x00 ", 
  "ADD ", 
  "PUSH1 0x00 ", 
  "SWAP1 ", 
  "SLOAD ", 
  "SWAP1 ", 
  "PUSH2 0x0100 ", 
  "EXP ", 
  "SWAP1 ", 
  "DIV ", 
  "PUSH20 0xffffffffffffffffffffffffffffffffffffffff ", 
  "AND ", 
  "DUP2 ", 
  "PUSH1 0x01 ", 
  "ADD ", 
  "SLOAD ", 
  "DUP4 ", 
  "PUSH1 0x40 ", 
  "MLOAD ", 
  "DUP1 ", 
  "DUP5 ", 
  "PUSH20 0xffffffffffffffffffffffffffffffffffffffff ", 
  "AND ", 
  "PUSH20 0xffffffffffffffffffffffffffffffffffffffff ", 
  "AND ", 
  "PUSH13 0x01000000000000000000000000 ", 
  "MUL ", 
  "DUP2 ", 
  "MSTORE ", 
  "PUSH1 0x14 ", 
  "ADD ", 
  "DUP4 ", 
  "DUP2 ", 
  "MSTORE ", 
  "PUSH1 0x20 ", 
  "ADD ", 
  "DUP3 ", 
  "DUP1 ", 
  "MLOAD ", 
  "SWAP1 ", 
  "PUSH1 0x20 ", 
  "ADD ", 
  "SWAP1 ", 
  "DUP1 ", 
  "DUP4 ", 
  "DUP4 ", 
  "JUMPDEST ", 
  "PUSH1 0x20 ", 
  "DUP4 ", 
  "LT ", 
  "ISZERO ", 
  "ISZERO ", 
  "PUSH2 0x0e2b ", 
  "JUMPI ", 
  "DUP1 ", 
  "MLOAD ", 
  "DUP3 ", 
  "MSTORE ", 
  "PUSH1 0x20 ", 
  "DUP3 ", 
  "ADD ", 
  "SWAP2 ", 
  "POP ", 
  "PUSH1 0x20 ", 
  "DUP2 ", 
  "ADD ", 
  "SWAP1 ", 
  "POP ", 
  "PUSH1 0x20 ", 
  "DUP4 ", 
  "SUB ", 
  "SWAP3 ", 
  "POP ", 
  "PUSH2 0x0e06 ", 
  "JUMP ", 
  "JUMPDEST ", 
  "PUSH1 0x01 ", 
  "DUP4 ", 
  "PUSH1 0x20 ", 
  "SUB ", 
  "PUSH2 0x0100 ", 
  "EXP ", 
  "SUB ", 
  "DUP1 ", 
  "NOT ", 
  "DUP3 ", 
  "MLOAD ", 
  "AND ", 
  "DUP2 ", 
  "DUP5 ", 
  "MLOAD ", 
  "AND ", 
  "DUP1 ", 
  "DUP3 ", 
  "OR ", 
  "DUP6 ", 
  "MSTORE ", 
  "POP ", 
  "POP ", 
  "POP ", 
  "POP ", 
  "POP ", 
  "POP ", 
  "SWAP1 ", 
  "POP ", 
  "ADD ", 
  "SWAP4 ", 
  "POP ", 
  "POP ", 
  "POP ", 
  "POP ", 
  "PUSH1 0x40 ", 
  "MLOAD ", 
  "DUP1 ", 
  "SWAP2 ", 
  "SUB ", 
  "SWAP1 ", 
  "SHA3 ", 
  "PUSH1 0x00 ", 
  "NOT ", 
  "AND ", 
  "DUP2 ", 
  "PUSH1 0x07 ", 
  "ADD ", 
  "SLOAD ", 
  "PUSH1 0x00 ", 
  "NOT ", 
  "AND ", 
  "EQ ", 
  "JUMPDEST ", 
  "DUP1 ", 
  "ISZERO ", 
  "PUSH2 0x0e7b ", 
  "JUMPI ", 
  "POP ", 
  "PUSH1 0x01 ", 
  "SLOAD ", 
  "DUP2 ", 
  "PUSH1 0x05 ", 
  "ADD ", 
  "SLOAD ", 
  "LT ", 
  "ISZERO ", 
  "JUMPDEST ", 
  "ISZERO ", 
  "ISZERO ", 
  "PUSH2 0x0e86 ", 
  "JUMPI ", 
  "PUSH1 0x00 ", 
  "DUP1 ", 
  "REVERT ", 
  "JUMPDEST ", 
  "PUSH1 0x03 ", 
  "SLOAD ", 
  "DUP2 ", 
  "PUSH1 0x06 ", 
  "ADD ", 
  "SLOAD ", 
  "SGT ", 
  "ISZERO ", 
  "PUSH2 0x0f8e ", 
  "JUMPI ", 
  "PUSH1 0x01 ", 
  "DUP2 ", 
  "PUSH1 0x04 ", 
  "ADD ", 
  "PUSH1 0x00 ", 
  "PUSH2 0x0100 ", 
  "EXP ", 
  "DUP2 ", 
  "SLOAD ", 
  "DUP2 ", 
  "PUSH1 0xff ", 
  "MUL ", 
  "NOT ", 
  "AND ", 
  "SWAP1 ", 
  "DUP4 ", 
  "ISZERO ", 
  "ISZERO ", 
  "MUL ", 
  "OR ", 
  "SWAP1 ", 
  "SSTORE ", 
  "POP ", 
  "DUP1 ", 
  "PUSH1 0x00 ", 
  "ADD ", 
  "PUSH1 0x00 ", 
  "SWAP1 ", 
  "SLOAD ", 
  "SWAP1 ", 
  "PUSH2 0x0100 ", 
  "EXP ", 
  "SWAP1 ", 
  "DIV ", 
  "PUSH20 0xffffffffffffffffffffffffffffffffffffffff ", 
  "AND ", 
  "PUSH20 0xffffffffffffffffffffffffffffffffffffffff ", 
  "AND ", 
  "DUP2 ", 
  "PUSH1 0x01 ", 
  "ADD ", 
  "SLOAD ", 
  "DUP4 ", 
  "PUSH1 0x40 ", 
  "MLOAD ", 
  "DUP1 ", 
  "DUP3 ", 
  "DUP1 ", 
  "MLOAD ", 
  "SWAP1 ", 
  "JUMPDEST ", 
  "ADD ", 
  "SWAP1 ", 
  "DUP1 ", 
  "DUP4 ", 
  "DUP4 ", 
  "PUSH1 0x00 ", 
  "JUMPDEST ", 
  "DUP4 ", 
  "DUP2 ", 
  "LT ", 
  "ISZERO ", 
  "PUSH2 0x0f1f ", 
  "JUMPI ", 
  "DUP1 ", 
  "DUP3 ", 
  "ADD ", 
  "MLOAD ", 
  "DUP2 ", 
  "DUP5 ", 
  "ADD ", 
  "MSTORE ", 
  "PUSH1 0x20 ", 
  "DUP2 ", 
  "ADD ", 
  "SWAP1 ", 
  "POP ", 
  "PUSH2 0x0f04 ", 
  "JUMP ", 
  "JUMPDEST ", 
  "POP ", 
  "POP ", 
  "POP ", 
  "POP ", 
  "SWAP1 ", 
  "POP ", 
  "SWAP1 ", 
  "DUP2 ", 
  "ADD ", 
  "SWAP1 ", 
  "PUSH1 0x1f ", 
  "AND ", 
  "DUP1 ", 
  "ISZERO ", 
  "PUSH2 0x0f4c ", 
  "JUMPI ", 
  "DUP1 ", 
  "DUP3 ", 
  "SUB ", 
  "DUP1 ", 
  "DUP3 ", 
  "PUSH1 0x01 ", 
  "DUP4 ", 
  "PUSH1 0x20 ", 
  "SUB ", 
  "PUSH2 0x0100 ", 
  "EXP ", 
  "SUB ", 
  "NOT ", 
  "AND ", 
  "DUP2 ", 
  "MSTORE ", 
  "PUSH1 0x20 ", 
  "ADD ", 
  "SWAP2 ", 
  "POP ", 
  "JUMPDEST ", 
  "POP ", 
  "SWAP2 ", 
  "POP ", 
  "POP ", 
  "PUSH1 0x00 ", 
  "PUSH1 0x40 ", 
  "MLOAD ", 
  "DUP1 ", 
  "DUP4 ", 
  "SUB ", 
  "DUP2 ", 
  "DUP6 ", 
  "DUP8 ", 
  "GAS ", 
  "CALL ", 
  "SWAP3 ", 
  "POP ", 
  "POP ", 
  "POP ", 
  "ISZERO ", 
  "ISZERO ", 
  "PUSH2 0x0f6c ", 
  "JUMPI ", 
  "PUSH1 0x00 ", 
  "DUP1 ", 
  "REVERT ", 
  "JUMPDEST ", 
  "PUSH1 0x01 ", 
  "DUP2 ", 
  "PUSH1 0x04 ", 
  "ADD ", 
  "PUSH1 0x01 ", 
  "PUSH2 0x0100 ", 
  "EXP ", 
  "DUP2 ", 
  "SLOAD ", 
  "DUP2 ", 
  "PUSH1 0xff ", 
  "MUL ", 
  "NOT ", 
  "AND ", 
  "SWAP1 ", 
  "DUP4 ", 
  "ISZERO ", 
  "ISZERO ", 
  "MUL ", 
  "OR ", 
  "SWAP1 ", 
  "SSTORE ", 
  "POP ", 
  "PUSH2 0x0fac ", 
  "JUMP ", 
  "JUMPDEST ", 
  "PUSH1 0x00 ", 
  "DUP2 ", 
  "PUSH1 0x04 ", 
  "ADD ", 
  "PUSH1 0x01 ", 
  "PUSH2 0x0100 ", 
  "EXP ", 
  "DUP2 ", 
  "SLOAD ", 
  "DUP2 ", 
  "PUSH1 0xff ", 
  "MUL ", 
  "NOT ", 
  "AND ", 
  "SWAP1 ", 
  "DUP4 ", 
  "ISZERO ", 
  "ISZERO ", 
  "MUL ", 
  "OR ", 
  "SWAP1 ", 
  "SSTORE ", 
  "POP ", 
  "JUMPDEST ", 
  "PUSH32 0xd220b7272a8b6d0d7d6bcdace67b936a8f175e6d5c1b3ee438b72256b32ab3af ", 
  "DUP4 ", 
  "DUP3 ", 
  "PUSH1 0x06 ", 
  "ADD ", 
  "SLOAD ", 
  "DUP4 ", 
  "PUSH1 0x05 ", 
  "ADD ", 
  "SLOAD ", 
  "DUP5 ", 
  "PUSH1 0x04 ", 
  "ADD ", 
  "PUSH1 0x01 ", 
  "SWAP1 ", 
  "SLOAD ", 
  "SWAP1 ", 
  "PUSH2 0x0100 ", 
  "EXP ", 
  "SWAP1 ", 
  "DIV ", 
  "PUSH1 0xff ", 
  "AND ", 
  "JUMPI ", 
  "MLOAD ", 
  "DUP1 ", 
  "DUP6 ", 
  "DUP2 ", 
  "MSTORE ", 
  "PUSH1 0x20 ", 
  "ADD ", 
  "DUP5 ", 
  "DUP2 ", 
  "MSTORE ", 
  "PUSH1 0x20 ", 
  "ADD ", 
  "DUP4 ", 
  "DUP2 ", 
  "MSTORE ", 
  "PUSH1 0x20 ", 
  "ADD ", 
  "DUP3 ", 
  "ISZERO ", 
  "ISZERO ", 
  "ISZERO ", 
  "ISZERO ", 
  "DUP2 ", 
  "MSTORE ", 
  "PUSH1 0x20 ", 
  "ADD ", 
  "SWAP5 ", 
  "POP ", 
  "POP ", 
  "POP ", 
  "POP ", 
  "POP ", 
  "PUSH1 0x40 ", 
  "MLOAD ", 
  "DUP1 ", 
  "SWAP2 ", 
  "SUB ", 
  "SWAP1 ", 
  "LOG1 ", 
  "POP ", 
  "POP ", 
  "POP ", 
  "JUMP ", 
  "JUMPDEST ", 
  "PUSH1 0x06 ", 
  "PUSH1 0x20 ", 
  "MSTORE ", 
  "DUP1 ", 
  "PUSH1 0x00 ", 
  "MSTORE ", 
  "PUSH1 0x40 ", 
  "PUSH1 0x00 ", 
  "SHA3 ", 
  "PUSH1 0x00 ", 
  "SWAP2 ", 
  "POP ", 
  "SWAP1 ", 
  "POP ", 
  "SLOAD ", 
  "DUP2 ", 
  "JUMP ", 
  "JUMPDEST ", 
  "PUSH1 0x05 ", 
  "SLOAD ", 
  "DUP2 ", 
  "JUMP ", 
  "JUMPDEST ", 
  "PUSH1 0x07 ", 
  "DUP2 ", 
  "DUP2 ", 
  "SLOAD ", 
  "DUP2 ", 
  "LT ", 
  "ISZERO ", 
  "ISZERO ", 
  "PUSH2 0x104a ", 
  "DUP1 ", 
  "JUMPI ", 
  "ASSERTFAIL ", 
  "JUMPDEST ", 
  "SWAP1 ", 
  "PUSH1 0x00 ", 
  "MSTORE ", 
  "PUSH1 0x20 ", 
  "PUSH1 0x00 ", 
  "SHA3 ", 
  "SWAP1 ", 
  "PUSH1 0x03 ", 
  "MUL ", 
  "ADD ", 
  "PUSH1 0x00 ", 
  "SWAP2 ", 
  "POP ", 
  "SWAP1 ", 
  "POP ", 
  "DUP1 ", 
  "PUSH1 0x00 ", 
  "ADD ", 
  "PUSH1 0x00 ", 
  "SWAP1 ", 
  "SLOAD ", 
  "SWAP1 ", 
  "PUSH2 0x0100 ", 
  "EXP ", 
  "SWAP1 ", 
  "DIV ", 
  "PUSH20 0xffffffffffffffffffffffffffffffffffffffff ", 
  "ADD ", 
  "AND ", 
  "SWAP1 ", 
  "DUP1 ", 
  "PUSH1 0x01 ", 
  "ADD ", 
  "DUP1 ", 
  "SLOAD ", 
  "PUSH1 0x01 ", 
  "DUP2 ", 
  "PUSH1 0x01 ", 
  "AND ", 
  "ISZERO ", 
  "PUSH2 0x0100 ", 
  "MUL ", 
  "SUB ", 
  "AND ", 
  "PUSH1 0x02 ", 
  "SWAP1 ", 
  "DIV ", 
  "DUP1 ", 
  "PUSH1 0x1f ", 
  "ADD ", 
  "PUSH1 0x20 ", 
  "DUP1 ", 
  "SWAP2 ", 
  "DIV ", 
  "MUL ", 
  "PUSH1 0x20 ", 
  "ADD ", 
  "PUSH1 0x40 ", 
  "MLOAD ", 
  "SWAP1 ", 
  "DUP2 ", 
  "ADD ", 
  "PUSH1 0x40 ", 
  "MSTORE ", 
  "DUP1 ", 
  "SWAP3 ", 
  "SWAP2 ", 
  "SWAP1 ", 
  "DUP2 ", 
  "DUP2 ", 
  "MSTORE ", 
  "PUSH1 0x20 ", 
  "ADD ", 
  "DUP3 ", 
  "DUP1 ", 
  "SLOAD ", 
  "PUSH1 0x01 ", 
  "DUP2 ", 
  "PUSH1 0x01 ", 
  "AND ", 
  "ISZERO ", 
  "PUSH2 0x0100 ", 
  "MUL ", 
  "SUB ", 
  "AND ", 
  "PUSH1 0x02 ", 
  "SWAP1 ", 
  "DIV ", 
  "DUP1 ", 
  "ISZERO ", 
  "PUSH2 0x111c ", 
  "JUMPI ", 
  "DUP1 ", 
  "PUSH1 0x1f ", 
  "LT ", 
  "PUSH2 0x10f1 ", 
  "JUMPI ", 
  "PUSH2 0x0100 ", 
  "DUP1 ", 
  "DUP4 ", 
  "SLOAD ", 
  "DIV ", 
  "MUL ", 
  "DUP4 ", 
  "MSTORE ", 
  "SWAP2 ", 
  "PUSH1 0x20 ", 
  "ADD ", 
  "SWAP2 ", 
  "PUSH2 0x111c ", 
  "JUMP ", 
  "JUMPDEST ", 
  "DUP3 ", 
  "ADD ", 
  "SWAP2 ", 
  "SWAP1 ", 
  "PUSH1 0x00 ", 
  "MSTORE ", 
  "PUSH1 0x20 ", 
  "PUSH1 0x00 ", 
  "SHA3 ", 
  "SWAP1 ", 
  "JUMPDEST ", 
  "DUP2 ", 
  "SLOAD ", 
  "DUP2 ", 
  "MSTORE ", 
  "SWAP1 ", 
  "PUSH1 0x01 ", 
  "ADD ", 
  "SWAP1 ", 
  "PUSH1 0x20 ", 
  "ADD ", 
  "DUP1 ", 
  "DUP4 ", 
  "GT ", 
  "PUSH2 0x10ff ", 
  "JUMPI ", 
  "DUP3 ", 
  "SWAP1 ", 
  "SUB ", 
  "PUSH1 0x1f ", 
  "AND ", 
  "DUP3 ", 
  "ADD ", 
  "SWAP2 ", 
  "JUMPDEST ", 
  "POP ", 
  "POP ", 
  "POP ", 
  "POP ", 
  "POP ", 
  "SWAP1 ", 
  "DUP1 ", 
  "PUSH1 0x02 ", 
  "ADD ", 
  "SLOAD ", 
  "SWAP1 ", 
  "POP ", 
  "DUP4 ", 
  "JUMP ", 
  "JUMPDEST ", 
  "PUSH1 0x02 ", 
  "SLOAD ", 
  "DUP2 ", 
  "JUMP ", 
  "JUMPDEST ", 
  "PUSH1 0x01 ", 
  "SLOAD ", 
  "DUP2 ", 
  "JUMP ", 
  "JUMPDEST ", 
  "PUSH1 0x00 ", 
  "DUP1 ", 
  "SWAP1 ", 
  "SLOAD ", 
  "SWAP1 ", 
  "PUSH2 0x0100 ", 
  "EXP ", 
  "SWAP1 ", 
  "DIV ", 
  "PUSH20 0xffffffffffffffffffffffffffffffffffffffff ", 
  "AND ", 
  "DUP2 ", 
  "JUMP ", 
  "JUMPDEST ", 
  "PUSH1 0x00 ", 
  "DUP3 ", 
  "SWAP1 ", 
  "POP ", 
  "DUP1 ", 
  "PUSH20 0xffffffffffffffffffffffffffffffffffffffff ", 
  "AND ", 
  "PUSH4 0x23b872dd ", 
  "DUP7 ", 
  "ADDRESS ", 
  "DUP8 ", 
  "PUSH1 0x40 ", 
  "MLOAD ", 
  "DUP5 ", 
  "PUSH4 0xffffffff ", 
  "AND ", 
  "PUSH29 0x0100000000000000000000000000000000000000000000000000000000 ", 
  "SWAP1 ", 
  "MUL ", 
  "DUP2 ", 
  "MSTORE ", 
  "PUSH1 0x04 ", 
  "PUSH20 0xffffffffffffffffffffffffffffffffffffffff ", 
  "ADD ", 
  "DUP1 ", 
  "DUP5 ", 
  "PUSH20 0xffffffffffffffffffffffffffffffffffffffff ", 
  "AND ", 
  "PUSH20 0xffffffffffffffffffffffffffffffffffffffff ", 
  "AND ", 
  "DUP2 ", 
  "MSTORE ", 
  "PUSH1 0x20 ", 
  "ADD ", 
  "DUP4 ", 
  "PUSH20 0xffffffffffffffffffffffffffffffffffffffff ", 
  "AND ", 
  "PUSH20 0xffffffffffffffffffffffffffffffffffffffff ", 
  "AND ", 
  "DUP2 ", 
  "MSTORE ", 
  "PUSH1 0x20 ", 
  "ADD ", 
  "DUP3 ", 
  "DUP2 ", 
  "MSTORE ", 
  "PUSH1 0x20 ", 
  "ADD ", 
  "SWAP4 ", 
  "POP ", 
  "POP ", 
  "POP ", 
  "POP ", 
  "PUSH1 0x20 ", 
  "PUSH1 0x40 ", 
  "MLOAD ", 
  "DUP1 ", 
  "DUP4 ", 
  "SUB ", 
  "DUP2 ", 
  "PUSH1 0x00 ", 
  "DUP8 ", 
  "DUP1 ", 
  "EXTCODESIZE ", 
  "ISZERO ", 
  "ISZERO ", 
  "PUSH2 0x1238 ", 
  "JUMPI ", 
  "PUSH1 0x00 ", 
  "DUP1 ", 
  "REVERT ", 
  "JUMPDEST ", 
  "GAS ", 
  "CALL ", 
  "ISZERO ", 
  "ISZERO ", 
  "PUSH2 0x1245 ", 
  "JUMPI ", 
  "PUSH1 0x00 ", 
  "DUP1 ", 
  "REVERT ", 
  "JUMPDEST ", 
  "POP ", 
  "POP ", 
  "POP ", 
  "PUSH1 0x40 ", 
  "MLOAD ", 
  "DUP1 ", 
  "MLOAD ", 
  "SWAP1 ", 
  "POP ", 
  "ISZERO ", 
  "ISZERO ", 
  "PUSH2 0x125a ", 
  "JUMPI ", 
  "PUSH1 0x00 ", 
  "DUP1 ", 
  "REVERT ", 
  "JUMPDEST ", 
  "PUSH32 0x0eeb71b8926d7ed8f47a2cedf6b9b204e2001344c7fa20c696c9f06ea7c413c6 ", 
  "DUP6 ", 
  "DUP6 ", 
  "DUP6 ", 
  "DUP6 ", 
  "PUSH1 0x40 ", 
  "MLOAD ", 
  "DUP1 ", 
  "DUP6 ", 
  "PUSH20 0xffffffffffffffffffffffffffffffffffffffff ", 
  "AND ", 
  "PUSH20 0xffffffffffffffffffffffffffffffffffffffff ", 
  "AND ", 
  "DUP2 ", 
  "MSTORE ", 
  "PUSH1 0x20 ", 
  "ADD ", 
  "DUP5 ", 
  "DUP2 ", 
  "MSTORE ", 
  "PUSH1 0x20 ", 
  "ADD ", 
  "DUP4 ", 
  "PUSH20 0xffffffffffffffffffffffffffffffffffffffff ", 
  "AND ", 
  "PUSH20 0xffffffffffffffffffffffffffffffffffffffff ", 
  "AND ", 
  "DUP2 ", 
  "MSTORE ", 
  "PUSH1 0x20 ", 
  "ADD ", 
  "DUP1 ", 
  "PUSH1 0x20 ", 
  "ADD ", 
  "DUP3 ", 
  "DUP2 ", 
  "SUB ", 
  "DUP3 ", 
  "MSTORE ", 
  "DUP4 ", 
  "DUP2 ", 
  "DUP2 ", 
  "MLOAD ", 
  "DUP2 ", 
  "MSTORE ", 
  "PUSH1 0x20 ", 
  "ADD ", 
  "SWAP2 ", 
  "POP ", 
  "DUP1 ", 
  "MLOAD ", 
  "SWAP1 ", 
  "PUSH1 0x20 ", 
  "ADD ", 
  "SWAP1 ", 
  "DUP1 ", 
  "DUP4 ", 
  "DUP4 ", 
  "PUSH1 0x00 ", 
  "JUMPDEST ", 
  "DUP4 ", 
  "DUP2 ", 
  "LT ", 
  "ISZERO ", 
  "PUSH2 0x1329 ", 
  "JUMPI ", 
  "DUP1 ", 
  "DUP3 ", 
  "ADD ", 
  "MLOAD ", 
  "DUP2 ", 
  "DUP5 ", 
  "ADD ", 
  "MSTORE ", 
  "PUSH1 0x20 ", 
  "DUP2 ", 
  "ADD ", 
  "SWAP1 ", 
  "POP ", 
  "PUSH2 0x130e ", 
  "JUMP ", 
  "JUMPDEST ", 
  "POP ", 
  "POP ", 
  "POP ", 
  "POP ", 
  "SWAP1 ", 
  "POP ", 
  "SWAP1 ", 
  "DUP2 ", 
  "ADD ", 
  "SWAP1 ", 
  "PUSH1 0x1f ", 
  "AND ", 
  "DUP1 ", 
  "ISZERO ", 
  "PUSH2 0x1356 ", 
  "JUMPI ", 
  "DUP1 ", 
  "DUP3 ", 
  "SUB ", 
  "DUP1 ", 
  "MLOAD ", 
  "PUSH1 0x01 ", 
  "DUP4 ", 
  "PUSH1 0x20 ", 
  "SUB ", 
  "PUSH2 0x0100 ", 
  "EXP ", 
  "SUB ", 
  "NOT ", 
  "AND ", 
  "DUP2 ", 
  "MSTORE ", 
  "PUSH1 0x20 ", 
  "ADD ", 
  "SWAP2 ", 
  "POP ", 
  "JUMPDEST ", 
  "POP ", 
  "SWAP6 ", 
  "POP ", 
  "POP ", 
  "POP ", 
  "POP ", 
  "POP ", 
  "POP ", 
  "PUSH1 0x40 ", 
  "MLOAD ", 
  "DUP1 ", 
  "SWAP2 ", 
  "SUB ", 
  "SWAP1 ", 
  "LOG1 ", 
  "POP ", 
  "POP ", 
  "POP ", 
  "POP ", 
  "POP ", 
  "JUMP ", 
  "JUMPDEST ", 
  "PUSH1 0x03 ", 
  "SLOAD ", 
  "DUP2 ", 
  "JUMP ", 
  "JUMPDEST ", 
  "PUSH1 0x00 ", 
  "DUP1 ", 
  "PUSH1 0x00 ", 
  "PUSH1 0x06 ", 
  "PUSH1 0x00 ", 
  "CALLER ", 
  "PUSH20 0xffffffffffffffffffffffffffffffffffffffff ", 
  "AND ", 
  "PUSH20 0xffffffffffffffffffffffffffffffffffffffff ", 
  "AND ", 
  "DUP2 ", 
  "MSTORE ", 
  "PUSH1 0x20 ", 
  "ADD ", 
  "SWAP1 ", 
  "DUP2 ", 
  "MSTORE ", 
  "PUSH1 0x20 ", 
  "ADD ", 
  "PUSH1 0x00 ", 
  "SHA3 ", 
  "SLOAD ", 
  "EQ ", 
  "ISZERO ", 
  "ISZERO ", 
  "ISZERO ", 
  "PUSH2 0x13c5 ", 
  "JUMPI ", 
  "PUSH1 0x00 ", 
  "DUP1 ", 
  "REVERT ", 
  "JUMPDEST ", 
  "PUSH1 0x04 ", 
  "DUP1 ", 
  "SLOAD ", 
  "DUP1 ", 
  "SWAP2 ", 
  "SWAP1 ", 
  "PUSH1 0x01 ", 
  "ADD ", 
  "PUSH2 0x13d9 ", 
  "SWAP2 ", 
  "SWAP1 ", 
  "PUSH2 0x1ebc ", 
  "JUMP ", 
  "JUMPDEST ", 
  "SWAP2 ", 
  "POP ", 
  "PUSH1 0x04 ", 
  "DUP3 ", 
  "DUP2 ", 
  "SLOAD ", 
  "DUP2 ", 
  "LT ", 
  "ISZERO ", 
  "ISZERO ", 
  "PUSH2 0x13ea ", 
  "JUMPI ", 
  "ASSERTFAIL ", 
  "JUMPDEST ", 
  "SWAP1 ", 
  "PUSH1 0x00 ", 
  "MSTORE ", 
  "PUSH1 0x20 ", 
  "PUSH1 0x00 ", 
  "SHA3 ", 
  "SWAP1 ", 
  "PUSH1 0x0a ", 
  "MUL ", 
  "ADD ", 
  "SWAP1 ", 
  "POP ", 
  "DUP6 ", 
  "DUP2 ", 
  "PUSH1 0x00 ", 
  "ADD ", 
  "PUSH1 0x00 ", 
  "PUSH2 0x0100 ", 
  "EXP ", 
  "DUP2 ", 
  "SLOAD ", 
  "DUP2 ", 
  "PUSH20 0xffffffffffffffffffffffffffffffffffffffff ", 
  "MUL ", 
  "NOT ", 
  "AND ", 
  "SWAP1 ", 
  "DUP4 ", 
  "PUSH20 0xffffffffffffffffffffffffffffffffffffffff ", 
  "AND ", 
  "MUL ", 
  "OR ", 
  "SWAP1 ", 
  "SSTORE ", 
  "POP ", 
  "DUP5 ", 
  "DUP2 ", 
  "PUSH1 0x01 ", 
  "ADD ", 
  "DUP2 ", 
  "SWAP1 ", 
  "SSTORE ", 
  "POP ", 
  "DUP4 ", 
  "DUP2 ", 
  "PUSH1 0x02 ", 
  "ADD ", 
  "SWAP1 ", 
  "DUP1 ", 
  "MLOAD ", 
  "SWAP1 ", 
  "PUSH1 0x20 ", 
  "ADD ", 
  "SWAP1 ", 
  "PUSH2 0x145e ", 
  "SWAP3 ", 
  "SWAP2 ", 
  "SWAP1 ", 
  "PUSH2 0x1eee ", 
  "JUMP ", 
  "JUMPDEST ", 
  "POP ", 
  "DUP6 ", 
  "DUP6 ", 
  "DUP5 ", 
  "PUSH1 0x40 ", 
  "MLOAD ", 
  "DUP1 ", 
  "DUP5 ", 
  "PUSH20 0xffffffffffffffffffffffffffffffffffffffff ", 
  "AND ", 
  "PUSH20 0xffffffffffffffffffffffffffffffffffffffff ", 
  "AND ", 
  "PUSH13 0x01000000000000000000000000 ", 
  "MUL ", 
  "DUP2 ", 
  "MSTORE ", 
  "PUSH1 0x14 ", 
  "ADD ", 
  "DUP4 ", 
  "DUP2 ", 
  "MSTORE ", 
  "PUSH1 0x20 ", 
  "ADD ", 
  "DUP3 ", 
  "DUP1 ", 
  "MLOAD ", 
  "SWAP1 ", 
  "PUSH1 0x20 ", 
  "ADD ", 
  "SWAP1 ", 
  "DUP1 ", 
  "DUP4 ", 
  "DUP4 ", 
  "JUMPDEST ", 
  "PUSH1 0x20 ", 
  "SLOAD ", 
  "DUP4 ", 
  "LT ", 
  "ISZERO ", 
  "ISZERO ", 
  "PUSH2 0x14de ", 
  "JUMPI ", 
  "DUP1 ", 
  "MLOAD ", 
  "DUP3 ", 
  "MSTORE ", 
  "PUSH1 0x20 ", 
  "DUP3 ", 
  "ADD ", 
  "SWAP2 ", 
  "POP ", 
  "PUSH1 0x20 ", 
  "DUP2 ", 
  "ADD ", 
  "SWAP1 ", 
  "POP ", 
  "PUSH1 0x20 ", 
  "DUP4 ", 
  "SUB ", 
  "SWAP3 ", 
  "POP ", 
  "PUSH2 0x14b9 ", 
  "JUMP ", 
  "JUMPDEST ", 
  "PUSH1 0x01 ", 
  "DUP4 ", 
  "PUSH1 0x20 ", 
  "SUB ", 
  "PUSH2 0x0100 ", 
  "EXP ", 
  "SUB ", 
  "DUP1 ", 
  "NOT ", 
  "DUP3 ", 
  "MLOAD ", 
  "AND ", 
  "DUP2 ", 
  "DUP5 ", 
  "MLOAD ", 
  "AND ", 
  "DUP1 ", 
  "DUP3 ", 
  "OR ", 
  "DUP6 ", 
  "DUP3 ", 
  "POP ", 
  "POP ", 
  "POP ", 
  "POP ", 
  "POP ", 
  "POP ", 
  "SWAP1 ", 
  "POP ", 
  "ADD ", 
  "SWAP4 ", 
  "POP ", 
  "POP ", 
  "POP ", 
  "POP ", 
  "PUSH1 0x40 ", 
  "MLOAD ", 
  "DUP1 ", 
  "SWAP2 ", 
  "SUB ", 
  "SWAP1 ", 
  "SHA3 ", 
  "DUP2 ", 
  "PUSH1 0x07 ", 
  "ADD ", 
  "DUP2 ", 
  "PUSH1 0x00 ", 
  "ADD ", 
  "AND ", 
  "SWAP1 ", 
  "SSTORE ", 
  "POP ", 
  "PUSH1 0x3c ", 
  "PUSH1 0x02 ", 
  "SLOAD ", 
  "MUL ", 
  "TIMESTAMP ", 
  "ADD ", 
  "DUP2 ", 
  "PUSH1 0x03 ", 
  "ADD ", 
  "DUP2 ", 
  "SWAP1 ", 
  "SSTORE ", 
  "POP ", 
  "PUSH1 0x00 ", 
  "DUP2 ", 
  "PUSH1 0x04 ", 
  "ADD ", 
  "PUSH1 0x00 ", 
  "PUSH2 0x0100 ", 
  "EXP ", 
  "DUP2 ", 
  "SLOAD ", 
  "DUP2 ", 
  "PUSH1 0xff ", 
  "MUL ", 
  "NOT ", 
  "AND ", 
  "SWAP1 ", 
  "DUP4 ", 
  "ISZERO ", 
  "ISZERO ", 
  "MUL ", 
  "OR ", 
  "SWAP1 ", 
  "SSTORE ", 
  "POP ", 
  "PUSH1 0x00 ", 
  "DUP2 ", 
  "PUSH1 0x04 ", 
  "ADD ", 
  "PUSH1 0x01 ", 
  "PUSH2 0x0100 ", 
  "EXP ", 
  "DUP2 ", 
  "SLOAD ", 
  "DUP2 ", 
  "PUSH1 0xff ", 
  "MUL ", 
  "NOT ", 
  "AND ", 
  "SWAP1 ", 
  "DUP4 ", 
  "ISZERO ", 
  "ISZERO ", 
  "MUL ", 
  "OR ", 
  "SWAP1 ", 
  "SSTORE ", 
  "POP ", 
  "PUSH1 0x00 ", 
  "DUP2 ", 
  "PUSH1 0x05 ", 
  "ADD ", 
  "DUP2 ", 
  "SWAP1 ", 
  "SSTORE ", 
  "POP ", 
  "PUSH32 0x646fec02522b41e7125cfc859a64fd4f4cefd5dc3b6237ca0abe251ded1fa881 ", 
  "SWAP1 ", 
  "SSTORE ", 
  "DUP3 ", 
  "DUP8 ", 
  "DUP8 ", 
  "DUP8 ", 
  "PUSH1 0x40 ", 
  "MLOAD ", 
  "DUP1 ", 
  "DUP6 ", 
  "DUP2 ", 
  "MSTORE ", 
  "PUSH1 0x20 ", 
  "ADD ", 
  "DUP5 ", 
  "PUSH20 0xffffffffffffffffffffffffffffffffffffffff ", 
  "MSTORE ", 
  "PUSH1 0x02 ", 
  "AND ", 
  "PUSH20 0xffffffffffffffffffffffffffffffffffffffff ", 
  "PUSH1 0x03 ", 
  "AND ", 
  "DUP2 ", 
  "MSTORE ", 
  "PUSH1 0x20 ", 
  "ADD ", 
  "DUP4 ", 
  "DUP2 ", 
  "MSTORE ", 
  "PUSH1 0x20 ", 
  "ADD ", 
  "DUP1 ", 
  "PUSH1 0x20 ", 
  "ADD ", 
  "DUP3 ", 
  "DUP2 ", 
  "SUB ", 
  "DUP3 ", 
  "MSTORE ", 
  "DUP4 ", 
  "DUP2 ", 
  "DUP2 ", 
  "MLOAD ", 
  "DUP2 ", 
  "MSTORE ", 
  "PUSH1 0x20 ", 
  "ADD ", 
  "SWAP2 ", 
  "POP ", 
  "DUP1 ", 
  "MLOAD ", 
  "SWAP1 ", 
  "PUSH1 0x20 ", 
  "ADD ", 
  "SWAP1 ", 
  "DUP1 ", 
  "DUP4 ", 
  "DUP4 ", 
  "PUSH1 0x00 ", 
  "JUMPDEST ", 
  "DUP4 ", 
  "DUP2 ", 
  "LT ", 
  "ISZERO ", 
  "PUSH2 0x1610 ", 
  "JUMPI ", 
  "DUP1 ", 
  "DUP3 ", 
  "ADD ", 
  "MLOAD ", 
  "DUP2 ", 
  "DUP5 ", 
  "ADD ", 
  "MSTORE ", 
  "PUSH1 0x20 ", 
  "DUP2 ", 
  "ADD ", 
  "SWAP1 ", 
  "POP ", 
  "PUSH2 0x15f5 ", 
  "JUMP ", 
  "JUMPDEST ", 
  "POP ", 
  "POP ", 
  "POP ", 
  "POP ", 
  "SWAP1 ", 
  "POP ", 
  "SWAP1 ", 
  "DUP2 ", 
  "ADD ", 
  "SWAP1 ", 
  "PUSH1 0x1f ", 
  "AND ", 
  "DUP1 ", 
  "ISZERO ", 
  "PUSH2 0x163d ", 
  "JUMPI ", 
  "DUP1 ", 
  "DUP3 ", 
  "SUB ", 
  "DUP1 ", 
  "MLOAD ", 
  "PUSH1 0x01 ", 
  "DUP4 ", 
  "PUSH1 0x20 ", 
  "SUB ", 
  "PUSH2 0x0100 ", 
  "EXP ", 
  "SUB ", 
  "NOT ", 
  "AND ", 
  "DUP2 ", 
  "MSTORE ", 
  "PUSH1 0x20 ", 
  "ADD ", 
  "SWAP2 ", 
  "POP ", 
  "JUMPDEST ", 
  "POP ", 
  "SWAP6 ", 
  "POP ", 
  "POP ", 
  "POP ", 
  "POP ", 
  "POP ", 
  "POP ", 
  "PUSH1 0x40 ", 
  "MLOAD ", 
  "DUP1 ", 
  "SWAP2 ", 
  "SUB ", 
  "SWAP1 ", 
  "LOG1 ", 
  "PUSH1 0x01 ", 
  "PUSH1 0x40 ", 
  "DUP3 ", 
  "ADD ", 
  "PUSH1 0x05 ", 
  "DUP2 ", 
  "SWAP1 ", 
  "SSTORE ", 
  "POP ", 
  "DUP2 ", 
  "SWAP2 ", 
  "POP ", 
  "POP ", 
  "SWAP5 ", 
  "SWAP4 ", 
  "POP ", 
  "PUSH2 0x20bf ", 
  "POP ", 
  "POP ", 
  "JUMP ", 
  "JUMPDEST ", 
  "PUSH1 0x00 ", 
  "DUP1 ", 
  "PUSH1 0x06 ", 
  "PUSH1 0x00 ", 
  "CALLER ", 
  "PUSH20 0xffffffffffffffffffffffffffffffffffffffff ", 
  "AND ", 
  "PUSH20 0xffffffffffffffffffffffffffffffffffffffff ", 
  "AND ", 
  "DUP2 ", 
  "MSTORE ", 
  "PUSH1 0x20 ", 
  "ADD ", 
  "SWAP1 ", 
  "DUP2 ", 
  "MSTORE ", 
  "PUSH1 0x20 ", 
  "ADD ", 
  "PUSH1 0x00 ", 
  "SHA3 ", 
  "SLOAD ", 
  "EQ ", 
  "ISZERO ", 
  "ISZERO ", 
  "ISZERO ", 
  "PUSH2 0x16b3 ", 
  "JUMPI ", 
  "PUSH1 0x00 ", 
  "DUP1 ", 
  "REVERT ", 
  "JUMPDEST ", 
  "PUSH2 0x16c9 ", 
  "DUP6 ", 
  "PUSH8 0x0de0b6b3a7640000 ", 
  "SWAP2 ", 
  "DUP7 ", 
  "MUL ", 
  "DUP6 ", 
  "DUP6 ", 
  "PUSH2 0x1373 ", 
  "JUMP ", 
  "JUMPDEST ", 
  "SWAP1 ", 
  "POP ", 
  "SWAP5 ", 
  "SWAP4 ", 
  "POP ", 
  "POP ", 
  "POP ", 
  "POP ", 
  "JUMP ", 
  "JUMPDEST ", 
  "PUSH1 0x00 ", 
  "DUP1 ", 
  "SWAP1 ", 
  "SLOAD ", 
  "SWAP1 ", 
  "PUSH2 0x0100 ", 
  "EXP ", 
  "SWAP1 ", 
  "DIV ", 
  "PUSH20 0xffffffffffffffffffffffffffffffffffffffff ", 
  "AND ", 
  "PUSH20 0xffffffffffffffffffffffffffffffffffffffff ", 
  "AND ", 
  "CALLER ", 
  "PUSH20 0xffffffffffffffffffffffffffffffffffffffff ", 
  "AND ", 
  "EQ ", 
  "ISZERO ", 
  "ISZERO ", 
  "PUSH2 0x172e ", 
  "JUMPI ", 
  "PUSH1 0x00 ", 
  "DUP1 ", 
  "REVERT ", 
  "JUMPDEST ", 
  "DUP3 ", 
  "PUSH1 0x01 ", 
  "DUP2 ", 
  "SWAP1 ", 
  "SSTORE ", 
  "POP ", 
  "DUP2 ", 
  "PUSH1 0x02 ", 
  "DUP2 ", 
  "SWAP1 ", 
  "SSTORE ", 
  "POP ", 
  "DUP1 ", 
  "PUSH1 0x03 ", 
  "DUP2 ", 
  "SWAP1 ", 
  "SSTORE ", 
  "POP ", 
  "PUSH32 0xa439d3fa452be5e0e1e24a8145e715f4fd8b9c08c96a42fd82a855a85e5d57de ", 
  "PUSH1 0x01 ", 
  "SLOAD ", 
  "PUSH1 0x02 ", 
  "SLOAD ", 
  "PUSH1 0x03 ", 
  "SLOAD ", 
  "PUSH1 0x40 ", 
  "MLOAD ", 
  "DUP1 ", 
  "DUP5 ", 
  "DUP2 ", 
  "MSTORE ", 
  "PUSH1 0x20 ", 
  "ADD ", 
  "DUP4 ", 
  "DUP2 ", 
  "MSTORE ", 
  "PUSH1 0x20 ", 
  "ADD ", 
  "DUP3 ", 
  "DUP2 ", 
  "MSTORE ", 
  "PUSH1 0x20 ", 
  "ADD ", 
  "SWAP4 ", 
  "POP ", 
  "POP ", 
  "POP ", 
  "POP ", 
  "PUSH1 0x40 ", 
  "MLOAD ", 
  "DUP1 ", 
  "SWAP2 ", 
  "SUB ", 
  "SWAP1 ", 
  "LOG1 ", 
  "POP ", 
  "POP ", 
  "POP ", 
  "JUMP ", 
  "JUMPDEST ", 
  "PUSH1 0x00 ", 
  "DUP1 ", 
  "PUSH1 0x00 ", 
  "SWAP1 ", 
  "SLOAD ", 
  "SWAP1 ", 
  "PUSH2 0x0100 ", 
  "EXP ", 
  "SWAP1 ", 
  "DIV ", 
  "PUSH20 0xffffffffffffffffffffffffffffffffffffffff ", 
  "AND ", 
  "PUSH20 0xffffffffffffffffffffffffffffffffffffffff ", 
  "AND ", 
  "CALLER ", 
  "PUSH20 0xffffffffffffffffffffffffffffffffffffffff ", 
  "AND ", 
  "EQ ", 
  "ISZERO ", 
  "ISZERO ", 
  "PUSH2 0x17f2 ", 
  "JUMPI ", 
  "PUSH1 0x00 ", 
  "DUP1 ", 
  "REVERT ", 
  "JUMPDEST ", 
  "PUSH1 0x06 ", 
  "PUSH1 0x00 ", 
  "DUP5 ", 
  "PUSH20 0xffffffffffffffffffffffffffffffffffffffff ", 
  "PUSH1 0x00 ", 
  "AND ", 
  "PUSH20 0xffffffffffffffffffffffffffffffffffffffff ", 
  "AND ", 
  "DUP2 ", 
  "MSTORE ", 
  "PUSH1 0x20 ", 
  "ADD ", 
  "SWAP1 ", 
  "DUP2 ", 
  "MSTORE ", 
  "PUSH1 0x20 ", 
  "ADD ", 
  "PUSH1 0x00 ", 
  "SHA3 ", 
  "SLOAD ", 
  "SWAP1 ", 
  "POP ", 
  "PUSH1 0x00 ", 
  "DUP2 ", 
  "EQ ", 
  "ISZERO ", 
  "PUSH2 0x189d ", 
  "JUMPI ", 
  "PUSH1 0x07 ", 
  "SWAP1 ", 
  "SLOAD ", 
  "SWAP1 ", 
  "POP ", 
  "PUSH1 0x06 ", 
  "PUSH1 0x00 ", 
  "DUP1 ", 
  "PUSH20 0xffffffffffffffffffffffffffffffffffffffff ", 
  "AND ", 
  "PUSH20 0xffffffffffffffffffffffffffffffffffffffff ", 
  "AND ", 
  "DUP2 ", 
  "MSTORE ", 
  "PUSH1 0x20 ", 
  "ADD ", 
  "SWAP1 ", 
  "DUP2 ", 
  "MSTORE ", 
  "PUSH1 0x20 ", 
  "ADD ", 
  "PUSH1 0x00 ", 
  "SHA3 ", 
  "DUP2 ", 
  "SWAP1 ", 
  "SSTORE ", 
  "POP ", 
  "PUSH1 0x07 ", 
  "DUP1 ", 
  "SLOAD ", 
  "DUP1 ", 
  "SWAP2 ", 
  "SWAP1 ", 
  "PUSH1 0x01 ", 
  "ADD ", 
  "PUSH2 0x189a ", 
  "SWAP2 ", 
  "SWAP1 ", 
  "PUSH2 0x1e8a ", 
  "JUMP ", 
  "JUMPDEST ", 
  "SWAP1 ", 
  "POP ", 
  "JUMPDEST ", 
  "PUSH1 0x60 ", 
  "PUSH1 0x40 ", 
  "MLOAD ", 
  "SWAP1 ", 
  "DUP2 ", 
  "ADD ", 
  "PUSH1 0x40 ", 
  "MSTORE ", 
  "DUP1 ", 
  "DUP5 ", 
  "PUSH20 0xffffffffffffffffffffffffffffffffffffffff ", 
  "AND ", 
  "DUP2 ", 
  "MSTORE ", 
  "PUSH1 0x20 ", 
  "ADD ", 
  "DUP4 ", 
  "DUP2 ", 
  "MSTORE ", 
  "PUSH1 0x20 ", 
  "ADD ", 
  "TIMESTAMP ", 
  "DUP2 ", 
  "MSTORE ", 
  "POP ", 
  "PUSH1 0x07 ", 
  "DUP3 ", 
  "DUP2 ", 
  "SLOAD ", 
  "DUP2 ", 
  "LT ", 
  "ISZERO ", 
  "ISZERO ", 
  "PUSH2 0x18de ", 
  "JUMPI ", 
  "ASSERTFAIL ", 
  "JUMPDEST ", 
  "SWAP1 ", 
  "PUSH1 0x00 ", 
  "MSTORE ", 
  "PUSH1 0x20 ", 
  "PUSH1 0x00 ", 
  "SHA3 ", 
  "SWAP1 ", 
  "PUSH1 0x03 ", 
  "MUL ", 
  "ADD ", 
  "PUSH1 0x00 ", 
  "DUP3 ", 
  "ADD ", 
  "MLOAD ", 
  "DUP2 ", 
  "PUSH1 0x00 ", 
  "PUSH1 0x00 ", 
  "ADD ", 
  "PUSH1 0x00 ", 
  "PUSH2 0x0100 ", 
  "EXP ", 
  "DUP2 ", 
  "SLOAD ", 
  "DUP2 ", 
  "PUSH20 0xffffffffffffffffffffffffffffffffffffffff ", 
  "MUL ", 
  "NOT ", 
  "AND ", 
  "SWAP1 ", 
  "DUP4 ", 
  "PUSH20 0xffffffffffffffffffffffffffffffffffffffff ", 
  "AND ", 
  "MUL ", 
  "OR ", 
  "SWAP1 ", 
  "SSTORE ", 
  "POP ", 
  "PUSH1 0x20 ", 
  "DUP3 ", 
  "ADD ", 
  "MLOAD ", 
  "DUP2 ", 
  "PUSH1 0x01 ", 
  "ADD ", 
  "SWAP1 ", 
  "DUP1 ", 
  "MLOAD ", 
  "SWAP1 ", 
  "PUSH1 0x20 ", 
  "ADD ", 
  "SWAP1 ", 
  "PUSH2 0x194f ", 
  "SWAP3 ", 
  "SWAP2 ", 
  "SWAP1 ", 
  "PUSH2 0x1f6e ", 
  "JUMP ", 
  "JUMPDEST ", 
  "POP ", 
  "PUSH1 0x40 ", 
  "DUP3 ", 
  "ADD ", 
  "MLOAD ", 
  "DUP2 ", 
  "PUSH1 0x02 ", 
  "ADD ", 
  "SSTORE ", 
  "SWAP1 ", 
  "POP ", 
  "POP ", 
  "PUSH32 0x27b022af4a8347100c7a041ce5ccf8e14d644ff05de696315196faae8cd50c9b ", 
  "DUP4 ", 
  "PUSH1 0x01 ", 
  "PUSH1 0x40 ", 
  "MLOAD ", 
  "DUP1 ", 
  "DUP4 ", 
  "PUSH20 0xffffffffffffffffffffffffffffffffffffffff ", 
  "AND ", 
  "PUSH20 0xffffffffffffffffffffffffffffffffffffffff ", 
  "AND ", 
  "DUP2 ", 
  "MSTORE ", 
  "PUSH1 0x20 ", 
  "ADD ", 
  "DUP3 ", 
  "ISZERO ", 
  "ISZERO ", 
  "ISZERO ", 
  "ISZERO ", 
  "DUP2 ", 
  "MSTORE ", 
  "PUSH1 0x20 ", 
  "ADD ", 
  "SWAP3 ", 
  "POP ", 
  "POP ", 
  "POP ", 
  "PUSH1 0x40 ", 
  "MLOAD ", 
  "DUP1 ", 
  "SWAP2 ", 
  "SUB ", 
  "SWAP1 ", 
  "LOG1 ", 
  "POP ", 
  "POP ", 
  "POP ", 
  "JUMP ", 
  "JUMPDEST ", 
  "PUSH1 0x00 ", 
  "DUP1 ", 
  "PUSH1 0x00 ", 
  "PUSH1 0x06 ", 
  "PUSH1 0x00 ", 
  "CALLER ", 
  "PUSH20 0xffffffffffffffffffffffffffffffffffffffff ", 
  "PUSH1 0x20 ", 
  "AND ", 
  "PUSH20 0xffffffffffffffffffffffffffffffffffffffff ", 
  "AND ", 
  "DUP2 ", 
  "MSTORE ", 
  "PUSH1 0x20 ", 
  "ADD ", 
  "SWAP1 ", 
  "DUP2 ", 
  "MSTORE ", 
  "PUSH1 0x20 ", 
  "ADD ", 
  "PUSH1 0x00 ", 
  "SHA3 ", 
  "SLOAD ", 
  "EQ ", 
  "ISZERO ", 
  "ISZERO ", 
  "ISZERO ", 
  "PUSH2 0x1a24 ", 
  "JUMPI ", 
  "PUSH1 0x00 ", 
  "DUP1 ", 
  "REVERT ", 
  "JUMPDEST ", 
  "PUSH1 0x04 ", 
  "DUP6 ", 
  "DUP2 ", 
  "SLOAD ", 
  "DUP2 ", 
  "LT ", 
  "ISZERO ", 
  "ISZERO ", 
  "PUSH2 0x1a33 ", 
  "JUMPI ", 
  "ASSERTFAIL ", 
  "JUMPDEST ", 
  "SWAP1 ", 
  "PUSH1 0x00 ", 
  "MSTORE ", 
  "PUSH1 0x20 ", 
  "PUSH1 0x00 ", 
  "SHA3 ", 
  "SWAP1 ", 
  "PUSH1 0x0a ", 
  "MUL ", 
  "ADD ", 
  "SWAP1 ", 
  "POP ", 
  "DUP1 ", 
  "PUSH1 0x09 ", 
  "ADD ", 
  "PUSH1 0x00 ", 
  "CALLER ", 
  "PUSH20 0xffffffffffffffffffffffffffffffffffffffff ", 
  "AND ", 
  "PUSH20 0xffffffffffffffffffffffffffffffffffffffff ", 
  "AND ", 
  "DUP2 ", 
  "MSTORE ", 
  "PUSH1 0x20 ", 
  "ADD ", 
  "SWAP1 ", 
  "DUP2 ", 
  "MSTORE ", 
  "PUSH1 0x20 ", 
  "ADD ", 
  "PUSH1 0x00 ", 
  "SHA3 ", 
  "PUSH1 0x00 ", 
  "SWAP1 ", 
  "SLOAD ", 
  "SWAP1 ", 
  "PUSH2 0x0100 ", 
  "EXP ", 
  "SWAP1 ", 
  "DIV ", 
  "PUSH1 0xff ", 
  "AND ", 
  "ISZERO ", 
  "ISZERO ", 
  "ISZERO ", 
  "PUSH2 0x1a9e ", 
  "SWAP1 ", 
  "JUMPI ", 
  "PUSH1 0x00 ", 
  "DUP1 ", 
  "REVERT ", 
  "JUMPDEST ", 
  "PUSH1 0x01 ", 
  "DUP2 ", 
  "PUSH1 0x09 ", 
  "ADD ", 
  "PUSH1 0x00 ", 
  "CALLER ", 
  "PUSH20 0xffffffffffffffffffffffffffffffffffffffff ", 
  "AND ", 
  "PUSH20 0xffffffffffffffffffffffffffffffffffffffff ", 
  "AND ", 
  "DUP2 ", 
  "MSTORE ", 
  "PUSH1 0x20 ", 
  "ADD ", 
  "SWAP1 ", 
  "DUP2 ", 
  "MSTORE ", 
  "PUSH1 0x20 ", 
  "ADD ", 
  "PUSH1 0x00 ", 
  "SHA3 ", 
  "PUSH1 0x00 ", 
  "PUSH2 0x0100 ", 
  "EXP ", 
  "DUP2 ", 
  "SLOAD ", 
  "DUP2 ", 
  "PUSH1 0xff ", 
  "MUL ", 
  "NOT ", 
  "AND ", 
  "SWAP1 ", 
  "DUP4 ", 
  "ISZERO ", 
  "ISZERO ", 
  "MUL ", 
  "OR ", 
  "SWAP1 ", 
  "SSTORE ", 
  "POP ", 
  "DUP1 ", 
  "PUSH1 0x05 ", 
  "ADD ", 
  "PUSH1 0x00 ", 
  "DUP2 ", 
  "SLOAD ", 
  "DUP1 ", 
  "SWAP3 ", 
  "SWAP2 ", 
  "SWAP1 ", 
  "PUSH1 0x01 ", 
  "ADD ", 
  "SWAP2 ", 
  "SWAP1 ", 
  "POP ", 
  "SSTORE ", 
  "POP ", 
  "DUP4 ", 
  "ISZERO ", 
  "PUSH2 0x1b2b ", 
  "JUMPI ", 
  "DUP1 ", 
  "PUSH1 0x06 ", 
  "ADD ", 
  "PUSH1 0x00 ", 
  "DUP2 ", 
  "SLOAD ", 
  "DUP1 ", 
  "SWAP3 ", 
  "SWAP2 ", 
  "SWAP1 ", 
  "PUSH1 0x01 ", 
  "ADD ", 
  "SWAP2 ", 
  "SWAP1 ", 
  "POP ", 
  "SSTORE ", 
  "POP ", 
  "PUSH2 0x1b41 ", 
  "JUMP ", 
  "JUMPDEST ", 
  "DUP1 ", 
  "PUSH1 0x06 ", 
  "ADD ", 
  "PUSH1 0x00 ", 
  "DUP2 ", 
  "SLOAD ", 
  "DUP1 ", 
  "SWAP3 ", 
  "SWAP2 ", 
  "SWAP1 ", 
  "PUSH1 0x01 ", 
  "SWAP1 ", 
  "SUB ", 
  "SWAP2 ", 
  "SWAP1 ", 
  "POP ", 
  "SSTORE ", 
  "POP ", 
  "JUMPDEST ", 
  "PUSH32 0xc34f869b7ff431b034b7b9aea9822dac189a685e0b015c7d1be3add3f89128e8 ", 
  "MLOAD ", 
  "DUP6 ", 
  "DUP6 ", 
  "CALLER ", 
  "DUP7 ", 
  "PUSH1 0x40 ", 
  "MLOAD ", 
  "DUP1 ", 
  "DUP6 ", 
  "DUP2 ", 
  "MSTORE ", 
  "PUSH1 0x20 ", 
  "ADD ", 
  "DUP5 ", 
  "ISZERO ", 
  "ISZERO ", 
  "ISZERO ", 
  "ISZERO ", 
  "DUP2 ", 
  "MSTORE ", 
  "PUSH1 0x20 ", 
  "ADD ", 
  "DUP4 ", 
  "PUSH20 0xffffffffffffffffffffffffffffffffffffffff ", 
  "AND ", 
  "PUSH20 0xffffffffffffffffffffffffffffffffffffffff ", 
  "AND ", 
  "DUP2 ", 
  "MSTORE ", 
  "PUSH1 0x20 ", 
  "ADD ", 
  "DUP1 ", 
  "PUSH1 0x20 ", 
  "ADD ", 
  "DUP3 ", 
  "DUP2 ", 
  "SUB ", 
  "DUP3 ", 
  "MSTORE ", 
  "DUP4 ", 
  "DUP2 ", 
  "DUP2 ", 
  "MLOAD ", 
  "DUP2 ", 
  "MSTORE ", 
  "PUSH1 0x20 ", 
  "ADD ", 
  "SWAP2 ", 
  "POP ", 
  "DUP1 ", 
  "MLOAD ", 
  "SWAP1 ", 
  "PUSH1 0x20 ", 
  "ADD ", 
  "SWAP1 ", 
  "DUP1 ", 
  "DUP4 ", 
  "DUP4 ", 
  "PUSH1 0x00 ", 
  "JUMPDEST ", 
  "DUP4 ", 
  "DUP2 ", 
  "LT ", 
  "ISZERO ", 
  "PUSH2 0x1be8 ", 
  "JUMPI ", 
  "DUP1 ", 
  "DUP3 ", 
  "ADD ", 
  "MLOAD ", 
  "DUP2 ", 
  "DUP5 ", 
  "ADD ", 
  "MSTORE ", 
  "PUSH1 0x20 ", 
  "DUP2 ", 
  "ADD ", 
  "SWAP1 ", 
  "POP ", 
  "PUSH2 0x1bcd ", 
  "JUMP ", 
  "JUMPDEST ", 
  "POP ", 
  "POP ", 
  "POP ", 
  "POP ", 
  "SWAP1 ", 
  "POP ", 
  "SWAP1 ", 
  "DUP2 ", 
  "ADD ", 
  "SWAP1 ", 
  "PUSH1 0x1f ", 
  "AND ", 
  "DUP1 ", 
  "ISZERO ", 
  "PUSH2 0x1c15 ", 
  "JUMPI ", 
  "DUP1 ", 
  "DUP3 ", 
  "SUB ", 
  "DUP1 ", 
  "MLOAD ", 
  "PUSH1 0x01 ", 
  "DUP4 ", 
  "PUSH1 0x20 ", 
  "SUB ", 
  "PUSH2 0x0100 ", 
  "EXP ", 
  "SUB ", 
  "NOT ", 
  "AND ", 
  "DUP2 ", 
  "MSTORE ", 
  "PUSH1 0x20 ", 
  "ADD ", 
  "SWAP2 ", 
  "POP ", 
  "JUMPDEST ", 
  "POP ", 
  "SWAP6 ", 
  "POP ", 
  "POP ", 
  "POP ", 
  "POP ", 
  "POP ", 
  "POP ", 
  "PUSH1 0x40 ", 
  "SLOAD ", 
  "MLOAD ", 
  "DUP1 ", 
  "SWAP2 ", 
  "SUB ", 
  "SWAP1 ", 
  "LOG1 ", 
  "DUP1 ", 
  "PUSH1 0x05 ", 
  "ADD ", 
  "SLOAD ", 
  "SWAP2 ", 
  "POP ", 
  "POP ", 
  "SWAP4 ", 
  "SWAP3 ", 
  "POP ", 
  "POP ", 
  "POP ", 
  "JUMP ", 
  "JUMPDEST ", 
  "PUSH1 0x00 ", 
  "DUP1 ", 
  "PUSH1 0x04 ", 
  "DUP7 ", 
  "DUP2 ", 
  "SLOAD ", 
  "DUP2 ", 
  "LT ", 
  "ISZERO ", 
  "ISZERO ", 
  "PUSH2 0x1c46 ", 
  "JUMPI ", 
  "ASSERTFAIL ", 
  "JUMPDEST ", 
  "SWAP1 ", 
  "PUSH1 0x00 ", 
  "MSTORE ", 
  "PUSH1 0x20 ", 
  "PUSH1 0x00 ", 
  "SHA3 ", 
  "SWAP1 ", 
  "PUSH1 0x0a ", 
  "MUL ", 
  "ADD ", 
  "SWAP1 ", 
  "POP ", 
  "DUP5 ", 
  "DUP5 ", 
  "DUP5 ", 
  "PUSH1 0x40 ", 
  "MLOAD ", 
  "DUP1 ", 
  "DUP5 ", 
  "PUSH20 0xffffffffffffffffffffffffffffffffffffffff ", 
  "AND ", 
  "PUSH20 0xffffffffffffffffffffffffffffffffffffffff ", 
  "AND ", 
  "PUSH13 0x01000000000000000000000000 ", 
  "MUL ", 
  "DUP2 ", 
  "MSTORE ", 
  "PUSH1 0x14 ", 
  "ADD ", 
  "DUP4 ", 
  "DUP2 ", 
  "MSTORE ", 
  "PUSH1 0x20 ", 
  "ADD ", 
  "DUP3 ", 
  "DUP1 ", 
  "MLOAD ", 
  "SWAP1 ", 
  "PUSH1 0x20 ", 
  "ADD ", 
  "SWAP1 ", 
  "DUP1 ", 
  "DUP4 ", 
  "DUP4 ", 
  "JUMPDEST ", 
  "PUSH1 0x20 ", 
  "DUP4 ", 
  "LT ", 
  "ISZERO ", 
  "ISZERO ", 
  "PUSH2 0x1cd5 ", 
  "JUMPI ", 
  "DUP1 ", 
  "MLOAD ", 
  "DUP3 ", 
  "MSTORE ", 
  "PUSH1 0x20 ", 
  "DUP3 ", 
  "ADD ", 
  "SWAP2 ", 
  "POP ", 
  "PUSH1 0x20 ", 
  "DUP2 ", 
  "ADD ", 
  "SWAP1 ", 
  "POP ", 
  "PUSH1 0x20 ", 
  "DUP4 ", 
  "SUB ", 
  "SWAP3 ", 
  "POP ", 
  "PUSH2 0x1cb0 ", 
  "AND ", 
  "JUMP ", 
  "JUMPDEST ", 
  "PUSH1 0x01 ", 
  "DUP4 ", 
  "PUSH1 0x20 ", 
  "SUB ", 
  "PUSH2 0x0100 ", 
  "EXP ", 
  "SUB ", 
  "DUP1 ", 
  "NOT ", 
  "DUP3 ", 
  "MLOAD ", 
  "AND ", 
  "DUP2 ", 
  "DUP5 ", 
  "MLOAD ", 
  "AND ", 
  "DUP1 ", 
  "DUP3 ", 
  "OR ", 
  "DUP6 ", 
  "MSTORE ", 
  "POP ", 
  "POP ", 
  "POP ", 
  "POP ", 
  "POP ", 
  "POP ", 
  "SWAP1 ", 
  "POP ", 
  "ADD ", 
  "SWAP4 ", 
  "POP ", 
  "POP ", 
  "POP ", 
  "POP ", 
  "PUSH1 0x40 ", 
  "MLOAD ", 
  "DUP1 ", 
  "SWAP2 ", 
  "SUB ", 
  "SWAP1 ", 
  "SHA3 ", 
  "PUSH1 0x00 ", 
  "NOT ", 
  "AND ", 
  "DUP2 ", 
  "PUSH1 0x07 ", 
  "ADD ", 
  "SLOAD ", 
  "PUSH1 0x00 ", 
  "NOT ", 
  "AND ", 
  "EQ ", 
  "SWAP2 ", 
  "POP ", 
  "POP ", 
  "SWAP5 ", 
  "SWAP4 ", 
  "POP ", 
  "POP ", 
  "POP ", 
  "POP ", 
  "JUMP ", 
  "JUMPDEST ", 
  "PUSH1 0x00 ", 
  "DUP1 ", 
  "SWAP1 ", 
  "SLOAD ", 
  "SWAP1 ", 
  "PUSH2 0x0100 ", 
  "EXP ", 
  "SWAP1 ", 
  "DIV ", 
  "PUSH20 0xffffffffffffffffffffffffffffffffffffffff ", 
  "PUSH1 0x05 ", 
  "AND ", 
  "PUSH20 0xffffffffffffffffffffffffffffffffffffffff ", 
  "AND ", 
  "CALLER ", 
  "PUSH20 0xffffffffffffffffffffffffffffffffffffffff ", 
  "DUP3 ", 
  "AND ", 
  "EQ ", 
  "ISZERO ", 
  "ISZERO ", 
  "PUSH2 0x1d78 ", 
  "JUMPI ", 
  "PUSH1 0x00 ", 
  "DUP1 ", 
  "REVERT ", 
  "JUMPDEST ", 
  "DUP1 ", 
  "PUSH1 0x00 ", 
  "DUP1 ", 
  "PUSH2 0x0100 ", 
  "EXP ", 
  "DUP2 ", 
  "SLOAD ", 
  "DUP2 ", 
  "PUSH20 0xffffffffffffffffffffffffffffffffffffffff ", 
  "MUL ", 
  "NOT ", 
  "AND ", 
  "SWAP1 ", 
  "DUP4 ", 
  "PUSH20 0xffffffffffffffffffffffffffffffffffffffff ", 
  "AND ", 
  "MUL ", 
  "OR ", 
  "SWAP1 ", 
  "SSTORE ", 
  "POP ", 
  "POP ", 
  "JUMP ", 
  "JUMPDEST ", 
  "DUP3 ", 
  "DUP1 ", 
  "SLOAD ", 
  "PUSH1 0x01 ", 
  "DUP2 ", 
  "PUSH1 0x01 ", 
  "AND ", 
  "ISZERO ", 
  "PUSH2 0x0100 ", 
  "MUL ", 
  "SUB ", 
  "AND ", 
  "PUSH1 0x02 ", 
  "SWAP1 ", 
  "DIV ", 
  "SWAP1 ", 
  "PUSH1 0x00 ", 
  "MSTORE ", 
  "PUSH1 0x20 ", 
  "PUSH1 0x00 ", 
  "SHA3 ", 
  "SWAP1 ", 
  "PUSH1 0x1f ", 
  "ADD ", 
  "PUSH1 0x20 ", 
  "SWAP1 ", 
  "DIV ", 
  "DUP2 ", 
  "ADD ", 
  "SWAP3 ", 
  "DUP3 ", 
  "PUSH1 0x1f ", 
  "LT ", 
  "PUSH2 0x1df4 ", 
  "JUMPI ", 
  "DUP1 ", 
  "SLOAD ", 
  "DUP6 ", 
  "SSTORE ", 
  "PUSH2 0x1e31 ", 
  "JUMP ", 
  "JUMPDEST ", 
  "DUP3 ", 
  "DUP1 ", 
  "ADD ", 
  "PUSH1 0x01 ", 
  "ADD ", 
  "DUP6 ", 
  "SSTORE ", 
  "DUP3 ", 
  "ISZERO ", 
  "PUSH2 0x1e31 ", 
  "JUMPI ", 
  "PUSH1 0x00 ", 
  "MSTORE ", 
  "PUSH1 0x20 ", 
  "PUSH1 0x00 ", 
  "SHA3 ", 
  "SWAP2 ", 
  "PUSH1 0x1f ", 
  "ADD ", 
  "PUSH1 0x20 ", 
  "SWAP1 ", 
  "DIV ", 
  "DUP3 ", 
  "ADD ", 
  "JUMPDEST ", 
  "DUP3 ", 
  "DUP2 ", 
  "GT ", 
  "ISZERO ", 
  "PUSH2 0x1e30 ", 
  "PUSH2 0x1e42 ", 
  "JUMPI ", 
  "DUP3 ", 
  "DUP6 ", 
  "DUP3 ", 
  "SSTORE ", 
  "SWAP2 ", 
  "PUSH1 0x01 ", 
  "ADD ", 
  "SWAP2 ", 
  "SWAP1 ", 
  "PUSH1 0x01 ", 
  "ADD ", 
  "SWAP1 ", 
  "PUSH2 0x1e15 ", 
  "JUMP ", 
  "JUMPDEST ", 
  "JUMPDEST ", 
  "POP ", 
  "SWAP1 ", 
  "POP ", 
  "PUSH2 0x1e3e ", 
  "SWAP2 ", 
  "SWAP1 ", 
  "PUSH2 0x1fee ", 
  "JUMP ", 
  "JUMPDEST ", 
  "POP ", 
  "SWAP1 ", 
  "JUMP ", 
  "JUMPDEST ", 
  "POP ", 
  "DUP1 ", 
  "SLOAD ", 
  "PUSH1 0x01 ", 
  "DUP2 ", 
  "PUSH1 0x01 ", 
  "AND ", 
  "ISZERO ", 
  "PUSH2 0x0100 ", 
  "MUL ", 
  "SUB ", 
  "AND ", 
  "PUSH1 0x02 ", 
  "SWAP1 ", 
  "DIV ", 
  "PUSH1 0x00 ", 
  "DUP3 ", 
  "SSTORE ", 
  "DUP1 ", 
  "PUSH1 0x1f ", 
  "LT ", 
  "PUSH2 0x1e68 ", 
  "JUMPI ", 
  "POP ", 
  "PUSH2 0x1e87 ", 
  "JUMP ", 
  "JUMPDEST ", 
  "PUSH1 0x1f ", 
  "ADD ", 
  "PUSH1 0x20 ", 
  "SWAP1 ", 
  "DIV ", 
  "SWAP1 ", 
  "PUSH1 0x00 ", 
  "MSTORE ", 
  "PUSH1 0x20 ", 
  "PUSH1 0x00 ", 
  "ADD ", 
  "SHA3 ", 
  "SWAP1 ", 
  "DUP2 ", 
  "ADD ", 
  "SWAP1 ", 
  "PUSH2 0x1e86 ", 
  "NOT ", 
  "SWAP2 ", 
  "SWAP1 ", 
  "PUSH2 0x1fee ", 
  "JUMP ", 
  "JUMPDEST ", 
  "JUMPDEST ", 
  "POP ", 
  "JUMP ", 
  "JUMPDEST ", 
  "DUP2 ", 
  "SLOAD ", 
  "DUP2 ", 
  "DUP4 ", 
  "SSTORE ", 
  "DUP2 ", 
  "DUP2 ", 
  "ISZERO ", 
  "GT ", 
  "PUSH2 0x1eb7 ", 
  "JUMPI ", 
  "PUSH1 0x03 ", 
  "MUL ", 
  "DUP2 ", 
  "PUSH1 0x03 ", 
  "MUL ", 
  "DUP4 ", 
  "PUSH1 0x00 ", 
  "MSTORE ", 
  "PUSH1 0x20 ", 
  "PUSH1 0x00 ", 
  "SHA3 ", 
  "SWAP2 ", 
  "DUP3 ", 
  "ADD ", 
  "SWAP2 ", 
  "ADD ", 
  "PUSH2 0x1eb6 ", 
  "SWAP2 ", 
  "SWAP1 ", 
  "PUSH2 0x2013 ", 
  "JUMP ", 
  "JUMPDEST ", 
  "JUMPDEST ", 
  "POP ", 
  "POP ", 
  "POP ", 
  "JUMP ", 
  "JUMPDEST ", 
  "DUP2 ", 
  "SLOAD ", 
  "DUP2 ", 
  "DUP4 ", 
  "SSTORE ", 
  "DUP2 ", 
  "DUP2 ", 
  "ISZERO ", 
  "GT ", 
  "PUSH2 0x1ee9 ", 
  "JUMPI ", 
  "PUSH1 0x0a ", 
  "MUL ", 
  "DUP2 ", 
  "PUSH1 0x0a ", 
  "MUL ", 
  "DUP4 ", 
  "PUSH1 0x00 ", 
  "MSTORE ", 
  "PUSH1 0x20 ", 
  "PUSH1 0x00 ", 
  "SHA3 ", 
  "SWAP2 ", 
  "DUP3 ", 
  "ADD ", 
  "SWAP2 ", 
  "ADD ", 
  "PUSH2 0x1ee8 ", 
  "SWAP2 ", 
  "SWAP1 ", 
  "PUSH2 0x2071 ", 
  "JUMP ", 
  "JUMPDEST ", 
  "JUMPDEST ", 
  "POP ", 
  "POP ", 
  "POP ", 
  "JUMP ", 
  "JUMPDEST ", 
  "DUP3 ", 
  "DUP1 ", 
  "SLOAD ", 
  "PUSH1 0x01 ", 
  "DUP2 ", 
  "PUSH1 0x01 ", 
  "AND ", 
  "ISZERO ", 
  "PUSH2 0x0100 ", 
  "MUL ", 
  "SUB ", 
  "AND ", 
  "PUSH1 0x02 ", 
  "SWAP1 ", 
  "DIV ", 
  "SWAP1 ", 
  "PUSH1 0x00 ", 
  "MSTORE ", 
  "PUSH1 0x20 ", 
  "PUSH1 0x00 ", 
  "SHA3 ", 
  "SWAP1 ", 
  "PUSH1 0x1f ", 
  "ADD ", 
  "PUSH1 0x20 ", 
  "SWAP1 ", 
  "DIV ", 
  "DUP2 ", 
  "ADD ", 
  "SWAP3 ", 
  "DUP3 ", 
  "PUSH1 0x1f ", 
  "LT ", 
  "PUSH2 0x1f2f ", 
  "JUMPI ", 
  "DUP1 ", 
  "MLOAD ", 
  "PUSH1 0xff ", 
  "NOT ", 
  "AND ", 
  "DUP4 ", 
  "DUP1 ", 
  "ADD ", 
  "OR ", 
  "DUP6 ", 
  "SSTORE ", 
  "PUSH2 0x1f5d ", 
  "JUMP ", 
  "JUMPDEST ", 
  "DUP3 ", 
  "DUP1 ", 
  "ADD ", 
  "PUSH1 0x01 ", 
  "ADD ", 
  "DUP6 ", 
  "SSTORE ", 
  "DUP3 ", 
  "ISZERO ", 
  "PUSH2 0x1f5d ", 
  "JUMPI ", 
  "SWAP2 ", 
  "DUP3 ", 
  "ADD ", 
  "JUMPDEST ", 
  "DUP3 ", 
  "DUP2 ", 
  "GT ", 
  "ISZERO ", 
  "PUSH2 0x1f5c ", 
  "JUMPI ", 
  "DUP3 ", 
  "MLOAD ", 
  "DUP3 ", 
  "SSTORE ", 
  "SWAP2 ", 
  "PUSH1 0x20 ", 
  "ADD ", 
  "SWAP2 ", 
  "SWAP1 ", 
  "PUSH1 0x01 ", 
  "ADD ", 
  "SWAP1 ", 
  "PUSH2 0x1f41 ", 
  "JUMP ", 
  "JUMPDEST ", 
  "JUMPDEST ", 
  "POP ", 
  "SWAP1 ", 
  "POP ", 
  "PUSH2 0x1f6a ", 
  "SWAP2 ", 
  "SWAP1 ", 
  "PUSH2 0x1fee ", 
  "JUMP ", 
  "JUMPDEST ", 
  "POP ", 
  "SWAP1 ", 
  "JUMP ", 
  "JUMPDEST ", 
  "DUP3 ", 
  "DUP1 ", 
  "SLOAD ", 
  "PUSH1 0x01 ", 
  "DUP2 ", 
  "PUSH1 0x01 ", 
  "AND ", 
  "ISZERO ", 
  "PUSH2 0x0100 ", 
  "MUL ", 
  "SUB ", 
  "AND ", 
  "PUSH1 0x02 ", 
  "SWAP1 ", 
  "DIV ", 
  "SWAP1 ", 
  "PUSH1 0x00 ", 
  "MSTORE ", 
  "PUSH1 0x20 ", 
  "PUSH1 0x00 ", 
  "SHA3 ", 
  "SWAP1 ", 
  "PUSH1 0x1f ", 
  "ADD ", 
  "PUSH1 0x20 ", 
  "SWAP1 ", 
  "DIV ", 
  "DUP2 ", 
  "ADD ", 
  "SWAP3 ", 
  "DUP3 ", 
  "PUSH1 0x1f ", 
  "LT ", 
  "PUSH2 0x1faf ", 
  "JUMPI ", 
  "DUP1 ", 
  "MLOAD ", 
  "PUSH1 0xff ", 
  "NOT ", 
  "AND ", 
  "DUP4 ", 
  "DUP1 ", 
  "ADD ", 
  "OR ", 
  "DUP6 ", 
  "SSTORE ", 
  "PUSH2 0x1fdd ", 
  "JUMP ", 
  "JUMPDEST ", 
  "DUP3 ", 
  "DUP1 ", 
  "ADD ", 
  "PUSH1 0x01 ", 
  "ADD ", 
  "DUP6 ", 
  "SSTORE ", 
  "DUP3 ", 
  "ISZERO ", 
  "PUSH2 0x1fdd ", 
  "JUMPI ", 
  "SWAP2 ", 
  "DUP3 ", 
  "ADD ", 
  "JUMPDEST ", 
  "DUP3 ", 
  "DUP2 ", 
  "GT ", 
  "ISZERO ", 
  "PUSH2 0x1fdc ", 
  "JUMPI ", 
  "DUP3 ", 
  "MLOAD ", 
  "DUP3 ", 
  "SSTORE ", 
  "SWAP2 ", 
  "PUSH1 0x20 ", 
  "ADD ", 
  "SWAP2 ", 
  "SWAP1 ", 
  "PUSH1 0x01 ", 
  "ADD ", 
  "SWAP1 ", 
  "PUSH2 0x1fc1 ", 
  "POP ", 
  "JUMP ", 
  "JUMPDEST ", 
  "JUMPDEST ", 
  "POP ", 
  "SWAP1 ", 
  "POP ", 
  "PUSH2 0x1fea ", 
  "SWAP2 ", 
  "SWAP1 ", 
  "PUSH2 0x1fee ", 
  "JUMP ", 
  "JUMPDEST ", 
  "POP ", 
  "SWAP1 ", 
  "JUMP ", 
  "JUMPDEST ", 
  "PUSH2 0x2010 ", 
  "SWAP2 ", 
  "SWAP1 ", 
  "JUMPDEST ", 
  "DUP1 ", 
  "DUP3 ", 
  "GT ", 
  "ISZERO ", 
  "PUSH2 0x200c ", 
  "JUMPI ", 
  "PUSH1 0x00 ", 
  "DUP2 "
 ], 
 "overflow": false, 
 "money_concurrency": false, 
 "truncation": "\n../contractSrc/0x19397c7fde68a3b33503d491cac89011a5d9a61f.sol:Congress:48:5\nProposal[] public proposals\n^"
},"owned":{
 "execution_paths": "7", 
 "callstack": false, 
 "reentrancy": false, 
 "modulo": false, 
 "division": false, 
 "execution_time": "0.127489805222", 
 "signedness": false, 
 "evm_code_coverage": "99.4", 
 "underflow": false, 
 "time_dependency": false, 
 "assertion_failure": false, 
 "timeout": false, 
 "dead_code": [
  "STOP "
 ], 
 "overflow": false, 
 "money_concurrency": false, 
 "truncation": false
},"tokenRecipient":{
 "execution_paths": "16", 
 "callstack": false, 
 "reentrancy": false, 
 "modulo": false, 
 "division": false, 
 "execution_time": "22.5782630444", 
 "signedness": false, 
 "evm_code_coverage": "99.7", 
 "underflow": false, 
 "time_dependency": false, 
 "assertion_failure": false, 
 "timeout": false, 
 "dead_code": [
  "STOP "
 ], 
 "overflow": false, 
 "money_concurrency": false, 
 "truncation": false
}}