{"LeeroyPremiumToken":{
 "execution_paths": "77", 
 "callstack": false, 
 "reentrancy": false, 
 "modulo": false, 
 "division": false, 
 "execution_time": "23.7474961281", 
 "signedness": false, 
 "evm_code_coverage": "94.1", 
 "underflow": false, 
 "time_dependency": false, 
 "assertion_failure": false, 
 "timeout": false, 
 "dead_code": [
  "STOP ", 
  "DUP1 ", 
  "SWAP2 ", 
  "SWAP2 ", 
  "POP ", 
  "JUMP ", 
  "JUMPDEST ", 
  "PUSH1 0x00 ", 
  "DUP1 ", 
  "DUP3 ", 
  "JUMPDEST ", 
  "POP ", 
  "POP ", 
  "JUMP ", 
  "ADD ", 
  "SWAP1 ", 
  "POP ", 
  "PUSH2 0x11e2 ", 
  "PUSH1 0x40 ", 
  "DUP5 ", 
  "DUP3 ", 
  "LT ", 
  "MUL ", 
  "ISZERO ", 
  "DUP1 ", 
  "ISZERO ", 
  "PUSH2 0x11dd ", 
  "JUMPDEST ", 
  "SWAP2 ", 
  "POP ", 
  "PUSH2 0x0718 ", 
  "PUSH1 0x00 ", 
  "SLOAD ", 
  "DUP4 ", 
  "PUSH2 0x11c2 ", 
  "JUMP ", 
  "JUMPDEST ", 
  "SWAP1 ", 
  "POP ", 
  "DUP1 ", 
  "PUSH1 0x12 ", 
  "PUSH1 0x0a ", 
  "EXP ", 
  "PUSH4 0x77359400 ", 
  "JUMPDEST ", 
  "STOP ", 
  "LT ", 
  "ISZERO ", 
  "PUSH2 0x0731 ", 
  "JUMPI ", 
  "PUSH1 0x00 ", 
  "DUP1 ", 
  "REVERT ", 
  "JUMPDEST ", 
  "DUP1 ", 
  "PUSH1 0x00 ", 
  "DUP2 ", 
  "SWAP1 ", 
  "SSTORE ", 
  "POP ", 
  "DUP2 ", 
  "PUSH1 0x01 ", 
  "PUSH1 0x00 ", 
  "CALLER ", 
  "PUSH20 0xffffffffffffffffffffffffffffffffffffffff ", 
  "AND ", 
  "PUSH20 0xffffffffffffffffffffffffffffffffffffffff ", 
  "AND ", 
  "DUP2 ", 
  "MSTORE ", 
  "PUSH1 0x20 ", 
  "ADD ", 
  "SWAP1 ", 
  "DUP2 ", 
  "MSTORE ", 
  "PUSH1 0x20 ", 
  "ADD ", 
  "PUSH1 0x00 ", 
  "SHA3 ", 
  "PUSH1 0x00 ", 
  "DUP3 ", 
  "DUP3 ", 
  "SLOAD ", 
  "ADD ", 
  "SWAP3 ", 
  "POP ", 
  "POP ", 
  "DUP2 ", 
  "SWAP1 ", 
  "SSTORE ", 
  "POP ", 
  "CALLER ", 
  "PUSH20 0xffffffffffffffffffffffffffffffffffffffff ", 
  "AND ", 
  "PUSH32 0x985e46340731aa0b04977a792436aea1bff66ed4df1a3b37ddc66e6399f8a63d ", 
  "JUMPDEST ", 
  "JUMPDEST ", 
  "STOP ", 
  "POP ", 
  "POP ", 
  "SWAP3 ", 
  "DUP4 ", 
  "PUSH1 0x40 ", 
  "POP ", 
  "MLOAD ", 
  "DUP1 ", 
  "DUP3 ", 
  "DUP2 ", 
  "MSTORE ", 
  "PUSH1 0x20 ", 
  "DUP5 ", 
  "ADD ", 
  "SWAP2 ", 
  "POP ", 
  "POP ", 
  "JUMPDEST ", 
  "STOP ", 
  "MLOAD ", 
  "DUP1 ", 
  "SWAP2 ", 
  "SUB ", 
  "SWAP1 ", 
  "LOG2 ", 
  "POP ", 
  "POP ", 
  "JUMP ", 
  "JUMPI ", 
  "POP ", 
  "DUP4 ", 
  "DUP3 ", 
  "LT ", 
  "ISZERO ", 
  "JUMPDEST ", 
  "PUSH2 0x120a ", 
  "JUMP ", 
  "JUMPDEST ", 
  "DUP1 ", 
  "SWAP2 ", 
  "POP ", 
  "POP ", 
  "SWAP3 ", 
  "SWAP2 ", 
  "POP ", 
  "POP ", 
  "JUMP "
 ], 
 "overflow": "\n../contractSrc/0x1983d0f806875c2727ddbc964900382820e98aa6.sol:LeeroyPremiumToken:62:9\nbalances[_to] += _value\n^\n../contractSrc/0x1983d0f806875c2727ddbc964900382820e98aa6.sol:LeeroyPremiumToken:52:9\nbalances[_to] += _value\n^", 
 "money_concurrency": "\nFlow 1:\n../contractSrc/0x1983d0f806875c2727ddbc964900382820e98aa6.sol:LeeroyPremiumToken:144:11\nowner.send(this.balance)\n^\nFlow 2:\n../contractSrc/0x1983d0f806875c2727ddbc964900382820e98aa6.sol:LeeroyPremiumToken:144:11\nowner.send(this.balance)\n^", 
 "truncation": false
},"SafeMath":{
 "execution_paths": "1", 
 "callstack": false, 
 "reentrancy": false, 
 "modulo": false, 
 "division": false, 
 "execution_time": "0.00611090660095", 
 "signedness": false, 
 "evm_code_coverage": "100.0", 
 "underflow": false, 
 "time_dependency": false, 
 "assertion_failure": false, 
 "timeout": false, 
 "dead_code": [], 
 "overflow": false, 
 "money_concurrency": false, 
 "truncation": false
},"StandardToken":{
 "execution_paths": "22", 
 "callstack": false, 
 "reentrancy": false, 
 "modulo": false, 
 "division": false, 
 "execution_time": "3.26171708107", 
 "signedness": false, 
 "evm_code_coverage": "99.9", 
 "underflow": false, 
 "time_dependency": false, 
 "assertion_failure": false, 
 "timeout": false, 
 "dead_code": [
  "STOP "
 ], 
 "overflow": "\n../contractSrc/0x1983d0f806875c2727ddbc964900382820e98aa6.sol:StandardToken:62:9\nbalances[_to] += _value\n^\n../contractSrc/0x1983d0f806875c2727ddbc964900382820e98aa6.sol:StandardToken:52:9\nbalances[_to] += _value\n^", 
 "money_concurrency": false, 
 "truncation": false
}}