{"VRTtoken":{
 "execution_paths": "34", 
 "callstack": false, 
 "reentrancy": false, 
 "modulo": false, 
 "division": false, 
 "execution_time": "1.38936114311", 
 "signedness": false, 
 "evm_code_coverage": "99.9", 
 "underflow": "\n../contractSrc/0x2496477fb081a0ee9d62e7c32d897872f28ae86c.sol:VRTtoken:157:13\ncurrentSupply -= amount\n^", 
 "time_dependency": false, 
 "assertion_failure": false, 
 "timeout": false, 
 "dead_code": [
  "STOP "
 ], 
 "overflow": false, 
 "money_concurrency": false, 
 "truncation": false
}}