{"TokenContract":{
 "execution_paths": "50", 
 "callstack": false, 
 "reentrancy": false, 
 "modulo": false, 
 "division": false, 
 "execution_time": "43.4053380489", 
 "signedness": false, 
 "evm_code_coverage": "100.0", 
 "underflow": "\n../contractSrc/0x25a25998caed56c3765c91e6b3ea3af25bad9386.sol:TokenContract:95:9\ntotalSupply -= _value\n^", 
 "time_dependency": false, 
 "assertion_failure": false, 
 "timeout": false, 
 "dead_code": [
  "STOP "
 ], 
 "overflow": "\n../contractSrc/0x25a25998caed56c3765c91e6b3ea3af25bad9386.sol:TokenContract:109:9\nbalances[_target] += _amount\n^\n../contractSrc/0x25a25998caed56c3765c91e6b3ea3af25bad9386.sol:TokenContract:67:9\nbalances[_to] += _value\n^\n../contractSrc/0x25a25998caed56c3765c91e6b3ea3af25bad9386.sol:TokenContract:57:9\nbalances[_to] += _value\n^\n../contractSrc/0x25a25998caed56c3765c91e6b3ea3af25bad9386.sol:TokenContract:110:9\ntotalSupply += _amount\n^", 
 "money_concurrency": false, 
 "truncation": false
}}