{"KittyCoin":{
 "execution_paths": "33", 
 "callstack": false, 
 "reentrancy": false, 
 "modulo": false, 
 "division": false, 
 "execution_time": "40.6257381439", 
 "signedness": false, 
 "evm_code_coverage": "85.1", 
 "underflow": false, 
 "time_dependency": "\n../contractSrc/0x2ebd4d3eab859f56af37c48eb2996fa58e4bfe43.sol:KittyCoin:60:67\nif (accounts[msg.sender].receipt[_price].units < _units || now < accounts[msg.sender].receipt[_price].activation) return;\n^", 
 "assertion_failure": false, 
 "timeout": false, 
 "dead_code": [
  "JUMPI ", 
  "DUP4 ", 
  "PUSH2 0x0409 ", 
  "LOG2 ", 
  "JUMP ", 
  "JUMPDEST ", 
  "DUP3 ", 
  "JUMPDEST ", 
  "SWAP2 ", 
  "POP ", 
  "PUSH1 0x02 ", 
  "SLOAD ", 
  "PUSH3 0x0f4240 ", 
  "PUSH1 0x40 ", 
  "DUP4 ", 
  "MUL ", 
  "DUP2 ", 
  "ISZERO ", 
  "ISZERO ", 
  "PUSH2 0x041d ", 
  "SUB ", 
  "SWAP1 ", 
  "JUMPI ", 
  "ASSERTFAIL ", 
  "JUMPDEST ", 
  "DIV ", 
  "SWAP1 ", 
  "POP ", 
  "DUP1 ", 
  "PUSH1 0x01 ", 
  "PUSH1 0x00 ", 
  "CALLER ", 
  "PUSH20 0xffffffffffffffffffffffffffffffffffffffff ", 
  "AND ", 
  "PUSH20 0xffffffffffffffffffffffffffffffffffffffff ", 
  "AND ", 
  "DUP2 ", 
  "MSTORE ", 
  "PUSH1 0x20 ", 
  "ADD ", 
  "SWAP1 ", 
  "DUP2 ", 
  "MSTORE ", 
  "PUSH1 0x20 ", 
  "ADD ", 
  "PUSH1 0x00 ", 
  "SHA3 ", 
  "PUSH1 0x00 ", 
  "ADD ", 
  "PUSH1 0x00 ", 
  "DUP3 ", 
  "DUP3 ", 
  "SLOAD ", 
  "ADD ", 
  "SWAP3 ", 
  "POP ", 
  "POP ", 
  "DUP2 ", 
  "SWAP1 ", 
  "SSTORE ", 
  "POP ", 
  "DUP1 ", 
  "PUSH1 0x01 ", 
  "MLOAD ", 
  "PUSH1 0x00 ", 
  "CALLER ", 
  "PUSH20 0xffffffffffffffffffffffffffffffffffffffff ", 
  "PUSH1 0x40 ", 
  "MLOAD ", 
  "PUSH1 0x01 ", 
  "DUP1 ", 
  "AND ", 
  "PUSH20 0xffffffffffffffffffffffffffffffffffffffff ", 
  "SWAP2 ", 
  "AND ", 
  "DUP2 ", 
  "MSTORE ", 
  "PUSH1 0x20 ", 
  "ADD ", 
  "SWAP1 ", 
  "DUP2 ", 
  "MSTORE ", 
  "PUSH1 0x20 ", 
  "ADD ", 
  "PUSH1 0x00 ", 
  "PUSH2 0x03cc ", 
  "SHA3 ", 
  "PUSH1 0x01 ", 
  "ADD ", 
  "PUSH1 0x00 ", 
  "PUSH1 0x02 ", 
  "SLOAD ", 
  "DUP2 ", 
  "MSTORE ", 
  "PUSH1 0x20 ", 
  "ADD ", 
  "SWAP1 ", 
  "DUP2 ", 
  "MSTORE ", 
  "PUSH1 0x20 ", 
  "ADD ", 
  "PUSH1 0x00 ", 
  "SWAP5 ", 
  "SHA3 ", 
  "PUSH1 0x00 ", 
  "ADD ", 
  "PUSH1 0x00 ", 
  "DUP3 ", 
  "DUP3 ", 
  "SLOAD ", 
  "ADD ", 
  "SWAP3 ", 
  "POP ", 
  "POP ", 
  "DUP2 ", 
  "SWAP1 ", 
  "SSTORE ", 
  "POP ", 
  "PUSH3 0x093a80 ", 
  "TIMESTAMP ", 
  "ADD ", 
  "PUSH1 0x01 ", 
  "PUSH1 0x00 ", 
  "CALLER ", 
  "PUSH20 0xffffffffffffffffffffffffffffffffffffffff ", 
  "POP ", 
  "AND ", 
  "PUSH20 0xffffffffffffffffffffffffffffffffffffffff ", 
  "AND ", 
  "DUP2 ", 
  "MSTORE ", 
  "PUSH1 0x20 ", 
  "ADD ", 
  "SWAP1 ", 
  "DUP2 ", 
  "MSTORE ", 
  "PUSH1 0x20 ", 
  "ADD ", 
  "PUSH1 0x00 ", 
  "SHA3 ", 
  "PUSH1 0x01 ", 
  "ADD ", 
  "PUSH1 0x00 ", 
  "JUMP ", 
  "PUSH1 0x02 ", 
  "JUMPDEST ", 
  "SLOAD ", 
  "DUP2 ", 
  "MSTORE ", 
  "PUSH1 0x20 ", 
  "ADD ", 
  "SWAP1 ", 
  "DUP2 ", 
  "MSTORE ", 
  "PUSH1 0x20 ", 
  "ADD ", 
  "PUSH1 0x00 ", 
  "SHA3 ", 
  "PUSH1 0x01 ", 
  "ADD ", 
  "PUSH1 0x00 ", 
  "PUSH2 0x0100 ", 
  "EXP ", 
  "DUP2 ", 
  "SLOAD ", 
  "DUP2 ", 
  "PUSH4 0xffffffff ", 
  "MUL ", 
  "NOT ", 
  "AND ", 
  "SWAP1 ", 
  "DUP4 ", 
  "PUSH4 0xffffffff ", 
  "AND ", 
  "MUL ", 
  "OR ", 
  "SWAP1 ", 
  "SSTORE ", 
  "POP ", 
  "DUP1 ", 
  "PUSH1 0x00 ", 
  "DUP1 ", 
  "DUP3 ", 
  "DUP3 ", 
  "SLOAD ", 
  "ADD ", 
  "SWAP3 ", 
  "POP ", 
  "POP ", 
  "DUP2 ", 
  "SWAP1 ", 
  "SSTORE ", 
  "POP ", 
  "DUP1 ", 
  "PUSH1 0x02 ", 
  "SLOAD ", 
  "CALLER ", 
  "PUSH20 0xffffffffffffffffffffffffffffffffffffffff ", 
  "STOP ", 
  "AND ", 
  "PUSH32 0x689dcb02b6a65e0e2f1d23ef47c1ec86604ffbed0bcb65f20150cfc7d5e5a948 ", 
  "JUMPDEST ", 
  "PUSH1 0x40 ", 
  "MLOAD ", 
  "PUSH1 0x40 ", 
  "MLOAD ", 
  "DUP1 ", 
  "SWAP2 ", 
  "SUB ", 
  "SWAP1 ", 
  "LOG4 ", 
  "DUP2 ", 
  "DUP5 ", 
  "SUB ", 
  "SWAP4 ", 
  "POP ", 
  "DUP1 ", 
  "PUSH1 0x03 ", 
  "PUSH1 0x00 ", 
  "DUP3 ", 
  "DUP3 ", 
  "SLOAD ", 
  "SUB ", 
  "SWAP3 ", 
  "POP ", 
  "POP ", 
  "DUP2 ", 
  "SWAP1 ", 
  "SSTORE ", 
  "POP ", 
  "PUSH1 0x00 ", 
  "PUSH1 0x03 ", 
  "SLOAD ", 
  "EQ ", 
  "ISZERO ", 
  "PUSH2 0x061c ", 
  "JUMPI ", 
  "PUSH7 0x038d7ea4c68000 ", 
  "PUSH1 0x02 ", 
  "PUSH1 0x00 ", 
  "DUP3 ", 
  "DUP3 ", 
  "SLOAD ", 
  "ADD ", 
  "SWAP3 ", 
  "POP ", 
  "POP ", 
  "DUP2 ", 
  "SWAP1 ", 
  "SSTORE ", 
  "POP ", 
  "PUSH3 0x0f4240 ", 
  "PUSH1 0x64 ", 
  "MUL ", 
  "PUSH1 0x03 ", 
  "DUP2 ", 
  "SWAP1 ", 
  "SSTORE ", 
  "POP ", 
  "PUSH1 0x02 ", 
  "SLOAD ", 
  "PUSH32 0x23c3dae768238f239632b5c4acb89485b440e0fa72481c4aad9f9b4f9b5a0a5f ", 
  "ASSERTFAIL ", 
  "JUMPDEST ", 
  "DIV ", 
  "SWAP3 ", 
  "POP ", 
  "DUP3 ", 
  "DUP5 ", 
  "GT ", 
  "PUSH2 0x0407 "
 ], 
 "overflow": "\n../contractSrc/0x2ebd4d3eab859f56af37c48eb2996fa58e4bfe43.sol:KittyCoin:94:9\ntotalSupply += _units\n^\n../contractSrc/0x2ebd4d3eab859f56af37c48eb2996fa58e4bfe43.sol:KittyCoin:78:9\naccounts[msg.sender].allowanceOf[_spender] += _value\n^\n../contractSrc/0x2ebd4d3eab859f56af37c48eb2996fa58e4bfe43.sol:KittyCoin:67:9\naccounts[_to].balance += _value\n^\n../contractSrc/0x2ebd4d3eab859f56af37c48eb2996fa58e4bfe43.sol:KittyCoin:73:9\naccounts[_to].balance += _value\n^\n../contractSrc/0x2ebd4d3eab859f56af37c48eb2996fa58e4bfe43.sol:KittyCoin:98:30\n_units * _price\n^", 
 "money_concurrency": false, 
 "truncation": false
}}