{"PresalerVoting":{
 "execution_paths": "46", 
 "callstack": false, 
 "reentrancy": false, 
 "modulo": false, 
 "division": false, 
 "execution_time": "54.364896059", 
 "signedness": false, 
 "evm_code_coverage": "84.9", 
 "underflow": false, 
 "time_dependency": "\n../contractSrc/0x3302fea6fefb6eea9644a367da497c2b3dbc9f5c.sol:PresalerVoting:106:16\nif (now <= VOTING_END_TIME) {\r\n^", 
 "assertion_failure": false, 
 "timeout": true, 
 "dead_code": [
  "ASSERTFAIL ", 
  "JUMPDEST ", 
  "PUSH1 0x00 ", 
  "SLOAD ", 
  "DUP2 ", 
  "JUMP ", 
  "JUMPDEST ", 
  "PUSH1 0x40 ", 
  "DUP1 ", 
  "MLOAD ", 
  "SWAP1 ", 
  "DUP2 ", 
  "ADD ", 
  "PUSH1 0x40 ", 
  "MSTORE ", 
  "DUP1 ", 
  "PUSH1 0x05 ", 
  "ISZERO ", 
  "PUSH2 0x043f ", 
  "MSTORE ", 
  "PUSH1 0x20 ", 
  "JUMPI ", 
  "PUSH1 0x00 ", 
  "PUSH32 0x302e302e32000000000000000000000000000000000000000000000000000000 ", 
  "DUP1 ", 
  "REVERT ", 
  "JUMPDEST ", 
  "PUSH2 0x0447 ", 
  "DUP2 ", 
  "PUSH2 0x0823 ", 
  "JUMP ", 
  "JUMPDEST ", 
  "PUSH1 0x40 ", 
  "MLOAD ", 
  "DUP1 ", 
  "DUP3 ", 
  "DUP2 ", 
  "MSTORE ", 
  "PUSH1 0x20 ", 
  "ADD ", 
  "SWAP2 ", 
  "POP ", 
  "POP ", 
  "PUSH1 0x40 ", 
  "MLOAD ", 
  "DUP1 ", 
  "SWAP2 ", 
  "SUB ", 
  "SWAP1 ", 
  "RETURN ", 
  "JUMPDEST ", 
  "CALLVALUE ", 
  "POP ", 
  "PUSH2 0x0468 ", 
  "JUMP ", 
  "JUMPI ", 
  "PUSH1 0x00 ", 
  "DUP1 ", 
  "REVERT ", 
  "JUMPDEST ", 
  "PUSH2 0x0470 ", 
  "PUSH2 0x0829 ", 
  "JUMP ", 
  "JUMPDEST ", 
  "PUSH1 0x40 ", 
  "MLOAD ", 
  "DUP1 ", 
  "DUP1 ", 
  "PUSH1 0x20 ", 
  "ADD ", 
  "DUP3 ", 
  "DUP2 ", 
  "SUB ", 
  "DUP3 ", 
  "MSTORE ", 
  "DUP4 ", 
  "DUP2 ", 
  "DUP2 ", 
  "MLOAD ", 
  "DUP1 ", 
  "PUSH4 0xc8dda301 ", 
  "PUSH1 0x20 ", 
  "ADD ", 
  "SWAP2 ", 
  "EQ ", 
  "PUSH2 0x0434 ", 
  "MLOAD ", 
  "SWAP1 ", 
  "JUMPI ", 
  "DUP1 ", 
  "PUSH4 0xffa1ad74 ", 
  "STOP ", 
  "DUP1 ", 
  "DUP4 ", 
  "DUP4 ", 
  "EQ ", 
  "PUSH2 0x045d ", 
  "JUMPDEST ", 
  "DUP4 ", 
  "JUMPI ", 
  "LT ", 
  "ISZERO ", 
  "PUSH2 0x04b0 ", 
  "JUMPI ", 
  "DUP1 ", 
  "DUP3 ", 
  "ADD ", 
  "MLOAD ", 
  "DUP2 ", 
  "DUP5 ", 
  "ADD ", 
  "MSTORE ", 
  "PUSH1 0x20 ", 
  "DUP2 ", 
  "ADD ", 
  "SWAP1 ", 
  "POP ", 
  "PUSH2 0x0495 ", 
  "JUMP ", 
  "JUMPDEST ", 
  "POP ", 
  "POP ", 
  "POP ", 
  "POP ", 
  "SWAP1 ", 
  "POP ", 
  "SWAP1 ", 
  "DUP2 ", 
  "ADD ", 
  "SWAP1 ", 
  "PUSH1 0x1f ", 
  "AND ", 
  "DUP1 ", 
  "ISZERO ", 
  "PUSH2 0x04dd ", 
  "JUMPI ", 
  "DUP1 ", 
  "DUP3 ", 
  "SUB ", 
  "DUP1 ", 
  "MLOAD ", 
  "PUSH1 0x01 ", 
  "DUP4 ", 
  "PUSH1 0x20 ", 
  "SUB ", 
  "PUSH2 0x0100 ", 
  "EXP ", 
  "SUB ", 
  "NOT ", 
  "AND ", 
  "DUP2 ", 
  "MSTORE ", 
  "PUSH1 0x20 ", 
  "ADD ", 
  "SWAP2 ", 
  "POP ", 
  "JUMPDEST ", 
  "POP ", 
  "SWAP3 ", 
  "POP ", 
  "POP ", 
  "POP ", 
  "PUSH1 0x40 ", 
  "MLOAD ", 
  "DUP1 ", 
  "SWAP2 ", 
  "SUB ", 
  "SWAP1 ", 
  "RETURN ", 
  "DUP2 ", 
  "MSTORE ", 
  "DUP2 ", 
  "POP ", 
  "DUP1 ", 
  "JUMPDEST ", 
  "CALLVALUE ", 
  "PUSH1 0x20 ", 
  "ISZERO ", 
  "DUP2 ", 
  "MSTORE ", 
  "ADD ", 
  "SWAP1 ", 
  "ADD ", 
  "PUSH1 0x00 ", 
  "DUP2 ", 
  "ASSERTFAIL ", 
  "PUSH1 0x00 ", 
  "DUP1 ", 
  "REVERT ", 
  "ASSERTFAIL "
 ], 
 "overflow": "\n../contractSrc/0x3302fea6fefb6eea9644a367da497c2b3dbc9f5c.sol:PresalerVoting:83:27\nnow + max(durationHrs,1) * 1 hours\n^\n../contractSrc/0x3302fea6fefb6eea9644a367da497c2b3dbc9f5c.sol:PresalerVoting:83:33\nmax(durationHrs,1) * 1 hours\n^", 
 "money_concurrency": false, 
 "truncation": false
}}