{"PlebsToken":{
 "execution_paths": "29", 
 "callstack": false, 
 "reentrancy": false, 
 "modulo": false, 
 "division": false, 
 "execution_time": "50.0110850334", 
 "signedness": false, 
 "evm_code_coverage": "80.4", 
 "underflow": "\n../contractSrc/0x37b9c3c44a0ec04e3888f487c4f0b5594b877214.sol:PlebsToken:135:9\ntotalSupply -= _value\n^\n../contractSrc/0x37b9c3c44a0ec04e3888f487c4f0b5594b877214.sol:PlebsToken:153:9\ntotalSupply -= _value\n^", 
 "time_dependency": false, 
 "assertion_failure": false, 
 "timeout": true, 
 "dead_code": [
  "STOP ", 
  "DUP1 ", 
  "PUSH4 0xcae9ca51 ", 
  "EQ ", 
  "PUSH2 0x042a ", 
  "JUMPI ", 
  "DUP1 ", 
  "PUSH4 0xdd62ed3e ", 
  "EQ ", 
  "PUSH2 0x04c7 ", 
  "JUMPI ", 
  "PUSH1 0x20 ", 
  "PUSH20 0xffffffffffffffffffffffffffffffffffffffff ", 
  "PUSH1 0x20 ", 
  "JUMPI ", 
  "SWAP1 ", 
  "ADD ", 
  "ADD ", 
  "PUSH1 0x00 ", 
  "SWAP2 ", 
  "DUP3 ", 
  "DUP2 ", 
  "SUB ", 
  "SWAP1 ", 
  "MSTORE ", 
  "ADD ", 
  "SWAP1 ", 
  "SWAP2 ", 
  "SWAP1 ", 
  "MSTORE ", 
  "PUSH1 0x20 ", 
  "ADD ", 
  "POP ", 
  "DUP1 ", 
  "MLOAD ", 
  "SWAP1 ", 
  "PUSH1 0x20 ", 
  "ADD ", 
  "SWAP1 ", 
  "DUP4 ", 
  "DUP4 ", 
  "DUP1 ", 
  "JUMPDEST ", 
  "DUP2 ", 
  "LT ", 
  "PUSH2 0x0c91 ", 
  "JUMPI ", 
  "DUP1 ", 
  "ADD ", 
  "MLOAD ", 
  "DUP5 ", 
  "ADD ", 
  "MSTORE ", 
  "PUSH1 0x20 ", 
  "ADD ", 
  "SWAP1 ", 
  "POP ", 
  "PUSH2 0x0c76 ", 
  "JUMP ", 
  "JUMPDEST ", 
  "DUP2 ", 
  "POP ", 
  "POP ", 
  "POP ", 
  "JUMPDEST ", 
  "POP ", 
  "POP ", 
  "JUMP ", 
  "JUMPDEST ", 
  "PUSH1 0x00 ", 
  "DUP1 ", 
  "DUP4 ", 
  "SWAP1 ", 
  "POP ", 
  "PUSH2 0x0b97 ", 
  "SWAP1 ", 
  "DUP6 ", 
  "PUSH2 0x05d1 ", 
  "JUMP ", 
  "DUP2 ", 
  "ISZERO ", 
  "PUSH2 0x0cf8 ", 
  "JUMPI ", 
  "ADD ", 
  "PUSH20 0xffffffffffffffffffffffffffffffffffffffff ", 
  "SWAP1 ", 
  "PUSH1 0x1f ", 
  "AND ", 
  "PUSH4 0x8f4ffcb1 ", 
  "AND ", 
  "CALLER ", 
  "DUP7 ", 
  "DUP1 ", 
  "DUP8 ", 
  "PUSH1 0x40 ", 
  "MLOAD ", 
  "DUP6 ", 
  "PUSH4 0xffffffff ", 
  "AND ", 
  "PUSH2 0x0cbe ", 
  "POP ", 
  "DUP1 ", 
  "DUP3 ", 
  "DUP2 ", 
  "MSTORE ", 
  "PUSH1 0x04 ", 
  "ADD ", 
  "DUP1 ", 
  "DUP6 ", 
  "PUSH20 0xffffffffffffffffffffffffffffffffffffffff ", 
  "PUSH1 0x00 ", 
  "DUP1 ", 
  "REVERT ", 
  "MLOAD ", 
  "SUB ", 
  "AND ", 
  "PUSH20 0xffffffffffffffffffffffffffffffffffffffff ", 
  "JUMP ", 
  "JUMPDEST ", 
  "AND ", 
  "DUP2 ", 
  "MSTORE ", 
  "PUSH1 0x20 ", 
  "ADD ", 
  "DUP5 ", 
  "DUP2 ", 
  "MSTORE ", 
  "PUSH2 0x0100 ", 
  "ADD ", 
  "DUP4 ", 
  "PUSH20 0xffffffffffffffffffffffffffffffffffffffff ", 
  "JUMPDEST ", 
  "STOP ", 
  "JUMPDEST ", 
  "CALLVALUE ", 
  "ISZERO ", 
  "PUSH2 0x0435 ", 
  "JUMPI ", 
  "PUSH1 0x00 ", 
  "DUP1 ", 
  "REVERT ", 
  "JUMPDEST ", 
  "PUSH2 0x04ad ", 
  "PUSH1 0x04 ", 
  "AND ", 
  "DUP1 ", 
  "DUP1 ", 
  "CALLDATALOAD ", 
  "PUSH20 0xffffffffffffffffffffffffffffffffffffffff ", 
  "NOT ", 
  "AND ", 
  "DUP2 ", 
  "AND ", 
  "DUP2 ", 
  "MSTORE ", 
  "AND ", 
  "SWAP1 ", 
  "PUSH1 0x20 ", 
  "DUP1 ", 
  "PUSH1 0x20 ", 
  "SWAP1 ", 
  "ADD ", 
  "SWAP1 ", 
  "DUP1 ", 
  "CALLDATALOAD ", 
  "DUP3 ", 
  "PUSH1 0x20 ", 
  "DUP4 ", 
  "DUP2 ", 
  "DUP2 ", 
  "MLOAD ", 
  "DUP2 ", 
  "DUP1 ", 
  "CALLDATALOAD ", 
  "SWAP1 ", 
  "PUSH1 0x20 ", 
  "SWAP2 ", 
  "ADD ", 
  "SWAP1 ", 
  "DUP3 ", 
  "ADD ", 
  "DUP1 ", 
  "CALLDATALOAD ", 
  "SWAP1 ", 
  "PUSH1 0x20 ", 
  "DUP1 ", 
  "ADD ", 
  "SWAP1 ", 
  "PUSH1 0x00 ", 
  "DUP1 ", 
  "PUSH1 0x1f ", 
  "DUP4 ", 
  "ADD ", 
  "PUSH1 0x20 ", 
  "ISZERO ", 
  "DUP1 ", 
  "SWAP2 ", 
  "DIV ", 
  "MUL ", 
  "PUSH1 0x20 ", 
  "DUP3 ", 
  "ADD ", 
  "PUSH1 0x40 ", 
  "DUP2 ", 
  "MLOAD ", 
  "SWAP1 ", 
  "DUP2 ", 
  "ADD ", 
  "PUSH1 0x40 ", 
  "DUP2 ", 
  "MSTORE ", 
  "DUP1 ", 
  "SWAP4 ", 
  "SWAP3 ", 
  "SWAP2 ", 
  "SWAP1 ", 
  "DUP2 ", 
  "DUP2 ", 
  "MSTORE ", 
  "PUSH1 0x20 ", 
  "POP ", 
  "ADD ", 
  "DUP4 ", 
  "POP ", 
  "DUP1 ", 
  "DUP3 ", 
  "DUP5 ", 
  "CALLDATACOPY ", 
  "DUP3 ", 
  "ADD ", 
  "SWAP2 ", 
  "POP ", 
  "POP ", 
  "POP ", 
  "POP ", 
  "POP ", 
  "JUMPI ", 
  "SWAP2 ", 
  "SWAP1 ", 
  "POP ", 
  "POP ", 
  "PUSH2 0x0b87 ", 
  "PUSH1 0x01 ", 
  "PUSH1 0x00 ", 
  "DUP4 ", 
  "PUSH1 0x20 ", 
  "PUSH1 0x40 ", 
  "SUB ", 
  "MLOAD ", 
  "DUP1 ", 
  "DUP3 ", 
  "ISZERO ", 
  "ISZERO ", 
  "ISZERO ", 
  "ISZERO ", 
  "DUP2 ", 
  "MSTORE ", 
  "PUSH1 0x20 ", 
  "ADD ", 
  "SWAP2 ", 
  "POP ", 
  "POP ", 
  "POP ", 
  "SWAP6 ", 
  "MLOAD ", 
  "DUP1 ", 
  "SWAP2 ", 
  "SUB ", 
  "SWAP1 ", 
  "RETURN ", 
  "JUMPDEST ", 
  "CALLVALUE ", 
  "ISZERO ", 
  "PUSH2 0x04d2 ", 
  "MLOAD ", 
  "DUP1 ", 
  "JUMPI ", 
  "PUSH1 0x00 ", 
  "DUP4 ", 
  "DUP1 ", 
  "REVERT ", 
  "JUMPDEST ", 
  "PUSH2 0x051d ", 
  "EXTCODESIZE ", 
  "SUB ", 
  "PUSH1 0x04 ", 
  "PUSH2 0x0cdf ", 
  "DUP1 ", 
  "DUP1 ", 
  "CALLDATALOAD ", 
  "PUSH20 0xffffffffffffffffffffffffffffffffffffffff ", 
  "DUP1 ", 
  "REVERT ", 
  "JUMPDEST ", 
  "GAS ", 
  "PUSH1 0x00 ", 
  "ISZERO ", 
  "ISZERO ", 
  "PUSH2 0x0cec ", 
  "JUMPI ", 
  "PUSH1 0x00 ", 
  "DUP1 ", 
  "REVERT ", 
  "JUMPDEST ", 
  "DUP8 ", 
  "POP ", 
  "POP ", 
  "AND ", 
  "SWAP1 ", 
  "PUSH1 0x20 ", 
  "DUP1 ", 
  "ADD ", 
  "SWAP1 ", 
  "SWAP2 ", 
  "SWAP1 ", 
  "DUP1 ", 
  "CALLDATALOAD ", 
  "PUSH20 0xffffffffffffffffffffffffffffffffffffffff ", 
  "SWAP4 ", 
  "SWAP3 ", 
  "POP ", 
  "POP ", 
  "ISZERO ", 
  "JUMP ", 
  "JUMPDEST ", 
  "PUSH1 0x05 ", 
  "PUSH1 0x20 ", 
  "ISZERO ", 
  "MSTORE ", 
  "DUP2 ", 
  "PUSH1 0x00 ", 
  "MSTORE ", 
  "PUSH1 0x40 ", 
  "PUSH1 0x00 ", 
  "AND ", 
  "SWAP1 ", 
  "PUSH1 0x20 ", 
  "MSTORE ", 
  "ADD ", 
  "SWAP1 ", 
  "SWAP2 ", 
  "SWAP1 ", 
  "POP ", 
  "POP ", 
  "PUSH2 0x0d01 ", 
  "SHA3 ", 
  "JUMP ", 
  "JUMPDEST ", 
  "PUSH1 0x40 ", 
  "POP ", 
  "MLOAD ", 
  "DUP1 ", 
  "DUP3 ", 
  "DUP2 ", 
  "MSTORE ", 
  "PUSH1 0x20 ", 
  "ADD ", 
  "SWAP2 ", 
  "POP ", 
  "POP ", 
  "PUSH1 0x40 ", 
  "MLOAD ", 
  "DUP1 ", 
  "SWAP2 ", 
  "SUB ", 
  "SWAP1 ", 
  "RETURN ", 
  "DUP5 ", 
  "CALL ", 
  "EXP ", 
  "DUP6 ", 
  "SUB ", 
  "JUMPDEST ", 
  "POP ", 
  "PUSH1 0x01 ", 
  "SWAP2 ", 
  "DUP1 ", 
  "POP ", 
  "PUSH2 0x0cf9 ", 
  "JUMP ", 
  "JUMPDEST ", 
  "JUMPDEST ", 
  "POP ", 
  "MSTORE ", 
  "PUSH1 0x20 ", 
  "SWAP2 ", 
  "POP ", 
  "POP ", 
  "ADD ", 
  "SHA3 ", 
  "PUSH1 0x20 ", 
  "ADDRESS ", 
  "DUP1 ", 
  "PUSH1 0x00 ", 
  "MSTORE ", 
  "PUSH1 0x40 ", 
  "PUSH1 0x40 ", 
  "PUSH1 0x00 ", 
  "PUSH1 0x00 ", 
  "PUSH29 0x0100000000000000000000000000000000000000000000000000000000 ", 
  "JUMPDEST ", 
  "SWAP2 ", 
  "DUP1 ", 
  "SWAP2 ", 
  "POP ", 
  "POP ", 
  "SLOAD ", 
  "DUP2 ", 
  "JUMP ", 
  "POP ", 
  "POP ", 
  "POP ", 
  "MUL ", 
  "POP ", 
  "POP ", 
  "POP ", 
  "ISZERO ", 
  "PUSH1 0x40 "
 ], 
 "overflow": "\n../contractSrc/0x37b9c3c44a0ec04e3888f487c4f0b5594b877214.sol:PlebsToken:61:16\nbalanceOf[_from] + balanceOf[_to]\n^\n../contractSrc/0x37b9c3c44a0ec04e3888f487c4f0b5594b877214.sol:PlebsToken:54:33\nbalanceOf[_from] + balanceOf[_to]\n^", 
 "money_concurrency": false, 
 "truncation": false
}}