{"Crowdsale":{
 "execution_paths": "74", 
 "callstack": false, 
 "reentrancy": false, 
 "modulo": false, 
 "division": false, 
 "execution_time": "48.4862818718", 
 "signedness": false, 
 "evm_code_coverage": "98.7", 
 "underflow": "\n../contractSrc/0x3b6b74df081bc0e2c4776b3ceb3d4bc61c20ad32.sol:Crowdsale:29:33\nmaximumTarget - amountRaised\n^\n../contractSrc/0x3b6b74df081bc0e2c4776b3ceb3d4bc61c20ad32.sol:Crowdsale:105:21\nresAmount -= amount\n^\n../contractSrc/0x3b6b74df081bc0e2c4776b3ceb3d4bc61c20ad32.sol:Crowdsale:47:17\nresAmount -= amount\n^", 
 "time_dependency": "\n../contractSrc/0x3b6b74df081bc0e2c4776b3ceb3d4bc61c20ad32.sol:Crowdsale:79:32\nif (now >= deadline) _\n^", 
 "assertion_failure": false, 
 "timeout": false, 
 "dead_code": [
  "STOP ", 
  "JUMPDEST ", 
  "DUP1 ", 
  "PUSH1 0x03 ", 
  "PUSH1 0x00 ", 
  "CALLER ", 
  "PUSH20 0xffffffffffffffffffffffffffffffffffffffff ", 
  "AND ", 
  "PUSH20 0xffffffffffffffffffffffffffffffffffffffff ", 
  "AND ", 
  "DUP2 ", 
  "MSTORE ", 
  "PUSH1 0x20 ", 
  "ADD ", 
  "SWAP1 ", 
  "DUP2 ", 
  "MSTORE ", 
  "PUSH1 0x20 ", 
  "ADD ", 
  "PUSH1 0x00 ", 
  "SHA3 ", 
  "DUP2 ", 
  "SWAP1 ", 
  "SSTORE ", 
  "POP "
 ], 
 "overflow": "\n../contractSrc/0x3b6b74df081bc0e2c4776b3ceb3d4bc61c20ad32.sol:Crowdsale:33:9\nresAmount += amount\n^\n../contractSrc/0x3b6b74df081bc0e2c4776b3ceb3d4bc61c20ad32.sol:Crowdsale:32:9\namountRaised += amount\n^\n../contractSrc/0x3b6b74df081bc0e2c4776b3ceb3d4bc61c20ad32.sol:Crowdsale:34:9\nsoldTokens += amount / price\n^\n../contractSrc/0x3b6b74df081bc0e2c4776b3ceb3d4bc61c20ad32.sol:Crowdsale:31:9\nbalanceOf[msg.sender] += amount\n^", 
 "money_concurrency": "\nFlow 1:\n../contractSrc/0x3b6b74df081bc0e2c4776b3ceb3d4bc61c20ad32.sol:Crowdsale:45:17\nbeneficiary.send(amount)\n^\nFlow 2:\n../contractSrc/0x3b6b74df081bc0e2c4776b3ceb3d4bc61c20ad32.sol:Crowdsale:65:13\nbeneficiary.send(resAmount)\n^", 
 "truncation": false
},"token":{
 "execution_paths": "4", 
 "callstack": false, 
 "reentrancy": false, 
 "modulo": false, 
 "division": false, 
 "execution_time": "0.0721879005432", 
 "signedness": false, 
 "evm_code_coverage": "98.5", 
 "underflow": false, 
 "time_dependency": false, 
 "assertion_failure": false, 
 "timeout": false, 
 "dead_code": [
  "STOP "
 ], 
 "overflow": false, 
 "money_concurrency": false, 
 "truncation": false
}}