{"EMOToken":{
 "execution_paths": "33", 
 "callstack": false, 
 "reentrancy": false, 
 "modulo": false, 
 "division": false, 
 "execution_time": "50.022341013", 
 "signedness": false, 
 "evm_code_coverage": "77.7", 
 "underflow": false, 
 "time_dependency": false, 
 "assertion_failure": false, 
 "timeout": true, 
 "dead_code": [
  "AND ", 
  "PUSH20 0xffffffffffffffffffffffffffffffffffffffff ", 
  "AND ", 
  "DUP2 ", 
  "MSTORE ", 
  "PUSH1 0x20 ", 
  "ADD ", 
  "DUP3 ", 
  "DUP1 ", 
  "MLOAD ", 
  "SWAP1 ", 
  "PUSH1 0x20 ", 
  "ADD ", 
  "SWAP1 ", 
  "DUP1 ", 
  "DUP4 ", 
  "DUP4 ", 
  "PUSH1 0x00 ", 
  "JUMPDEST ", 
  "DUP4 ", 
  "DUP2 ", 
  "LT ", 
  "ISZERO ", 
  "PUSH2 0x1046 ", 
  "JUMPI ", 
  "DUP1 ", 
  "DUP3 ", 
  "ADD ", 
  "MLOAD ", 
  "DUP2 ", 
  "DUP5 ", 
  "ADD ", 
  "MSTORE ", 
  "PUSH1 0x20 ", 
  "DUP2 ", 
  "ADD ", 
  "SWAP1 ", 
  "POP ", 
  "PUSH2 0x102b ", 
  "JUMP ", 
  "JUMPDEST ", 
  "POP ", 
  "POP ", 
  "POP ", 
  "POP ", 
  "SWAP1 ", 
  "POP ", 
  "SWAP1 ", 
  "DUP2 ", 
  "ADD ", 
  "SWAP1 ", 
  "PUSH1 0x1f ", 
  "AND ", 
  "DUP1 ", 
  "ISZERO ", 
  "PUSH2 0x1073 ", 
  "JUMPI ", 
  "DUP1 ", 
  "DUP3 ", 
  "SUB ", 
  "DUP1 ", 
  "MLOAD ", 
  "PUSH1 0x01 ", 
  "DUP4 ", 
  "PUSH1 0x20 ", 
  "SUB ", 
  "PUSH2 0x0100 ", 
  "EXP ", 
  "SUB ", 
  "NOT ", 
  "AND ", 
  "DUP2 ", 
  "MSTORE ", 
  "PUSH1 0x20 ", 
  "ADD ", 
  "SWAP2 ", 
  "POP ", 
  "JUMPDEST ", 
  "POP ", 
  "SWAP5 ", 
  "POP ", 
  "POP ", 
  "POP ", 
  "POP ", 
  "POP ", 
  "PUSH1 0x00 ", 
  "PUSH1 0x40 ", 
  "MLOAD ", 
  "DUP1 ", 
  "DUP4 ", 
  "SUB ", 
  "DUP2 ", 
  "PUSH1 0x00 ", 
  "DUP8 ", 
  "GAS ", 
  "CALL ", 
  "SWAP3 ", 
  "POP ", 
  "POP ", 
  "POP ", 
  "ISZERO ", 
  "ISZERO ", 
  "PUSH2 0x1097 ", 
  "JUMPI ", 
  "PUSH1 0x00 ", 
  "DUP1 ", 
  "REVERT ", 
  "JUMPDEST ", 
  "PUSH1 0x01 ", 
  "SWAP1 ", 
  "POP ", 
  "SWAP4 ", 
  "SWAP3 ", 
  "POP ", 
  "POP ", 
  "POP ", 
  "JUMP ", 
  "JUMPDEST ", 
  "PUSH1 0x00 ", 
  "DUP1 ", 
  "PUSH4 0xaaf5eb68 ", 
  "PUSH1 0x00 ", 
  "DUP5 ", 
  "EQ ", 
  "PUSH2 0x04ff ", 
  "JUMPI ", 
  "DUP1 ", 
  "PUSH4 0xcae9ca51 ", 
  "EQ ", 
  "PUSH2 0x0528 ", 
  "JUMPI ", 
  "DUP1 ", 
  "PUSH4 0xdd62ed3e ", 
  "AND ", 
  "EQ ", 
  "PUSH2 0x05c5 ", 
  "JUMPI ", 
  "AND ", 
  "DUP2 ", 
  "MSTORE ", 
  "PUSH1 0x20 ", 
  "ADD ", 
  "SWAP1 ", 
  "DUP2 ", 
  "MSTORE ", 
  "PUSH1 0x20 ", 
  "ADD ", 
  "PUSH1 0x00 ", 
  "SHA3 ", 
  "PUSH1 0x00 ", 
  "DUP4 ", 
  "PUSH20 0xffffffffffffffffffffffffffffffffffffffff ", 
  "AND ", 
  "PUSH20 0xffffffffffffffffffffffffffffffffffffffff ", 
  "AND ", 
  "DUP2 ", 
  "MSTORE ", 
  "PUSH1 0x20 ", 
  "ADD ", 
  "SWAP1 ", 
  "DUP2 ", 
  "MSTORE ", 
  "PUSH1 0x20 ", 
  "ADD ", 
  "PUSH1 0x00 ", 
  "SHA3 ", 
  "SLOAD ", 
  "SWAP1 ", 
  "POP ", 
  "SWAP3 ", 
  "SWAP2 ", 
  "POP ", 
  "POP ", 
  "JUMP ", 
  "STOP ", 
  "DUP1 ", 
  "JUMPDEST ", 
  "POP ", 
  "PUSH1 0x04 ", 
  "PUSH1 0x02 ", 
  "PUSH20 0xffffffffffffffffffffffffffffffffffffffff ", 
  "CALLER ", 
  "PUSH20 0xffffffffffffffffffffffffffffffffffffffff ", 
  "PUSH1 0x00 ", 
  "DUP1 ", 
  "REVERT ", 
  "PUSH20 0xffffffffffffffffffffffffffffffffffffffff ", 
  "AND ", 
  "JUMPDEST ", 
  "CALLVALUE ", 
  "ISZERO ", 
  "PUSH2 0x050a ", 
  "JUMPI ", 
  "PUSH1 0x00 ", 
  "DUP1 ", 
  "REVERT ", 
  "JUMPDEST ", 
  "PUSH2 0x0512 ", 
  "PUSH2 0x0dfa ", 
  "JUMP ", 
  "JUMPDEST ", 
  "PUSH1 0x40 ", 
  "MLOAD ", 
  "DUP1 ", 
  "DUP3 ", 
  "DUP2 ", 
  "MSTORE ", 
  "PUSH1 0x20 ", 
  "ADD ", 
  "SWAP2 ", 
  "POP ", 
  "POP ", 
  "PUSH1 0x40 ", 
  "MLOAD ", 
  "DUP1 ", 
  "SWAP2 ", 
  "SUB ", 
  "SWAP1 ", 
  "RETURN ", 
  "JUMPDEST ", 
  "CALLVALUE ", 
  "ISZERO ", 
  "PUSH2 0x0533 ", 
  "JUMPI ", 
  "PUSH1 0x00 ", 
  "DUP1 ", 
  "REVERT ", 
  "JUMPDEST ", 
  "PUSH2 0x05ab ", 
  "PUSH1 0x04 ", 
  "DUP1 ", 
  "DUP1 ", 
  "CALLDATALOAD ", 
  "PUSH20 0xffffffffffffffffffffffffffffffffffffffff ", 
  "AND ", 
  "SWAP1 ", 
  "PUSH1 0x20 ", 
  "ASSERTFAIL ", 
  "ADD ", 
  "SWAP1 ", 
  "SWAP2 ", 
  "SWAP1 ", 
  "DUP1 ", 
  "CALLDATALOAD ", 
  "SWAP1 ", 
  "PUSH1 0x20 ", 
  "ADD ", 
  "SWAP1 ", 
  "SWAP2 ", 
  "SWAP1 ", 
  "DUP1 ", 
  "CALLDATALOAD ", 
  "SWAP1 ", 
  "PUSH1 0x20 ", 
  "ADD ", 
  "SWAP1 ", 
  "DUP3 ", 
  "ADD ", 
  "DUP1 ", 
  "CALLDATALOAD ", 
  "SWAP1 ", 
  "PUSH1 0x20 ", 
  "ADD ", 
  "SWAP1 ", 
  "DUP1 ", 
  "DUP1 ", 
  "PUSH1 0x1f ", 
  "ADD ", 
  "PUSH1 0x20 ", 
  "DUP1 ", 
  "SWAP2 ", 
  "DIV ", 
  "MUL ", 
  "PUSH1 0x20 ", 
  "ADD ", 
  "PUSH1 0x40 ", 
  "MLOAD ", 
  "SWAP1 ", 
  "DUP2 ", 
  "ADD ", 
  "PUSH1 0x40 ", 
  "MSTORE ", 
  "DUP1 ", 
  "SWAP4 ", 
  "SWAP3 ", 
  "SWAP2 ", 
  "SWAP1 ", 
  "DUP2 ", 
  "DUP2 ", 
  "MSTORE ", 
  "PUSH1 0x20 ", 
  "ADD ", 
  "DUP4 ", 
  "DUP4 ", 
  "DUP1 ", 
  "DUP3 ", 
  "DUP5 ", 
  "CALLDATACOPY ", 
  "DUP3 ", 
  "ADD ", 
  "SWAP2 ", 
  "POP ", 
  "POP ", 
  "POP ", 
  "POP ", 
  "POP ", 
  "POP ", 
  "SWAP2 ", 
  "SWAP1 ", 
  "POP ", 
  "POP ", 
  "PUSH2 0x0e05 ", 
  "PUSH1 0x00 ", 
  "JUMP ", 
  "REVERT ", 
  "PUSH1 0x40 ", 
  "MLOAD ", 
  "DUP1 ", 
  "DUP3 ", 
  "ISZERO ", 
  "ISZERO ", 
  "ISZERO ", 
  "ISZERO ", 
  "DUP2 ", 
  "MSTORE ", 
  "PUSH1 0x20 ", 
  "ADD ", 
  "SWAP2 ", 
  "POP ", 
  "ASSERTFAIL ", 
  "PUSH1 0x40 ", 
  "MLOAD ", 
  "DUP1 ", 
  "SWAP2 ", 
  "SUB ", 
  "SWAP1 ", 
  "RETURN ", 
  "JUMPDEST ", 
  "CALLVALUE ", 
  "ISZERO ", 
  "PUSH2 0x05d0 ", 
  "JUMPI ", 
  "PUSH1 0x00 ", 
  "DUP1 ", 
  "REVERT ", 
  "JUMPDEST ", 
  "PUSH2 0x061b ", 
  "ASSERTFAIL ", 
  "DUP1 ", 
  "DUP1 ", 
  "CALLDATALOAD ", 
  "PUSH20 0xffffffffffffffffffffffffffffffffffffffff ", 
  "AND ", 
  "SWAP1 ", 
  "PUSH1 0x20 ", 
  "ADD ", 
  "SWAP1 ", 
  "SWAP2 ", 
  "SWAP1 ", 
  "DUP1 ", 
  "CALLDATALOAD ", 
  "PUSH20 0xffffffffffffffffffffffffffffffffffffffff ", 
  "JUMPDEST ", 
  "PUSH1 0x12 ", 
  "PUSH1 0xff ", 
  "AND ", 
  "PUSH1 0x0a ", 
  "EXP ", 
  "DUP2 ", 
  "JUMP ", 
  "JUMPDEST ", 
  "PUSH1 0x00 ", 
  "DUP3 ", 
  "PUSH1 0x02 ", 
  "PUSH1 0x00 ", 
  "AND ", 
  "SWAP1 ", 
  "PUSH1 0x20 ", 
  "ADD ", 
  "SWAP1 ", 
  "SWAP2 ", 
  "SWAP1 ", 
  "POP ", 
  "POP ", 
  "PUSH2 0x10a2 ", 
  "JUMP ", 
  "JUMPDEST ", 
  "PUSH1 0x40 ", 
  "MLOAD ", 
  "DUP1 ", 
  "DUP3 ", 
  "DUP2 ", 
  "MSTORE ", 
  "PUSH1 0x20 ", 
  "PUSH20 0xffffffffffffffffffffffffffffffffffffffff ", 
  "ADD ", 
  "SWAP2 ", 
  "POP ", 
  "POP ", 
  "PUSH1 0x40 ", 
  "MLOAD ", 
  "DUP1 ", 
  "SWAP2 ", 
  "SUB ", 
  "SWAP1 ", 
  "RETURN ", 
  "AND ", 
  "DUP2 ", 
  "MSTORE ", 
  "PUSH1 0x20 ", 
  "ADD ", 
  "SWAP1 ", 
  "DUP2 ", 
  "MSTORE ", 
  "PUSH1 0x20 ", 
  "ADD ", 
  "PUSH1 0x00 ", 
  "SHA3 ", 
  "PUSH1 0x00 ", 
  "DUP7 ", 
  "PUSH20 0xffffffffffffffffffffffffffffffffffffffff ", 
  "AND ", 
  "PUSH20 0xffffffffffffffffffffffffffffffffffffffff ", 
  "AND ", 
  "DUP2 ", 
  "MSTORE ", 
  "PUSH1 0x20 ", 
  "ADD ", 
  "SWAP1 ", 
  "DUP2 ", 
  "MSTORE ", 
  "PUSH1 0x20 ", 
  "ADD ", 
  "PUSH1 0x00 ", 
  "SHA3 ", 
  "DUP2 ", 
  "SWAP1 ", 
  "SSTORE ", 
  "POP ", 
  "DUP4 ", 
  "PUSH20 0xffffffffffffffffffffffffffffffffffffffff ", 
  "AND ", 
  "CALLER ", 
  "PUSH20 0xffffffffffffffffffffffffffffffffffffffff ", 
  "AND ", 
  "PUSH32 0x8c5be1e5ebec7d5bd14f71427d1e84f3dd0314c0f7b2291e5b200ac8c7c3b925 ", 
  "DUP6 ", 
  "PUSH1 0x40 ", 
  "MLOAD ", 
  "DUP1 ", 
  "DUP3 ", 
  "DUP2 ", 
  "MSTORE ", 
  "PUSH1 0x20 ", 
  "ADD ", 
  "SWAP2 ", 
  "POP ", 
  "POP ", 
  "PUSH1 0x40 ", 
  "MLOAD ", 
  "DUP1 ", 
  "SWAP2 ", 
  "SUB ", 
  "SWAP1 ", 
  "LOG3 ", 
  "DUP4 ", 
  "PUSH20 0xffffffffffffffffffffffffffffffffffffffff ", 
  "AND ", 
  "PUSH1 0x40 ", 
  "MLOAD ", 
  "DUP1 ", 
  "DUP1 ", 
  "PUSH32 0x72656365697665417070726f76616c28616464726573732c75696e743235362c ", 
  "DUP2 ", 
  "MSTORE ", 
  "PUSH1 0x20 ", 
  "ADD ", 
  "PUSH32 0x616464726573732c627974657329000000000000000000000000000000000000 ", 
  "DUP2 ", 
  "MSTORE ", 
  "POP ", 
  "PUSH1 0x2e ", 
  "ADD ", 
  "SWAP1 ", 
  "POP ", 
  "PUSH1 0x40 ", 
  "MLOAD ", 
  "DUP1 ", 
  "SWAP2 ", 
  "SUB ", 
  "SWAP1 ", 
  "SHA3 ", 
  "PUSH29 0x0100000000000000000000000000000000000000000000000000000000 ", 
  "SWAP1 ", 
  "DIV ", 
  "CALLER ", 
  "DUP6 ", 
  "ADDRESS ", 
  "DUP7 ", 
  "PUSH1 0x40 ", 
  "MLOAD ", 
  "DUP6 ", 
  "PUSH4 0xffffffff ", 
  "AND ", 
  "PUSH29 0x0100000000000000000000000000000000000000000000000000000000 ", 
  "MUL ", 
  "DUP2 ", 
  "MSTORE ", 
  "PUSH1 0x04 ", 
  "ADD ", 
  "DUP1 ", 
  "DUP6 ", 
  "PUSH20 0xffffffffffffffffffffffffffffffffffffffff ", 
  "AND ", 
  "PUSH20 0xffffffffffffffffffffffffffffffffffffffff ", 
  "AND ", 
  "DUP2 ", 
  "MSTORE ", 
  "PUSH1 0x20 ", 
  "ADD ", 
  "DUP5 ", 
  "DUP2 ", 
  "MSTORE ", 
  "PUSH1 0x20 ", 
  "ADD ", 
  "DUP4 ", 
  "PUSH20 0xffffffffffffffffffffffffffffffffffffffff "
 ], 
 "overflow": "\n../contractSrc/0x453ffc33de94e9e9d54509ef17fe2d6c9c47a2e3.sol:EMOToken:69:13\nbalances[_to] += _value\n^\n../contractSrc/0x453ffc33de94e9e9d54509ef17fe2d6c9c47a2e3.sol:EMOToken:77:13\nbalances[_to] += _value\n^", 
 "money_concurrency": false, 
 "truncation": false
},"StandardToken":{
 "execution_paths": "22", 
 "callstack": false, 
 "reentrancy": false, 
 "modulo": false, 
 "division": false, 
 "execution_time": "3.51666498184", 
 "signedness": false, 
 "evm_code_coverage": "99.9", 
 "underflow": false, 
 "time_dependency": false, 
 "assertion_failure": false, 
 "timeout": false, 
 "dead_code": [
  "STOP "
 ], 
 "overflow": "\n../contractSrc/0x453ffc33de94e9e9d54509ef17fe2d6c9c47a2e3.sol:StandardToken:69:13\nbalances[_to] += _value\n^\n../contractSrc/0x453ffc33de94e9e9d54509ef17fe2d6c9c47a2e3.sol:StandardToken:77:13\nbalances[_to] += _value\n^", 
 "money_concurrency": false, 
 "truncation": false
}}