{"EtherHealth":{
 "execution_paths": "38", 
 "callstack": false, 
 "reentrancy": false, 
 "modulo": false, 
 "division": false, 
 "execution_time": "33.3549938202", 
 "signedness": false, 
 "evm_code_coverage": "99.9", 
 "underflow": false, 
 "time_dependency": false, 
 "assertion_failure": false, 
 "timeout": false, 
 "dead_code": [
  "STOP "
 ], 
 "overflow": "\n../contractSrc/0x49392a5867a4fd35cc31e366d790216daefaa647.sol:EtherHealth:37:13\nbalances[_to] += _value\n^\n../contractSrc/0x49392a5867a4fd35cc31e366d790216daefaa647.sol:EtherHealth:29:13\nbalances[_to] += _value\n^\n../contractSrc/0x49392a5867a4fd35cc31e366d790216daefaa647.sol:EtherHealth:66:13\ntotalSupply += amount\n^\n../contractSrc/0x49392a5867a4fd35cc31e366d790216daefaa647.sol:EtherHealth:67:13\nbalances[owner] += amount\n^", 
 "money_concurrency": false, 
 "truncation": false
}}