{"MangoCoin":{
 "execution_paths": "35", 
 "callstack": false, 
 "reentrancy": false, 
 "modulo": false, 
 "division": false, 
 "execution_time": "41.6884701252", 
 "signedness": false, 
 "evm_code_coverage": "99.9", 
 "underflow": false, 
 "time_dependency": false, 
 "assertion_failure": false, 
 "timeout": false, 
 "dead_code": [
  "STOP "
 ], 
 "overflow": "\n../contractSrc/0x50ffa3cdcc3b8993c1b9ba25171fd7fd4f13e18a.sol:MangoCoin:40:13\nbalances[_to] += _value\n^\n../contractSrc/0x50ffa3cdcc3b8993c1b9ba25171fd7fd4f13e18a.sol:MangoCoin:32:13\nbalances[_to] += _value\n^", 
 "money_concurrency": false, 
 "truncation": false
},"StandardToken":{
 "execution_paths": "22", 
 "callstack": false, 
 "reentrancy": false, 
 "modulo": false, 
 "division": false, 
 "execution_time": "3.49555301666", 
 "signedness": false, 
 "evm_code_coverage": "99.9", 
 "underflow": false, 
 "time_dependency": false, 
 "assertion_failure": false, 
 "timeout": false, 
 "dead_code": [
  "STOP "
 ], 
 "overflow": "\n../contractSrc/0x50ffa3cdcc3b8993c1b9ba25171fd7fd4f13e18a.sol:StandardToken:40:13\nbalances[_to] += _value\n^\n../contractSrc/0x50ffa3cdcc3b8993c1b9ba25171fd7fd4f13e18a.sol:StandardToken:32:13\nbalances[_to] += _value\n^", 
 "money_concurrency": false, 
 "truncation": false
}}