{"Token":{
 "execution_paths": "32", 
 "callstack": false, 
 "reentrancy": false, 
 "modulo": false, 
 "division": false, 
 "execution_time": "50.0298039913", 
 "signedness": false, 
 "evm_code_coverage": "48.5", 
 "underflow": false, 
 "time_dependency": false, 
 "assertion_failure": false, 
 "timeout": true, 
 "dead_code": [
  "CALLER ", 
  "AND ", 
  "SWAP1 ", 
  "PUSH1 0x20 ", 
  "PUSH1 0x20 ", 
  "ADD ", 
  "SWAP1 ", 
  "SWAP2 ", 
  "SWAP1 ", 
  "POP ", 
  "POP ", 
  "PUSH2 0x10e5 ", 
  "ADD ", 
  "PUSH1 0x00 ", 
  "JUMP ", 
  "JUMPDEST ", 
  "PUSH1 0x40 ", 
  "MLOAD ", 
  "DUP1 ", 
  "DUP3 ", 
  "DUP2 ", 
  "MSTORE ", 
  "PUSH1 0x20 ", 
  "POP ", 
  "ADD ", 
  "SWAP2 ", 
  "POP ", 
  "POP ", 
  "PUSH1 0x40 ", 
  "PUSH1 0x0e ", 
  "MLOAD ", 
  "DUP1 ", 
  "SWAP2 ", 
  "SUB ", 
  "SWAP1 ", 
  "RETURN ", 
  "JUMPDEST ", 
  "CALLVALUE ", 
  "ISZERO ", 
  "PUSH2 0x0833 ", 
  "ADD ", 
  "JUMPI ", 
  "PUSH1 0x00 ", 
  "DUP1 ", 
  "REVERT ", 
  "JUMPDEST ", 
  "PUSH2 0x083b ", 
  "PUSH1 0x20 ", 
  "PUSH2 0x116c ", 
  "PUSH2 0x0ee3 ", 
  "JUMP ", 
  "JUMPDEST ", 
  "STOP ", 
  "PUSH1 0x00 ", 
  "ADD ", 
  "DUP2 ", 
  "PUSH1 0x00 ", 
  "MSTORE ", 
  "PUSH1 0x20 ", 
  "PUSH20 0xffffffffffffffffffffffffffffffffffffffff ", 
  "AND ", 
  "DUP2 ", 
  "MSTORE ", 
  "PUSH1 0x20 ", 
  "AND ", 
  "SWAP1 ", 
  "DUP2 ", 
  "MSTORE ", 
  "PUSH1 0x20 ", 
  "ADD ", 
  "PUSH1 0x00 ", 
  "SHA3 ", 
  "PUSH1 0x00 ", 
  "DUP3 ", 
  "DUP3 ", 
  "SLOAD ", 
  "ADD ", 
  "SWAP3 ", 
  "POP ", 
  "POP ", 
  "DUP2 ", 
  "SWAP1 ", 
  "SSTORE ", 
  "POP ", 
  "AND ", 
  "PUSH20 0xffffffffffffffffffffffffffffffffffffffff ", 
  "DIV ", 
  "SWAP2 ", 
  "PUSH1 0x00 ", 
  "POP ", 
  "MSTORE ", 
  "PUSH20 0xffffffffffffffffffffffffffffffffffffffff ", 
  "DUP3 ", 
  "MUL ", 
  "SWAP1 ", 
  "AND ", 
  "CALLER ", 
  "DUP3 ", 
  "JUMPDEST ", 
  "DUP2 ", 
  "PUSH1 0x00 ", 
  "SUB ", 
  "MUL ", 
  "SWAP3 ", 
  "SHA3 ", 
  "AND ", 
  "PUSH32 0xddf252ad1be2c89b69c2b068fc378daa952ba7f163c4a11628f55a4df523b3ef ", 
  "ADD ", 
  "JUMP ", 
  "ADD ", 
  "JUMPDEST ", 
  "SLOAD ", 
  "DUP2 ", 
  "MSTORE ", 
  "DUP2 ", 
  "TIMESTAMP ", 
  "DUP1 ", 
  "PUSH4 0x962d0c72 ", 
  "SLOAD ", 
  "PUSH1 0x03 ", 
  "GT ", 
  "EQ ", 
  "PUSH2 0x0739 ", 
  "DUP2 ", 
  "JUMPI ", 
  "DUP1 ", 
  "PUSH4 0xa9059cbb ", 
  "DUP5 ", 
  "MSTORE ", 
  "MLOAD ", 
  "EQ ", 
  "PUSH2 0x0762 ", 
  "DUP2 ", 
  "SWAP1 ", 
  "JUMPI ", 
  "DUP1 ", 
  "PUSH4 0xdd62ed3e ", 
  "PUSH1 0x20 ", 
  "POP ", 
  "PUSH1 0x01 ", 
  "PUSH1 0x40 ", 
  "EQ ", 
  "PUSH2 0x07bc ", 
  "DUP1 ", 
  "SWAP2 ", 
  "JUMPI ", 
  "DUP1 ", 
  "PUSH4 0xfd6b7ef8 ", 
  "PUSH1 0x01 ", 
  "PUSH1 0x00 ", 
  "SWAP1 ", 
  "ADD ", 
  "EQ ", 
  "PUSH2 0x0828 ", 
  "JUMP ", 
  "JUMPI ", 
  "SWAP1 ", 
  "SWAP1 ", 
  "POP ", 
  "DUP6 ", 
  "SWAP3 ", 
  "PUSH1 0x20 ", 
  "POP ", 
  "POP ", 
  "JUMP ", 
  "PUSH20 0xffffffffffffffffffffffffffffffffffffffff ", 
  "PUSH1 0x00 ", 
  "PUSH1 0x0f ", 
  "SLOAD ", 
  "PUSH1 0x00 ", 
  "DUP5 ", 
  "ADD ", 
  "PUSH1 0x02 ", 
  "DUP1 ", 
  "PUSH1 0x20 ", 
  "AND ", 
  "ISZERO ", 
  "DUP4 ", 
  "SWAP4 ", 
  "SLOAD ", 
  "AND ", 
  "GT ", 
  "DUP2 ", 
  "AND ", 
  "PUSH20 0xffffffffffffffffffffffffffffffffffffffff ", 
  "PUSH2 0x0ec6 ", 
  "ISZERO ", 
  "POP ", 
  "DUP2 ", 
  "PUSH1 0x0e ", 
  "PUSH1 0x00 ", 
  "PUSH1 0x03 ", 
  "PUSH2 0x1188 ", 
  "PUSH1 0x00 ", 
  "DUP2 ", 
  "SWAP1 ", 
  "SLOAD ", 
  "SWAP1 ", 
  "PUSH2 0x0100 ", 
  "MSTORE ", 
  "PUSH1 0x20 ", 
  "EXP ", 
  "SWAP1 ", 
  "DIV ", 
  "PUSH20 0xffffffffffffffffffffffffffffffffffffffff ", 
  "MSTORE ", 
  "PUSH1 0x20 ", 
  "ADD ", 
  "PUSH1 0x00 ", 
  "JUMPI ", 
  "SHA3 ", 
  "PUSH1 0x00 ", 
  "DUP2 ", 
  "SUB ", 
  "PUSH20 0xffffffffffffffffffffffffffffffffffffffff ", 
  "PUSH1 0x1f ", 
  "JUMPDEST ", 
  "AND ", 
  "PUSH20 0xffffffffffffffffffffffffffffffffffffffff ", 
  "JUMPI ", 
  "DIV ", 
  "MSTORE ", 
  "AND ", 
  "PUSH1 0x04 ", 
  "AND ", 
  "DUP2 ", 
  "DUP3 ", 
  "ADD ", 
  "AND ", 
  "PUSH20 0xffffffffffffffffffffffffffffffffffffffff ", 
  "JUMPDEST ", 
  "AND ", 
  "DUP2 ", 
  "MSTORE ", 
  "PUSH1 0x20 ", 
  "POP ", 
  "ADD ", 
  "SWAP1 ", 
  "DUP2 ", 
  "MSTORE ", 
  "MSTORE ", 
  "POP ", 
  "AND ", 
  "DUP2 ", 
  "MSTORE ", 
  "PUSH1 0x20 ", 
  "SLOAD ", 
  "ADD ", 
  "SWAP1 ", 
  "DUP2 ", 
  "MSTORE ", 
  "PUSH1 0x20 ", 
  "POP ", 
  "ADD ", 
  "PUSH1 0x00 ", 
  "PUSH1 0x00 ", 
  "SHA3 ", 
  "SLOAD ", 
  "LT ", 
  "ISZERO ", 
  "JUMPDEST ", 
  "DUP1 ", 
  "ISZERO ", 
  "PUSH2 0x017e ", 
  "DUP3 ", 
  "JUMPI ", 
  "POP ", 
  "PUSH1 0x00 ", 
  "DUP3 ", 
  "GT ", 
  "JUMPDEST ", 
  "DUP1 ", 
  "ISZERO ", 
  "PUSH2 0x0209 ", 
  "ISZERO ", 
  "JUMPDEST ", 
  "JUMPI ", 
  "POP ", 
  "PUSH1 0x0e ", 
  "ASSERTFAIL ", 
  "PUSH1 0x00 ", 
  "PUSH1 0x06 ", 
  "CALLER ", 
  "PUSH20 0xffffffffffffffffffffffffffffffffffffffff ", 
  "SLOAD ", 
  "LT ", 
  "ISZERO ", 
  "JUMPDEST ", 
  "ISZERO ", 
  "PUSH2 0x14da ", 
  "PUSH1 0x20 ", 
  "ADD ", 
  "SLOAD ", 
  "SLOAD ", 
  "PUSH1 0x02 ", 
  "SLOAD ", 
  "DUP2 ", 
  "ISZERO ", 
  "ISZERO ", 
  "PUSH2 0x11a3 ", 
  "AND ", 
  "PUSH20 0xffffffffffffffffffffffffffffffffffffffff ", 
  "ASSERTFAIL ", 
  "DUP2 ", 
  "DIV ", 
  "PUSH1 0x04 ", 
  "JUMPDEST ", 
  "LT ", 
  "ISZERO ", 
  "PUSH2 0x13d6 ", 
  "PUSH1 0x00 ", 
  "PUSH1 0x0e ", 
  "PUSH1 0x00 ", 
  "SWAP1 ", 
  "PUSH20 0xffffffffffffffffffffffffffffffffffffffff ", 
  "AND ", 
  "DUP2 ", 
  "MSTORE ", 
  "PUSH1 0x20 ", 
  "ADD ", 
  "SWAP1 ", 
  "DUP2 ", 
  "MSTORE ", 
  "PUSH1 0x20 ", 
  "ADD ", 
  "PUSH1 0x00 ", 
  "SHA3 ", 
  "SLOAD ", 
  "DUP3 ", 
  "PUSH1 0x0e ", 
  "AND ", 
  "PUSH1 0x00 ", 
  "CALLER ", 
  "PUSH20 0xffffffffffffffffffffffffffffffffffffffff ", 
  "JUMPDEST ", 
  "PUSH1 0x00 ", 
  "CALLER ", 
  "PUSH20 0xffffffffffffffffffffffffffffffffffffffff ", 
  "AND ", 
  "DUP2 ", 
  "MSTORE ", 
  "AND ", 
  "PUSH20 0xffffffffffffffffffffffffffffffffffffffff ", 
  "ADD ", 
  "PUSH1 0x05 ", 
  "DUP2 ", 
  "MSTORE ", 
  "PUSH1 0x20 ", 
  "ADD ", 
  "PUSH1 0x00 ", 
  "SLOAD ", 
  "SHA3 ", 
  "SLOAD ", 
  "SWAP1 ", 
  "POP ", 
  "PUSH1 0x00 ", 
  "PUSH1 0x0e ", 
  "ADD ", 
  "CALLER ", 
  "AND ", 
  "DUP2 ", 
  "MSTORE ", 
  "PUSH1 0x20 ", 
  "POP ", 
  "ADD ", 
  "SWAP1 ", 
  "DUP2 ", 
  "MSTORE ", 
  "PUSH1 0x20 ", 
  "DUP2 ", 
  "ADD ", 
  "PUSH1 0x00 ", 
  "SHA3 ", 
  "SLOAD ", 
  "ADD ", 
  "GT ", 
  "JUMPDEST ", 
  "DUP1 ", 
  "ISZERO ", 
  "PUSH2 0x0217 ", 
  "PUSH20 0xffffffffffffffffffffffffffffffffffffffff ", 
  "JUMPI ", 
  "POP ", 
  "PUSH1 0x05 ", 
  "PUSH1 0x00 ", 
  "SLOAD ", 
  "TIMESTAMP ", 
  "GT ", 
  "ISZERO ", 
  "JUMPDEST ", 
  "DUP1 ", 
  "ISZERO ", 
  "PUSH2 0x0230 ", 
  "JUMPI ", 
  "POP ", 
  "PUSH1 0x0c ", 
  "PUSH1 0x00 ", 
  "AND ", 
  "SWAP1 ", 
  "SLOAD ", 
  "SWAP1 ", 
  "PUSH2 0x0100 ", 
  "ADD ", 
  "SWAP1 ", 
  "EXP ", 
  "SWAP1 ", 
  "DIV ", 
  "PUSH1 0xff ", 
  "CALLER ", 
  "AND ", 
  "ISZERO ", 
  "JUMPDEST ", 
  "DUP1 ", 
  "ISZERO ", 
  "PUSH2 0x0248 ", 
  "POP ", 
  "PUSH1 0x00 ", 
  "JUMPI ", 
  "POP ", 
  "PUSH1 0x03 ", 
  "ISZERO ", 
  "PUSH1 0x14 ", 
  "SWAP1 ", 
  "SLOAD ", 
  "SWAP1 ", 
  "PUSH2 0x0100 ", 
  "EXP ", 
  "SWAP1 ", 
  "DIV ", 
  "PUSH1 0xff ", 
  "AND ", 
  "JUMPDEST ", 
  "ISZERO ", 
  "PUSH2 0x03b6 ", 
  "JUMPI ", 
  "PUSH1 0x01 ", 
  "PUSH1 0x07 ", 
  "PUSH1 0x00 ", 
  "DUP3 ", 
  "DUP3 ", 
  "SLOAD ", 
  "ADD ", 
  "SWAP3 ", 
  "POP ", 
  "POP ", 
  "DUP2 ", 
  "SWAP1 ", 
  "SSTORE ", 
  "POP ", 
  "DUP2 ", 
  "PUSH1 0x0e ", 
  "SLOAD ", 
  "PUSH1 0x00 ", 
  "ASSERTFAIL ", 
  "CALLER ", 
  "PUSH20 0xffffffffffffffffffffffffffffffffffffffff ", 
  "SWAP1 ", 
  "SWAP1 ", 
  "ISZERO ", 
  "MUL ", 
  "SWAP1 ", 
  "PUSH1 0x40 ", 
  "MLOAD ", 
  "PUSH1 0x00 ", 
  "PUSH1 0x40 ", 
  "MLOAD ", 
  "DUP1 ", 
  "DUP4 ", 
  "SUB ", 
  "DUP2 ", 
  "DUP6 ", 
  "DUP9 ", 
  "DUP9 ", 
  "AND ", 
  "PUSH20 0xffffffffffffffffffffffffffffffffffffffff ", 
  "POP ", 
  "POP ", 
  "POP ", 
  "POP ", 
  "ISZERO ", 
  "PUSH2 0x138f ", 
  "JUMPI ", 
  "POP ", 
  "PUSH1 0x0e ", 
  "PUSH1 0x00 ", 
  "JUMPDEST ", 
  "PUSH1 0x00 ", 
  "SWAP1 ", 
  "DUP3 ", 
  "AND ", 
  "DUP2 ", 
  "MSTORE ", 
  "PUSH1 0x20 ", 
  "EXP ", 
  "ADD ", 
  "SWAP1 ", 
  "DUP2 ", 
  "MSTORE ", 
  "PUSH1 0x20 ", 
  "ADD ", 
  "PUSH1 0x00 ", 
  "JUMPDEST ", 
  "SHA3 ", 
  "PUSH1 0x00 ", 
  "DUP3 ", 
  "DUP3 ", 
  "SLOAD ", 
  "ADD ", 
  "SWAP3 ", 
  "POP ", 
  "POP ", 
  "DUP2 ", 
  "SWAP1 ", 
  "SSTORE ", 
  "POP ", 
  "DUP2 ", 
  "PUSH1 0x0e ", 
  "PUSH1 0x00 ", 
  "PUSH1 0x03 ", 
  "PUSH1 0x00 ", 
  "SWAP1 ", 
  "SLOAD ", 
  "SWAP1 ", 
  "PUSH2 0x0100 ", 
  "SWAP1 ", 
  "EXP ", 
  "SWAP1 ", 
  "DIV ", 
  "PUSH20 0xffffffffffffffffffffffffffffffffffffffff ", 
  "SWAP1 ", 
  "AND ", 
  "PUSH20 0xffffffffffffffffffffffffffffffffffffffff ", 
  "PUSH2 0x10da ", 
  "AND ", 
  "PUSH20 0xffffffffffffffffffffffffffffffffffffffff ", 
  "AND ", 
  "JUMPI ", 
  "MSTORE ", 
  "PUSH1 0x20 ", 
  "SHA3 ", 
  "ADD ", 
  "SWAP1 ", 
  "AND ", 
  "MSTORE ", 
  "PUSH1 0x20 ", 
  "ADD ", 
  "PUSH1 0x00 ", 
  "DUP2 ", 
  "SHA3 ", 
  "PUSH1 0x00 ", 
  "AND ", 
  "PUSH20 0xffffffffffffffffffffffffffffffffffffffff ", 
  "SLOAD ", 
  "ADD ", 
  "SWAP3 ", 
  "POP ", 
  "POP ", 
  "JUMPI ", 
  "PUSH1 0x20 ", 
  "SSTORE ", 
  "POP ", 
  "DUP1 ", 
  "DUP2 ", 
  "PUSH1 0x00 ", 
  "POP ", 
  "DUP3 ", 
  "DUP3 ", 
  "SLOAD ", 
  "SUB ", 
  "ADD ", 
  "POP ", 
  "AND ", 
  "DUP2 ", 
  "MSTORE ", 
  "PUSH1 0x20 ", 
  "SWAP1 ", 
  "ADD ", 
  "SWAP1 ", 
  "DUP2 ", 
  "MSTORE ", 
  "PUSH1 0x20 ", 
  "DUP2 ", 
  "ADD ", 
  "PUSH1 0x00 ", 
  "SHA3 ", 
  "PUSH1 0x00 ", 
  "MSTORE ", 
  "DUP3 ", 
  "DUP3 ", 
  "SLOAD ", 
  "SUB ", 
  "SWAP3 ", 
  "POP ", 
  "POP ", 
  "DUP2 ", 
  "SWAP1 ", 
  "SSTORE ", 
  "POP ", 
  "DUP2 ", 
  "PUSH1 0x04 ", 
  "PUSH1 0x00 ", 
  "PUSH20 0xffffffffffffffffffffffffffffffffffffffff ", 
  "DUP3 ", 
  "DUP3 ", 
  "SLOAD ", 
  "ADD ", 
  "SWAP3 ", 
  "POP ", 
  "POP ", 
  "DUP2 ", 
  "SWAP1 ", 
  "SSTORE ", 
  "POP ", 
  "CALLER ", 
  "PUSH20 0xffffffffffffffffffffffffffffffffffffffff ", 
  "SHA3 ", 
  "SLOAD ", 
  "SLOAD ", 
  "AND ", 
  "CALLER ", 
  "PUSH2 0x0100 ", 
  "LT ", 
  "SSTORE ", 
  "AND ", 
  "PUSH1 0x03 ", 
  "PUSH1 0x00 ", 
  "ISZERO ", 
  "SWAP1 ", 
  "SLOAD ", 
  "SWAP1 ", 
  "PUSH2 0x0100 ", 
  "DUP1 ", 
  "EXP ", 
  "SWAP1 ", 
  "DIV ", 
  "PUSH20 0xffffffffffffffffffffffffffffffffffffffff ", 
  "ISZERO ", 
  "PUSH1 0x00 ", 
  "AND ", 
  "SWAP3 ", 
  "PUSH2 0x0f42 ", 
  "SWAP1 ", 
  "DUP2 ", 
  "DUP4 ", 
  "POP ", 
  "AND ", 
  "PUSH20 0xffffffffffffffffffffffffffffffffffffffff ", 
  "JUMPI ", 
  "PUSH20 0xffffffffffffffffffffffffffffffffffffffff ", 
  "PUSH20 0xffffffffffffffffffffffffffffffffffffffff ", 
  "PUSH1 0x40 ", 
  "MLOAD ", 
  "DUP1 ", 
  "AND ", 
  "PUSH32 0xddf252ad1be2c89b69c2b068fc378daa952ba7f163c4a11628f55a4df523b3ef ", 
  "MSTORE ", 
  "PUSH1 0x20 ", 
  "ADD ", 
  "SWAP2 ", 
  "DUP3 ", 
  "POP ", 
  "PUSH1 0x40 ", 
  "MLOAD ", 
  "DUP1 ", 
  "SWAP2 ", 
  "SUB ", 
  "SWAP1 ", 
  "ADD ", 
  "PUSH2 0x13d4 ", 
  "JUMPDEST ", 
  "SWAP1 ", 
  "JUMPDEST ", 
  "DUP1 ", 
  "PUSH1 0x0e ", 
  "POP ", 
  "DUP1 ", 
  "CALLER ", 
  "PUSH20 0xffffffffffffffffffffffffffffffffffffffff ", 
  "ISZERO ", 
  "JUMPDEST ", 
  "DUP5 ", 
  "PUSH1 0x40 ", 
  "MLOAD ", 
  "DUP1 ", 
  "DUP3 ", 
  "DUP2 ", 
  "MSTORE ", 
  "PUSH1 0x20 ", 
  "CALL ", 
  "ADD ", 
  "SWAP2 ", 
  "POP ", 
  "POP ", 
  "PUSH1 0x40 ", 
  "AND ", 
  "MLOAD ", 
  "DUP1 ", 
  "SWAP2 ", 
  "SUB ", 
  "SWAP1 ", 
  "LOG3 ", 
  "PUSH2 0x0403 ", 
  "POP ", 
  "JUMP ", 
  "JUMPDEST ", 
  "CALLER ", 
  "PUSH20 0xffffffffffffffffffffffffffffffffffffffff ", 
  "PUSH1 0x00 ", 
  "PUSH1 0x00 ", 
  "AND ", 
  "DUP2 ", 
  "MSTORE ", 
  "PUSH1 0x20 ", 
  "ADD ", 
  "SWAP1 ", 
  "DUP2 ", 
  "PUSH1 0x00 ", 
  "AND ", 
  "PUSH20 0xffffffffffffffffffffffffffffffffffffffff ", 
  "ADD ", 
  "AND ", 
  "PUSH2 0x08fc ", 
  "SHA3 ", 
  "DUP2 ", 
  "DUP3 ", 
  "SWAP1 ", 
  "DUP2 ", 
  "ISZERO ", 
  "MUL ", 
  "SWAP1 ", 
  "PUSH1 0x40 ", 
  "PUSH20 0xffffffffffffffffffffffffffffffffffffffff ", 
  "MLOAD ", 
  "PUSH1 0x00 ", 
  "PUSH20 0xffffffffffffffffffffffffffffffffffffffff ", 
  "PUSH1 0x40 ", 
  "MLOAD ", 
  "DUP1 ", 
  "DUP4 ", 
  "SUB ", 
  "DUP2 ", 
  "DUP6 ", 
  "DUP9 ", 
  "DUP9 ", 
  "CALL ", 
  "SWAP4 ", 
  "POP ", 
  "POP ", 
  "POP ", 
  "POP ", 
  "ISZERO ", 
  "ISZERO ", 
  "PUSH2 0x0402 ", 
  "PUSH1 0x00 ", 
  "JUMPI ", 
  "DUP1 ", 
  "PUSH1 0x06 ", 
  "SWAP1 ", 
  "PUSH1 0x00 ", 
  "LT ", 
  "DUP3 ", 
  "DUP3 ", 
  "SLOAD ", 
  "ADD ", 
  "SWAP3 ", 
  "POP ", 
  "POP ", 
  "DUP2 ", 
  "SWAP1 ", 
  "SSTORE ", 
  "POP ", 
  "JUMPDEST ", 
  "JUMPDEST ", 
  "POP ", 
  "POP ", 
  "STOP ", 
  "SSTORE ", 
  "AND ", 
  "JUMPDEST ", 
  "AND ", 
  "PUSH20 0xffffffffffffffffffffffffffffffffffffffff ", 
  "DUP2 ", 
  "SWAP1 ", 
  "JUMPI ", 
  "AND ", 
  "EQ ", 
  "POP ", 
  "DUP1 ", 
  "PUSH2 0x1444 ", 
  "JUMPI ", 
  "POP ", 
  "PUSH1 0x09 ", 
  "SLOAD ", 
  "PUSH1 0x02 ", 
  "SLOAD ", 
  "DUP2 ", 
  "ISZERO ", 
  "ISZERO ", 
  "PUSH2 0x143d ", 
  "JUMPI ", 
  "ASSERTFAIL ", 
  "JUMPDEST ", 
  "DIV ", 
  "PUSH1 0x04 ", 
  "SLOAD ", 
  "EXP ", 
  "ISZERO ", 
  "JUMPDEST ", 
  "ISZERO ", 
  "PUSH2 0x14d9 ", 
  "DUP2 ", 
  "AND ", 
  "PUSH1 0x03 ", 
  "POP ", 
  "SWAP1 ", 
  "SWAP1 ", 
  "SLOAD ", 
  "SWAP1 ", 
  "PUSH2 0x0100 ", 
  "EXP ", 
  "SWAP1 ", 
  "DIV ", 
  "PUSH20 0xffffffffffffffffffffffffffffffffffffffff ", 
  "AND ", 
  "PUSH20 0xffffffffffffffffffffffffffffffffffffffff ", 
  "SWAP1 ", 
  "PUSH20 0xffffffffffffffffffffffffffffffffffffffff ", 
  "PUSH1 0x09 ", 
  "AND ", 
  "PUSH20 0xffffffffffffffffffffffffffffffffffffffff ", 
  "PUSH1 0x40 ", 
  "PUSH32 0xddf252ad1be2c89b69c2b068fc378daa952ba7f163c4a11628f55a4df523b3ef ", 
  "PUSH1 0x0c ", 
  "DIV ", 
  "DUP1 ", 
  "AND ", 
  "PUSH2 0x08fc ", 
  "ADDRESS ", 
  "DUP3 ", 
  "MSTORE ", 
  "PUSH1 0x20 ", 
  "PUSH20 0xffffffffffffffffffffffffffffffffffffffff ", 
  "BALANCE ", 
  "SWAP1 ", 
  "DUP2 ", 
  "ISZERO ", 
  "JUMPI ", 
  "SWAP1 ", 
  "PUSH1 0x40 ", 
  "ADD ", 
  "DUP3 ", 
  "PUSH1 0x40 ", 
  "MLOAD ", 
  "SWAP2 ", 
  "DUP4 ", 
  "SUB ", 
  "DUP2 ", 
  "DUP6 ", 
  "DUP9 ", 
  "DUP9 ", 
  "CALL ", 
  "SWAP4 ", 
  "POP ", 
  "DUP1 ", 
  "POP ", 
  "POP ", 
  "ISZERO ", 
  "PUSH2 0x14d8 ", 
  "JUMPI ", 
  "PUSH1 0x01 ", 
  "POP ", 
  "PUSH1 0x00 ", 
  "PUSH2 0x0100 ", 
  "PUSH1 0x03 ", 
  "DUP2 ", 
  "SLOAD ", 
  "MLOAD ", 
  "PUSH1 0xff ", 
  "DUP2 ", 
  "NOT ", 
  "AND ", 
  "SWAP1 ", 
  "DUP4 ", 
  "ISZERO ", 
  "ISZERO ", 
  "DUP2 ", 
  "OR ", 
  "SWAP1 ", 
  "SSTORE ", 
  "POP ", 
  "JUMPDEST ", 
  "MSTORE ", 
  "JUMPDEST ", 
  "SUB ", 
  "JUMP ", 
  "PUSH1 0x09 ", 
  "PUSH1 0x20 ", 
  "STOP ", 
  "SWAP1 ", 
  "DUP2 ", 
  "LOG3 ", 
  "DUP3 ", 
  "PUSH2 0x0fcd ", 
  "MUL ", 
  "DUP2 ", 
  "MSTORE ", 
  "POP ", 
  "PUSH1 0x20 ", 
  "PUSH2 0x10df ", 
  "POP ", 
  "ADD ", 
  "ADD ", 
  "PUSH1 0x00 ", 
  "JUMPDEST ", 
  "MLOAD ", 
  "JUMPDEST ", 
  "SHA3 ", 
  "PUSH1 0x00 ", 
  "DUP2 ", 
  "SWAP1 ", 
  "SHA3 ", 
  "SSTORE ", 
  "SWAP3 ", 
  "DUP2 ", 
  "POP ", 
  "AND ", 
  "JUMPDEST ", 
  "LOG3 ", 
  "SLOAD ", 
  "PUSH1 0x03 ", 
  "PUSH1 0x0e ", 
  "SWAP2 ", 
  "DUP2 ", 
  "ISZERO ", 
  "PUSH1 0x00 ", 
  "GT ", 
  "JUMP ", 
  "PUSH1 0x00 ", 
  "DUP7 ", 
  "PUSH2 0x13d5 ", 
  "JUMPDEST ", 
  "PUSH20 0xffffffffffffffffffffffffffffffffffffffff ", 
  "PUSH2 0x118f ", 
  "JUMPI ", 
  "PUSH1 0x00 ", 
  "CALLER ", 
  "SWAP1 ", 
  "PUSH20 0xffffffffffffffffffffffffffffffffffffffff ", 
  "PUSH20 0xffffffffffffffffffffffffffffffffffffffff ", 
  "DUP2 ", 
  "SWAP1 ", 
  "JUMP ", 
  "AND ", 
  "POP ", 
  "PUSH20 0xffffffffffffffffffffffffffffffffffffffff ", 
  "AND ", 
  "POP ", 
  "PUSH20 0xffffffffffffffffffffffffffffffffffffffff ", 
  "JUMPI ", 
  "AND ", 
  "PUSH2 0x08fc ", 
  "DUP3 ", 
  "PUSH20 0xffffffffffffffffffffffffffffffffffffffff ", 
  "DUP2 ", 
  "PUSH20 0xffffffffffffffffffffffffffffffffffffffff ", 
  "PUSH1 0x08 ", 
  "SLOAD ", 
  "PUSH20 0xffffffffffffffffffffffffffffffffffffffff ", 
  "DUP4 ", 
  "DUP4 ", 
  "DUP2 ", 
  "DIV ", 
  "ISZERO ", 
  "PUSH1 0x04 ", 
  "ISZERO ", 
  "PUSH2 0x1264 ", 
  "SSTORE ", 
  "PUSH20 0xffffffffffffffffffffffffffffffffffffffff ", 
  "JUMPI ", 
  "SWAP1 ", 
  "JUMPDEST ", 
  "PUSH1 0x02 ", 
  "SWAP1 ", 
  "DIV ", 
  "DUP1 ", 
  "PUSH1 0x1f ", 
  "POP ", 
  "ADD ", 
  "PUSH1 0x20 ", 
  "DUP1 ", 
  "SWAP2 ", 
  "DIV ", 
  "MUL ", 
  "PUSH1 0x20 ", 
  "ADD ", 
  "PUSH1 0x40 ", 
  "MLOAD ", 
  "SWAP1 ", 
  "DUP2 ", 
  "ADD ", 
  "PUSH1 0x40 ", 
  "MSTORE ", 
  "DUP1 ", 
  "SWAP3 ", 
  "SWAP2 ", 
  "SWAP1 ", 
  "DUP2 ", 
  "DUP2 ", 
  "MSTORE ", 
  "PUSH1 0x20 ", 
  "ADD ", 
  "DUP3 ", 
  "DUP1 ", 
  "SLOAD ", 
  "PUSH1 0x01 ", 
  "PUSH20 0xffffffffffffffffffffffffffffffffffffffff ", 
  "DUP2 ", 
  "PUSH1 0x01 ", 
  "AND ", 
  "ISZERO ", 
  "PUSH2 0x0100 ", 
  "PUSH1 0x00 ", 
  "MUL ", 
  "SUB ", 
  "AND ", 
  "PUSH1 0x02 ", 
  "SWAP1 ", 
  "DIV ", 
  "DUP1 ", 
  "ISZERO ", 
  "PUSH2 0x0ee3 ", 
  "JUMPI ", 
  "DUP1 ", 
  "PUSH1 0x1f ", 
  "LT ", 
  "PUSH2 0x0eb8 ", 
  "AND ", 
  "JUMPI ", 
  "PUSH2 0x0100 ", 
  "DUP1 ", 
  "DUP4 ", 
  "SLOAD ", 
  "DIV ", 
  "MUL ", 
  "DUP4 ", 
  "MSTORE ", 
  "SWAP2 ", 
  "PUSH1 0x20 ", 
  "PUSH1 0x00 ", 
  "SWAP2 ", 
  "DUP1 ", 
  "REVERT ", 
  "JUMP ", 
  "JUMPDEST ", 
  "DUP3 ", 
  "ADD ", 
  "SWAP2 ", 
  "SWAP1 ", 
  "PUSH1 0x00 ", 
  "JUMPDEST ", 
  "PUSH1 0x40 ", 
  "PUSH1 0x20 ", 
  "MLOAD ", 
  "DUP1 ", 
  "DUP1 ", 
  "PUSH1 0x20 ", 
  "SWAP1 ", 
  "ADD ", 
  "DUP3 ", 
  "DUP2 ", 
  "SUB ", 
  "DUP3 ", 
  "MSTORE ", 
  "DUP4 ", 
  "DUP2 ", 
  "DUP2 ", 
  "MLOAD ", 
  "DUP2 ", 
  "MSTORE ", 
  "PUSH1 0x20 ", 
  "DUP1 ", 
  "ADD ", 
  "SWAP2 ", 
  "POP ", 
  "DUP1 ", 
  "MLOAD ", 
  "SWAP1 ", 
  "PUSH1 0x20 ", 
  "SWAP1 ", 
  "ADD ", 
  "SWAP1 ", 
  "DUP1 ", 
  "DUP4 ", 
  "DUP4 ", 
  "PUSH1 0x00 ", 
  "SWAP2 ", 
  "JUMPDEST ", 
  "DUP4 ", 
  "DUP2 ", 
  "LT ", 
  "ISZERO ", 
  "PUSH2 0x06fe ", 
  "DUP2 ", 
  "JUMP ", 
  "JUMPI ", 
  "DUP1 ", 
  "DUP3 ", 
  "ADD ", 
  "MLOAD ", 
  "DUP2 ", 
  "DUP5 ", 
  "ADD ", 
  "MSTORE ", 
  "PUSH1 0x20 ", 
  "PUSH1 0x0e ", 
  "DUP2 ", 
  "ADD ", 
  "SWAP1 ", 
  "POP ", 
  "PUSH2 0x06e3 ", 
  "MSTORE ", 
  "JUMP ", 
  "JUMPDEST ", 
  "POP ", 
  "POP ", 
  "POP ", 
  "POP ", 
  "SWAP1 ", 
  "POP ", 
  "SWAP1 ", 
  "DUP2 ", 
  "ADD ", 
  "SWAP1 ", 
  "PUSH1 0x1f ", 
  "AND ", 
  "DUP1 ", 
  "ISZERO ", 
  "PUSH2 0x072b ", 
  "AND ", 
  "PUSH20 0xffffffffffffffffffffffffffffffffffffffff ", 
  "JUMPI ", 
  "DUP1 ", 
  "DUP3 ", 
  "SUB ", 
  "DUP1 ", 
  "MLOAD ", 
  "PUSH1 0x01 ", 
  "DUP4 ", 
  "PUSH1 0x20 ", 
  "SUB ", 
  "PUSH2 0x0100 ", 
  "DUP1 ", 
  "EXP ", 
  "SUB ", 
  "NOT ", 
  "AND ", 
  "DUP2 ", 
  "MSTORE ", 
  "PUSH1 0x20 ", 
  "MSTORE ", 
  "ADD ", 
  "SWAP2 ", 
  "POP ", 
  "JUMPDEST ", 
  "POP ", 
  "SWAP3 ", 
  "POP ", 
  "POP ", 
  "POP ", 
  "PUSH1 0x40 ", 
  "MLOAD ", 
  "DUP1 ", 
  "SWAP2 ", 
  "SUB ", 
  "SWAP1 ", 
  "RETURN ", 
  "JUMPDEST ", 
  "CALLVALUE ", 
  "ISZERO ", 
  "PUSH2 0x0744 ", 
  "POP ", 
  "PUSH1 0x00 ", 
  "JUMPI ", 
  "PUSH1 0x00 ", 
  "GT ", 
  "DUP1 ", 
  "REVERT ", 
  "JUMPDEST ", 
  "PUSH2 0x074c ", 
  "PUSH2 0x0eeb ", 
  "POP ", 
  "PUSH1 0x0e ", 
  "JUMP ", 
  "JUMPDEST ", 
  "PUSH1 0x40 ", 
  "DUP5 ", 
  "MLOAD ", 
  "DUP1 ", 
  "DUP3 ", 
  "DUP2 ", 
  "MSTORE ", 
  "PUSH1 0x20 ", 
  "ADD ", 
  "SWAP2 ", 
  "POP ", 
  "POP ", 
  "PUSH1 0x40 ", 
  "SLOAD ", 
  "MLOAD ", 
  "DUP1 ", 
  "SWAP2 ", 
  "SUB ", 
  "SWAP1 ", 
  "RETURN ", 
  "JUMPDEST ", 
  "CALLVALUE ", 
  "ISZERO ", 
  "PUSH2 0x076d ", 
  "PUSH2 0x0100 ", 
  "JUMPI ", 
  "PUSH1 0x00 ", 
  "DUP1 ", 
  "REVERT ", 
  "JUMPDEST ", 
  "PUSH2 0x07a2 ", 
  "PUSH1 0x04 ", 
  "DUP1 ", 
  "DUP1 ", 
  "CALLDATALOAD ", 
  "PUSH20 0xffffffffffffffffffffffffffffffffffffffff ", 
  "AND ", 
  "DUP2 ", 
  "MSTORE ", 
  "PUSH1 0x20 ", 
  "ADD ", 
  "SWAP1 ", 
  "DUP2 ", 
  "MSTORE ", 
  "PUSH1 0x20 ", 
  "ADD ", 
  "PUSH1 0x00 ", 
  "SHA3 ", 
  "SLOAD ", 
  "DUP3 ", 
  "AND ", 
  "SWAP1 ", 
  "PUSH1 0x20 ", 
  "ADD ", 
  "SWAP1 ", 
  "SWAP2 ", 
  "SWAP1 ", 
  "DUP1 ", 
  "CALLDATALOAD ", 
  "SWAP1 ", 
  "PUSH1 0x20 ", 
  "JUMPI ", 
  "ADD ", 
  "SWAP1 ", 
  "SWAP2 ", 
  "SWAP1 ", 
  "POP ", 
  "POP ", 
  "PUSH2 0x0ef1 ", 
  "JUMP ", 
  "JUMPDEST ", 
  "PUSH1 0x40 ", 
  "MLOAD ", 
  "DUP1 ", 
  "DUP3 ", 
  "ISZERO ", 
  "ISZERO ", 
  "ISZERO ", 
  "ISZERO ", 
  "DUP2 ", 
  "MSTORE ", 
  "PUSH1 0x20 ", 
  "SWAP1 ", 
  "ADD ", 
  "SWAP2 ", 
  "POP ", 
  "POP ", 
  "PUSH1 0x40 ", 
  "MLOAD ", 
  "DUP1 ", 
  "SWAP2 ", 
  "SUB ", 
  "SWAP1 ", 
  "RETURN ", 
  "JUMPDEST ", 
  "CALLVALUE ", 
  "ISZERO ", 
  "PUSH2 0x07c7 ", 
  "ADD ", 
  "SWAP1 ", 
  "JUMPI ", 
  "PUSH1 0x00 ", 
  "PUSH1 0x20 ", 
  "DUP1 ", 
  "REVERT ", 
  "JUMPDEST ", 
  "PUSH2 0x0812 ", 
  "SHA3 ", 
  "SLOAD ", 
  "PUSH1 0x04 ", 
  "GT ", 
  "DUP1 ", 
  "DUP1 ", 
  "CALLDATALOAD ", 
  "PUSH20 0xffffffffffffffffffffffffffffffffffffffff ", 
  "EXP ", 
  "JUMPI ", 
  "DUP2 ", 
  "PUSH1 0x0e ", 
  "PUSH1 0x00 ", 
  "SWAP1 ", 
  "CALLER ", 
  "PUSH20 0xffffffffffffffffffffffffffffffffffffffff ", 
  "DIV ", 
  "EXP ", 
  "PUSH1 0x20 ", 
  "AND ", 
  "SWAP1 ", 
  "PUSH1 0x20 ", 
  "ADD ", 
  "SWAP1 ", 
  "SWAP2 ", 
  "SWAP1 ", 
  "DUP1 ", 
  "CALLDATALOAD ", 
  "PUSH20 0xffffffffffffffffffffffffffffffffffffffff ", 
  "PUSH2 0x0100 "
 ], 
 "overflow": "\n../contractSrc/0x52ff8b15ef6b38cf0554ba9207d70d0d2437c56a.sol:Token:91:13\namountRaised + _amount\n^\n../contractSrc/0x52ff8b15ef6b38cf0554ba9207d70d0d2437c56a.sol:Token:91:39\n_totalSupply * unreserved\n^\n../contractSrc/0x52ff8b15ef6b38cf0554ba9207d70d0d2437c56a.sol:Token:42:24\nnow + durationInMinutes * 1 minutes\n^\n../contractSrc/0x52ff8b15ef6b38cf0554ba9207d70d0d2437c56a.sol:Token:42:30\ndurationInMinutes * 1 minutes\n^\n../contractSrc/0x52ff8b15ef6b38cf0554ba9207d70d0d2437c56a.sol:Token:90:19\n_amount * rate\n^", 
 "money_concurrency": false, 
 "truncation": false
}}