{"Crowdsale":{
 "execution_paths": "88", 
 "callstack": false, 
 "reentrancy": false, 
 "modulo": false, 
 "division": false, 
 "execution_time": "29.1142208576", 
 "signedness": false, 
 "evm_code_coverage": "99.9", 
 "underflow": false, 
 "time_dependency": "\n../contractSrc/0x52c52944eaac353f054902225e1df036589fb6d7.sol:Crowdsale:265:25\nnow >= startTime && now <= endTime\n^\n../contractSrc/0x52c52944eaac353f054902225e1df036589fb6d7.sol:Crowdsale:215:11\nif(now < startTime + 2*7*24*60* 1 minutes){\r\n^\n../contractSrc/0x52c52944eaac353f054902225e1df036589fb6d7.sol:Crowdsale:269:12\nwithinPeriod && nonZeroPurchase\n^\n../contractSrc/0x52c52944eaac353f054902225e1df036589fb6d7.sol:Crowdsale:211:5\nif(now < startTime + 1*7*24*60* 1 minutes){\r\n^", 
 "assertion_failure": false, 
 "timeout": false, 
 "dead_code": [
  "STOP "
 ], 
 "overflow": "\n../contractSrc/0x52c52944eaac353f054902225e1df036589fb6d7.sol:Crowdsale:215:20\nstartTime + 2*7*24*60* 1 minutes\n^\n../contractSrc/0x52c52944eaac353f054902225e1df036589fb6d7.sol:Crowdsale:171:17\nnow + delay * 1 minutes\n^\n../contractSrc/0x52c52944eaac353f054902225e1df036589fb6d7.sol:Crowdsale:173:15\nstartTime + 20 * 24 * 60 * 1 minutes\n^\n../contractSrc/0x52c52944eaac353f054902225e1df036589fb6d7.sol:Crowdsale:211:14\nstartTime + 1*7*24*60* 1 minutes\n^\n../contractSrc/0x52c52944eaac353f054902225e1df036589fb6d7.sol:Crowdsale:171:23\ndelay * 1 minutes\n^", 
 "money_concurrency": false, 
 "truncation": false
},"SafeMath":{
 "execution_paths": "1", 
 "callstack": false, 
 "reentrancy": false, 
 "modulo": false, 
 "division": false, 
 "execution_time": "0.00502610206604", 
 "signedness": false, 
 "evm_code_coverage": "100.0", 
 "underflow": false, 
 "time_dependency": false, 
 "assertion_failure": false, 
 "timeout": false, 
 "dead_code": [], 
 "overflow": false, 
 "money_concurrency": false, 
 "truncation": false
},"token":{
 "execution_paths": "4", 
 "callstack": false, 
 "reentrancy": false, 
 "modulo": false, 
 "division": false, 
 "execution_time": "0.06951212883", 
 "signedness": false, 
 "evm_code_coverage": "98.5", 
 "underflow": false, 
 "time_dependency": false, 
 "assertion_failure": false, 
 "timeout": false, 
 "dead_code": [
  "STOP "
 ], 
 "overflow": false, 
 "money_concurrency": false, 
 "truncation": false
}}