{"Bqt_Token":{
 "execution_paths": "87", 
 "callstack": "\n../contractSrc/0x588e225acf2ded5867f738b1245bd2bddb76927f.sol:Bqt_Token:402:31\n_from.send(_seller_money)\n^\n../contractSrc/0x588e225acf2ded5867f738b1245bd2bddb76927f.sol:Bqt_Token:403:30\nmsg.sender.send(_buyer_money)\n^", 
 "reentrancy": false, 
 "modulo": false, 
 "division": false, 
 "execution_time": "54.185806036", 
 "signedness": false, 
 "evm_code_coverage": "58.5", 
 "underflow": false, 
 "time_dependency": false, 
 "assertion_failure": false, 
 "timeout": true, 
 "dead_code": [
  "AND ", 
  "PUSH20 0xffffffffffffffffffffffffffffffffffffffff ", 
  "AND ", 
  "DUP2 ", 
  "MSTORE ", 
  "PUSH1 0x20 ", 
  "ADD ", 
  "SWAP1 ", 
  "DUP2 ", 
  "MSTORE ", 
  "PUSH1 0x20 ", 
  "ADD ", 
  "PUSH1 0x00 ", 
  "SHA3 ", 
  "SLOAD ", 
  "SWAP1 ", 
  "POP ", 
  "JUMPDEST ", 
  "DUP1 ", 
  "SWAP2 ", 
  "POP ", 
  "JUMPDEST ", 
  "POP ", 
  "SWAP2 ", 
  "SWAP1 ", 
  "POP ", 
  "JUMP ", 
  "JUMPDEST ", 
  "PUSH1 0x00 ", 
  "PUSH1 0x09 ", 
  "DUP1 ", 
  "SLOAD ", 
  "SWAP1 ", 
  "POP ", 
  "SWAP1 ", 
  "POP ", 
  "SWAP1 ", 
  "JUMP ", 
  "JUMPDEST ", 
  "DUP1 ", 
  "SWAP2 ", 
  "POP ", 
  "POP ", 
  "SWAP3 ", 
  "SWAP2 ", 
  "POP ", 
  "POP ", 
  "JUMP ", 
  "JUMPDEST ", 
  "PUSH1 0x00 ", 
  "DUP1 ", 
  "DUP3 ", 
  "DUP5 ", 
  "ADD ", 
  "SWAP1 ", 
  "POP ", 
  "PUSH2 0x20a3 ", 
  "DUP5 ", 
  "DUP3 ", 
  "LT ", 
  "ISZERO ", 
  "PUSH2 0x20ad ", 
  "JUMP ", 
  "JUMPDEST ", 
  "DUP1 ", 
  "SWAP2 ", 
  "POP ", 
  "POP ", 
  "SWAP3 ", 
  "SWAP2 ", 
  "POP ", 
  "POP ", 
  "JUMP ", 
  "JUMPDEST ", 
  "DUP2 ", 
  "SLOAD ", 
  "DUP2 ", 
  "DUP4 ", 
  "SSTORE ", 
  "DUP2 ", 
  "DUP2 ", 
  "ISZERO ", 
  "GT ", 
  "PUSH2 0x20e3 ", 
  "JUMPI ", 
  "DUP2 ", 
  "DUP4 ", 
  "PUSH1 0x00 ", 
  "MSTORE ", 
  "PUSH1 0x20 ", 
  "PUSH1 0x00 ", 
  "SHA3 ", 
  "SWAP2 ", 
  "DUP3 ", 
  "ADD ", 
  "SWAP2 ", 
  "ADD ", 
  "PUSH2 0x20e2 ", 
  "SWAP2 ", 
  "SWAP1 ", 
  "PUSH2 0x20e8 ", 
  "JUMP ", 
  "JUMPDEST ", 
  "JUMPDEST ", 
  "POP ", 
  "POP ", 
  "POP ", 
  "JUMP ", 
  "JUMPDEST ", 
  "PUSH2 0x210a ", 
  "SWAP2 ", 
  "SWAP1 ", 
  "JUMPDEST ", 
  "DUP1 ", 
  "DUP3 ", 
  "GT ", 
  "ISZERO ", 
  "PUSH2 0x2106 ", 
  "JUMPI ", 
  "PUSH1 0x00 ", 
  "DUP2 ", 
  "PUSH1 0x00 ", 
  "SWAP1 ", 
  "SSTORE ", 
  "POP ", 
  "PUSH1 0x01 ", 
  "ADD ", 
  "PUSH2 0x20ee ", 
  "JUMP ", 
  "JUMPDEST ", 
  "POP ", 
  "SWAP1 ", 
  "JUMP ", 
  "JUMPDEST ", 
  "SWAP1 ", 
  "JUMP ", 
  "STOP ", 
  "DUP1 ", 
  "PUSH4 0xdd62ed3e ", 
  "EQ ", 
  "PUSH2 0x0878 ", 
  "JUMPI ", 
  "DUP1 ", 
  "PUSH4 0xe696fd64 ", 
  "EQ ", 
  "PUSH2 0x08e4 ", 
  "JUMPI ", 
  "DUP1 ", 
  "PUSH4 0xe8315742 ", 
  "EQ ", 
  "PUSH2 0x091f ", 
  "JUMPI ", 
  "DUP1 ", 
  "PUSH4 0xea10d246 ", 
  "EQ ", 
  "PUSH2 0x0948 ", 
  "JUMPI ", 
  "DUP1 ", 
  "PUSH4 0xfc9937e5 ", 
  "EQ ", 
  "PUSH2 0x0995 ", 
  "JUMPI ", 
  "JUMPDEST ", 
  "POP ", 
  "STOP ", 
  "JUMPDEST ", 
  "PUSH1 0x40 ", 
  "MLOAD ", 
  "DUP1 ", 
  "DUP3 ", 
  "ISZERO ", 
  "ISZERO ", 
  "ISZERO ", 
  "ISZERO ", 
  "DUP2 ", 
  "MSTORE ", 
  "PUSH1 0x20 ", 
  "ADD ", 
  "SWAP2 ", 
  "POP ", 
  "POP ", 
  "PUSH1 0x40 ", 
  "MLOAD ", 
  "DUP1 ", 
  "SWAP2 ", 
  "SUB ", 
  "SWAP1 ", 
  "RETURN ", 
  "JUMPDEST ", 
  "PUSH1 0x40 ", 
  "MLOAD ", 
  "DUP1 ", 
  "DUP3 ", 
  "ISZERO ", 
  "ISZERO ", 
  "ISZERO ", 
  "ISZERO ", 
  "DUP2 ", 
  "MSTORE ", 
  "PUSH1 0x20 ", 
  "ADD ", 
  "SWAP2 ", 
  "POP ", 
  "POP ", 
  "PUSH1 0x40 ", 
  "MLOAD ", 
  "DUP1 ", 
  "SWAP2 ", 
  "SUB ", 
  "SWAP1 ", 
  "RETURN ", 
  "PUSH1 0x00 ", 
  "DUP1 ", 
  "REVERT ", 
  "JUMPDEST ", 
  "PUSH1 0x40 ", 
  "MLOAD ", 
  "DUP1 ", 
  "DUP3 ", 
  "ISZERO ", 
  "ISZERO ", 
  "ISZERO ", 
  "ISZERO ", 
  "DUP2 ", 
  "MSTORE ", 
  "PUSH1 0x20 ", 
  "ADD ", 
  "SWAP2 ", 
  "POP ", 
  "POP ", 
  "PUSH1 0x40 ", 
  "MLOAD ", 
  "DUP1 ", 
  "SWAP2 ", 
  "SUB ", 
  "SWAP1 ", 
  "RETURN ", 
  "JUMPDEST ", 
  "CALLVALUE ", 
  "ISZERO ", 
  "PUSH2 0x0883 ", 
  "JUMPI ", 
  "PUSH1 0x00 ", 
  "DUP1 ", 
  "REVERT ", 
  "JUMPDEST ", 
  "PUSH2 0x08ce ", 
  "PUSH1 0x04 ", 
  "DUP1 ", 
  "DUP1 ", 
  "CALLDATALOAD ", 
  "PUSH20 0xffffffffffffffffffffffffffffffffffffffff ", 
  "AND ", 
  "SWAP1 ", 
  "PUSH1 0x20 ", 
  "ADD ", 
  "SWAP1 ", 
  "SWAP2 ", 
  "SWAP1 ", 
  "DUP1 ", 
  "CALLDATALOAD ", 
  "PUSH20 0xffffffffffffffffffffffffffffffffffffffff ", 
  "AND ", 
  "SWAP1 ", 
  "PUSH1 0x20 ", 
  "ADD ", 
  "SWAP1 ", 
  "SWAP2 ", 
  "SWAP1 ", 
  "POP ", 
  "POP ", 
  "PUSH2 0x1e34 ", 
  "JUMP ", 
  "JUMPDEST ", 
  "PUSH1 0x40 ", 
  "MLOAD ", 
  "DUP1 ", 
  "DUP3 ", 
  "DUP2 ", 
  "MSTORE ", 
  "PUSH1 0x20 ", 
  "ADD ", 
  "SWAP2 ", 
  "POP ", 
  "POP ", 
  "PUSH1 0x40 ", 
  "MLOAD ", 
  "DUP1 ", 
  "SWAP2 ", 
  "SUB ", 
  "SWAP1 ", 
  "RETURN ", 
  "JUMPDEST ", 
  "CALLVALUE ", 
  "ISZERO ", 
  "PUSH2 0x08ef ", 
  "JUMPI ", 
  "PUSH1 0x00 ", 
  "DUP1 ", 
  "REVERT ", 
  "JUMPDEST ", 
  "PUSH2 0x0905 ", 
  "PUSH1 0x04 ", 
  "DUP1 ", 
  "DUP1 ", 
  "CALLDATALOAD ", 
  "SWAP1 ", 
  "PUSH1 0x20 ", 
  "ADD ", 
  "SWAP1 ", 
  "SWAP2 ", 
  "SWAP1 ", 
  "POP ", 
  "POP ", 
  "PUSH2 0x1ebb ", 
  "JUMP ", 
  "JUMPDEST ", 
  "PUSH1 0x40 ", 
  "MLOAD ", 
  "DUP1 ", 
  "DUP3 ", 
  "ISZERO ", 
  "ISZERO ", 
  "ISZERO ", 
  "ISZERO ", 
  "DUP2 ", 
  "MSTORE ", 
  "PUSH1 0x20 ", 
  "ADD ", 
  "SWAP2 ", 
  "POP ", 
  "POP ", 
  "PUSH1 0x40 ", 
  "MLOAD ", 
  "DUP1 ", 
  "SWAP2 ", 
  "SUB ", 
  "SWAP1 ", 
  "RETURN ", 
  "JUMPDEST ", 
  "CALLVALUE ", 
  "ISZERO ", 
  "PUSH2 0x092a ", 
  "JUMPI ", 
  "PUSH1 0x00 ", 
  "DUP1 ", 
  "REVERT ", 
  "JUMPDEST ", 
  "PUSH2 0x0932 ", 
  "PUSH2 0x1f29 ", 
  "JUMP ", 
  "JUMPDEST ", 
  "PUSH1 0x40 ", 
  "MLOAD ", 
  "DUP1 ", 
  "DUP3 ", 
  "DUP2 ", 
  "MSTORE ", 
  "PUSH1 0x20 ", 
  "ADD ", 
  "SWAP2 ", 
  "POP ", 
  "POP ", 
  "PUSH1 0x40 ", 
  "MLOAD ", 
  "DUP1 ", 
  "SWAP2 ", 
  "SUB ", 
  "SWAP1 ", 
  "RETURN ", 
  "JUMPDEST ", 
  "CALLVALUE ", 
  "ISZERO ", 
  "PUSH2 0x0953 ", 
  "JUMPI ", 
  "PUSH1 0x00 ", 
  "DUP1 ", 
  "REVERT ", 
  "JUMPDEST ", 
  "PUSH2 0x097f ", 
  "PUSH1 0x04 ", 
  "DUP1 ", 
  "DUP1 ", 
  "CALLDATALOAD ", 
  "PUSH20 0xffffffffffffffffffffffffffffffffffffffff ", 
  "AND ", 
  "SWAP1 ", 
  "PUSH1 0x20 ", 
  "ADD ", 
  "SWAP1 ", 
  "SWAP2 ", 
  "SWAP1 ", 
  "POP ", 
  "POP ", 
  "PUSH2 0x1f38 ", 
  "JUMP ", 
  "JUMPDEST ", 
  "PUSH1 0x40 ", 
  "MLOAD ", 
  "DUP1 ", 
  "DUP3 ", 
  "DUP2 ", 
  "MSTORE ", 
  "PUSH1 0x20 ", 
  "ADD ", 
  "SWAP2 ", 
  "POP ", 
  "POP ", 
  "PUSH1 0x40 ", 
  "MLOAD ", 
  "DUP1 ", 
  "SWAP2 ", 
  "SUB ", 
  "SWAP1 ", 
  "RETURN ", 
  "JUMPDEST ", 
  "CALLVALUE ", 
  "ISZERO ", 
  "PUSH2 0x09a0 ", 
  "JUMPI ", 
  "PUSH1 0x00 ", 
  "DUP1 ", 
  "REVERT ", 
  "JUMPDEST ", 
  "PUSH2 0x09a8 ", 
  "PUSH2 0x2041 ", 
  "JUMP ", 
  "JUMPDEST ", 
  "PUSH1 0x40 ", 
  "MLOAD ", 
  "DUP1 ", 
  "DUP3 ", 
  "DUP2 ", 
  "MSTORE ", 
  "PUSH1 0x20 ", 
  "ADD ", 
  "SWAP2 ", 
  "POP ", 
  "POP ", 
  "PUSH1 0x40 ", 
  "MLOAD ", 
  "DUP1 ", 
  "SWAP2 ", 
  "SUB ", 
  "SWAP1 ", 
  "RETURN ", 
  "JUMPDEST ", 
  "SWAP5 ", 
  "POP ", 
  "PUSH1 0x00 ", 
  "DUP6 ", 
  "GT ", 
  "ISZERO ", 
  "ISZERO ", 
  "PUSH2 0x0a6b ", 
  "JUMPI ", 
  "PUSH1 0x00 ", 
  "DUP1 ", 
  "REVERT ", 
  "JUMPDEST ", 
  "PUSH1 0x00 ", 
  "SWAP3 ", 
  "POP ", 
  "PUSH1 0x00 ", 
  "SWAP2 ", 
  "POP ", 
  "PUSH1 0x00 ", 
  "SWAP1 ", 
  "POP ", 
  "PUSH11 0x0422ca8b0a00a425000000 ", 
  "PUSH1 0x00 ", 
  "SLOAD ", 
  "GT ", 
  "ISZERO ", 
  "ISZERO ", 
  "PUSH2 0x0aa0 ", 
  "JUMPI ", 
  "PUSH1 0x64 ", 
  "PUSH1 0x1e ", 
  "DUP7 ", 
  "MUL ", 
  "DUP2 ", 
  "ISZERO ", 
  "ISZERO ", 
  "PUSH2 0x0a9c ", 
  "JUMPI ", 
  "ASSERTFAIL ", 
  "JUMPDEST ", 
  "DIV ", 
  "SWAP3 ", 
  "POP ", 
  "JUMPDEST ", 
  "PUSH1 0x00 ", 
  "SLOAD ", 
  "PUSH11 0x0422ca8b0a00a425000000 ", 
  "LT ", 
  "DUP1 ", 
  "ISZERO ", 
  "PUSH2 0x0ac9 ", 
  "JUMPI ", 
  "POP ", 
  "PUSH11 0x084595161401484a000000 ", 
  "PUSH1 0x00 ", 
  "SLOAD ", 
  "GT ", 
  "ISZERO ", 
  "JUMPDEST ", 
  "ISZERO ", 
  "PUSH2 0x0ae1 ", 
  "JUMPI ", 
  "PUSH1 0x64 ", 
  "PUSH1 0x19 ", 
  "DUP7 ", 
  "MUL ", 
  "DUP2 ", 
  "ISZERO ", 
  "ISZERO ", 
  "PUSH2 0x0add ", 
  "JUMPI ", 
  "ASSERTFAIL ", 
  "JUMPDEST ", 
  "DIV ", 
  "SWAP3 ", 
  "POP ", 
  "JUMPDEST ", 
  "PUSH1 0x00 ", 
  "SLOAD ", 
  "PUSH11 0x084595161401484a000000 ", 
  "LT ", 
  "DUP1 ", 
  "ISZERO ", 
  "PUSH2 0x0b0a ", 
  "JUMPI ", 
  "POP ", 
  "PUSH11 0x0c685fa11e01ec6f000000 ", 
  "PUSH1 0x00 ", 
  "SLOAD ", 
  "GT ", 
  "ISZERO ", 
  "JUMPDEST ", 
  "ISZERO ", 
  "PUSH2 0x0b22 ", 
  "JUMPI ", 
  "PUSH1 0x64 ", 
  "PUSH1 0x14 ", 
  "DUP7 ", 
  "MUL ", 
  "DUP2 ", 
  "ISZERO ", 
  "ISZERO ", 
  "PUSH2 0x0b1e ", 
  "JUMPI ", 
  "ASSERTFAIL ", 
  "JUMPDEST ", 
  "DIV ", 
  "SWAP3 ", 
  "POP ", 
  "JUMPDEST ", 
  "PUSH1 0x00 ", 
  "SLOAD ", 
  "PUSH11 0x0c685fa11e01ec6f000000 ", 
  "LT ", 
  "DUP1 ", 
  "ISZERO ", 
  "PUSH2 0x0b4b ", 
  "JUMPI ", 
  "POP ", 
  "PUSH11 0x108b2a2c28029094000000 ", 
  "PUSH1 0x00 ", 
  "SLOAD ", 
  "GT ", 
  "ISZERO ", 
  "JUMPDEST ", 
  "ISZERO ", 
  "PUSH2 0x0b63 ", 
  "JUMPI ", 
  "PUSH1 0x64 ", 
  "PUSH1 0x0f ", 
  "DUP7 ", 
  "MUL ", 
  "DUP2 ", 
  "ISZERO ", 
  "ISZERO ", 
  "PUSH2 0x0b5f ", 
  "JUMPI ", 
  "ASSERTFAIL ", 
  "JUMPDEST ", 
  "DIV ", 
  "SWAP3 ", 
  "POP ", 
  "JUMPDEST ", 
  "PUSH1 0x00 ", 
  "SLOAD ", 
  "PUSH11 0x108b2a2c28029094000000 ", 
  "LT ", 
  "DUP1 ", 
  "ISZERO ", 
  "PUSH2 0x0b8c ", 
  "JUMPI ", 
  "POP ", 
  "PUSH11 0x14adf4b7320334b9000000 ", 
  "PUSH1 0x00 ", 
  "SLOAD ", 
  "GT ", 
  "ISZERO ", 
  "JUMPDEST ", 
  "ISZERO ", 
  "PUSH2 0x0ba4 ", 
  "JUMPI ", 
  "PUSH1 0x64 ", 
  "PUSH1 0x0a ", 
  "DUP7 ", 
  "MUL ", 
  "DUP2 ", 
  "ISZERO ", 
  "ISZERO ", 
  "PUSH2 0x0ba0 ", 
  "JUMPI ", 
  "ASSERTFAIL ", 
  "JUMPDEST ", 
  "DIV ", 
  "SWAP3 ", 
  "POP ", 
  "JUMPDEST ", 
  "PUSH1 0x00 ", 
  "SLOAD ", 
  "PUSH11 0x14adf4b7320334b9000000 ", 
  "GT ", 
  "ISZERO ", 
  "ISZERO ", 
  "PUSH2 0x0bcd ", 
  "JUMPI ", 
  "PUSH1 0x64 ", 
  "PUSH1 0x05 ", 
  "DUP7 ", 
  "MUL ", 
  "DUP2 ", 
  "ISZERO ", 
  "ISZERO ", 
  "PUSH2 0x0bc9 ", 
  "JUMPI ", 
  "ASSERTFAIL ", 
  "JUMPDEST ", 
  "DIV ", 
  "SWAP3 ", 
  "POP ", 
  "JUMPDEST ", 
  "PUSH1 0x02 ", 
  "SLOAD ", 
  "DUP7 ", 
  "LT ", 
  "ISZERO ", 
  "PUSH2 0x0bea ", 
  "JUMPI ", 
  "PUSH1 0x64 ", 
  "PUSH1 0x32 ", 
  "DUP7 ", 
  "MUL ", 
  "DUP2 ", 
  "ISZERO ", 
  "ISZERO ", 
  "PUSH2 0x0be6 ", 
  "JUMPI ", 
  "ASSERTFAIL ", 
  "JUMPDEST ", 
  "DIV ", 
  "SWAP2 ", 
  "POP ", 
  "JUMPDEST ", 
  "DUP6 ", 
  "PUSH1 0x00 ", 
  "PUSH1 0x02 ", 
  "SLOAD ", 
  "ADD ", 
  "GT ", 
  "ISZERO ", 
  "DUP1 ", 
  "ISZERO ", 
  "PUSH2 0x0c05 ", 
  "JUMPI ", 
  "POP ", 
  "PUSH3 0x069780 ", 
  "PUSH1 0x02 ", 
  "SLOAD ", 
  "ADD ", 
  "DUP7 ", 
  "LT ", 
  "JUMPDEST ", 
  "ISZERO ", 
  "PUSH2 0x0c1d ", 
  "JUMPI ", 
  "PUSH1 0x64 ", 
  "PUSH1 0x0a ", 
  "DUP7 ", 
  "MUL ", 
  "DUP2 ", 
  "ISZERO ", 
  "ISZERO ", 
  "PUSH2 0x0c19 ", 
  "JUMPI ", 
  "ASSERTFAIL ", 
  "JUMPDEST ", 
  "DIV ", 
  "SWAP2 ", 
  "POP ", 
  "JUMPDEST ", 
  "DUP6 ", 
  "PUSH3 0x069780 ", 
  "PUSH1 0x02 ", 
  "SLOAD ", 
  "ADD ", 
  "GT ", 
  "ISZERO ", 
  "DUP1 ", 
  "ISZERO ", 
  "PUSH2 0x0c3a ", 
  "JUMPI ", 
  "POP ", 
  "PUSH3 0x0d2f00 ", 
  "PUSH1 0x02 ", 
  "SLOAD ", 
  "ADD ", 
  "DUP7 ", 
  "LT ", 
  "JUMPDEST ", 
  "ISZERO ", 
  "PUSH2 0x0c52 ", 
  "JUMPI ", 
  "PUSH1 0x64 ", 
  "PUSH1 0x08 ", 
  "DUP7 ", 
  "MUL ", 
  "DUP2 ", 
  "ISZERO ", 
  "ISZERO ", 
  "PUSH2 0x0c4e ", 
  "JUMPI ", 
  "ASSERTFAIL ", 
  "JUMPDEST ", 
  "DIV ", 
  "SWAP2 ", 
  "POP ", 
  "JUMPDEST ", 
  "DUP6 ", 
  "PUSH3 0x0d2f00 ", 
  "PUSH1 0x02 ", 
  "SLOAD ", 
  "ADD ", 
  "GT ", 
  "ISZERO ", 
  "DUP1 ", 
  "ISZERO ", 
  "PUSH2 0x0c6f ", 
  "JUMPI ", 
  "POP ", 
  "PUSH3 0x1a5e00 ", 
  "PUSH1 0x02 ", 
  "SLOAD ", 
  "ADD ", 
  "DUP7 ", 
  "LT ", 
  "JUMPDEST ", 
  "ISZERO ", 
  "PUSH2 0x0c87 ", 
  "JUMPI ", 
  "PUSH1 0x64 ", 
  "PUSH1 0x06 ", 
  "DUP7 ", 
  "MUL ", 
  "DUP2 ", 
  "ISZERO ", 
  "ISZERO ", 
  "PUSH2 0x0c83 ", 
  "JUMPI ", 
  "ASSERTFAIL ", 
  "JUMPDEST ", 
  "DIV ", 
  "SWAP2 ", 
  "POP ", 
  "JUMPDEST ", 
  "DUP6 ", 
  "PUSH3 0x1a5e00 ", 
  "PUSH1 0x02 ", 
  "SLOAD ", 
  "ADD ", 
  "GT ", 
  "ISZERO ", 
  "DUP1 ", 
  "ISZERO ", 
  "PUSH2 0x0ca4 ", 
  "JUMPI ", 
  "POP ", 
  "PUSH3 0x278d00 ", 
  "PUSH1 0x02 ", 
  "SLOAD ", 
  "ADD ", 
  "DUP7 ", 
  "LT ", 
  "JUMPDEST ", 
  "ISZERO ", 
  "PUSH2 0x0cbc ", 
  "JUMPI ", 
  "PUSH1 0x64 ", 
  "PUSH1 0x04 ", 
  "DUP7 ", 
  "MUL ", 
  "DUP2 ", 
  "ISZERO ", 
  "ISZERO ", 
  "PUSH2 0x0cb8 ", 
  "JUMPI ", 
  "ASSERTFAIL ", 
  "JUMPDEST ", 
  "DIV ", 
  "SWAP2 ", 
  "POP ", 
  "JUMPDEST ", 
  "DUP6 ", 
  "PUSH3 0x278d00 ", 
  "PUSH1 0x02 ", 
  "SLOAD ", 
  "ADD ", 
  "GT ", 
  "ISZERO ", 
  "ISZERO ", 
  "PUSH2 0x0cdf ", 
  "JUMPI ", 
  "PUSH1 0x64 ", 
  "PUSH1 0x02 ", 
  "DUP7 ", 
  "MUL ", 
  "DUP2 ", 
  "ISZERO ", 
  "ISZERO ", 
  "PUSH2 0x0cdb ", 
  "JUMPI ", 
  "ASSERTFAIL ", 
  "JUMPDEST ", 
  "DIV ", 
  "SWAP2 ", 
  "POP ", 
  "JUMPDEST ", 
  "DUP5 ", 
  "PUSH9 0x3635c9adc5dea00000 ", 
  "GT ", 
  "ISZERO ", 
  "DUP1 ", 
  "ISZERO ", 
  "PUSH2 0x0d02 ", 
  "JUMPI ", 
  "POP ", 
  "DUP5 ", 
  "PUSH10 0x010f0cf064dd59200000 ", 
  "GT ", 
  "ISZERO ", 
  "JUMPDEST ", 
  "ISZERO ", 
  "PUSH2 0x0d1a ", 
  "JUMPI ", 
  "PUSH1 0x64 ", 
  "PUSH1 0x05 ", 
  "DUP7 ", 
  "MUL ", 
  "DUP2 ", 
  "ISZERO ", 
  "ISZERO ", 
  "PUSH2 0x0d16 ", 
  "JUMPI ", 
  "ASSERTFAIL ", 
  "JUMPDEST ", 
  "DIV ", 
  "SWAP1 ", 
  "POP ", 
  "JUMPDEST ", 
  "DUP5 ", 
  "PUSH10 0x010f1ad11b9100840000 ", 
  "GT ", 
  "ISZERO ", 
  "DUP1 ", 
  "ISZERO ", 
  "PUSH2 0x0d3d ", 
  "JUMPI ", 
  "POP ", 
  "DUP5 ", 
  "PUSH10 0x021e19e0c9bab2400000 ", 
  "LT ", 
  "JUMPDEST ", 
  "ISZERO ", 
  "PUSH2 0x0d55 ", 
  "JUMPI ", 
  "PUSH1 0x64 ", 
  "PUSH1 0x0a ", 
  "DUP7 ", 
  "MUL ", 
  "DUP2 ", 
  "ISZERO ", 
  "ISZERO ", 
  "PUSH2 0x0d51 ", 
  "JUMPI ", 
  "ASSERTFAIL ", 
  "JUMPDEST ", 
  "DIV ", 
  "SWAP1 ", 
  "POP ", 
  "JUMPDEST ", 
  "DUP5 ", 
  "PUSH10 0x021e27c1806e59a40000 ", 
  "GT ", 
  "ISZERO ", 
  "DUP1 ", 
  "ISZERO ", 
  "PUSH2 0x0d78 ", 
  "JUMPI ", 
  "POP ", 
  "DUP5 ", 
  "PUSH10 0x032d26d12e980b600000 ", 
  "LT ", 
  "JUMPDEST ", 
  "ISZERO ", 
  "PUSH2 0x0d90 ", 
  "JUMPI ", 
  "PUSH1 0x64 ", 
  "PUSH1 0x0f ", 
  "DUP7 ", 
  "MUL ", 
  "DUP2 ", 
  "ISZERO ", 
  "ISZERO ", 
  "PUSH2 0x0d8c ", 
  "JUMPI ", 
  "ASSERTFAIL ", 
  "JUMPDEST ", 
  "DIV ", 
  "SWAP1 ", 
  "POP ", 
  "JUMPDEST ", 
  "DUP5 ", 
  "PUSH10 0x032d34b1e54bb2c40000 ", 
  "GT ", 
  "ISZERO ", 
  "DUP1 ", 
  "ISZERO ", 
  "PUSH2 0x0db3 ", 
  "JUMPI ", 
  "POP ", 
  "DUP5 ", 
  "PUSH10 0x043c33c1937564800000 ", 
  "LT ", 
  "JUMPDEST ", 
  "ISZERO ", 
  "PUSH2 0x0dcb ", 
  "JUMPI ", 
  "PUSH1 0x64 ", 
  "PUSH1 0x14 ", 
  "DUP7 ", 
  "MUL ", 
  "DUP2 ", 
  "ISZERO ", 
  "ISZERO ", 
  "PUSH2 0x0dc7 ", 
  "JUMPI ", 
  "ASSERTFAIL ", 
  "JUMPDEST ", 
  "DIV ", 
  "SWAP1 ", 
  "POP ", 
  "JUMPDEST ", 
  "DUP5 ", 
  "PUSH10 0x043c41a24a290be40000 ", 
  "GT ", 
  "ISZERO ", 
  "ISZERO ", 
  "PUSH2 0x0df1 ", 
  "JUMPI ", 
  "PUSH1 0x64 ", 
  "PUSH1 0x19 ", 
  "DUP7 ", 
  "MUL ", 
  "DUP2 ", 
  "ISZERO ", 
  "ISZERO ", 
  "PUSH2 0x0ded ", 
  "JUMPI ", 
  "ASSERTFAIL ", 
  "JUMPDEST ", 
  "DIV ", 
  "SWAP1 ", 
  "POP ", 
  "JUMPDEST ", 
  "PUSH2 0x0e04 ", 
  "DUP4 ", 
  "DUP7 ", 
  "PUSH2 0x208f ", 
  "SWAP1 ", 
  "SWAP2 ", 
  "SWAP1 ", 
  "PUSH4 0xffffffff ", 
  "AND ", 
  "JUMP ", 
  "JUMPDEST ", 
  "SWAP4 ", 
  "POP ", 
  "PUSH2 0x0e19 ", 
  "DUP3 ", 
  "DUP6 ", 
  "PUSH2 0x208f ", 
  "SWAP1 ", 
  "SWAP2 ", 
  "SWAP1 ", 
  "PUSH4 0xffffffff ", 
  "AND ", 
  "JUMP ", 
  "JUMPDEST ", 
  "SWAP4 ", 
  "POP ", 
  "PUSH2 0x0e2e ", 
  "DUP2 ", 
  "DUP6 ", 
  "PUSH2 0x208f ", 
  "SWAP1 ", 
  "SWAP2 ", 
  "SWAP1 ", 
  "PUSH4 0xffffffff ", 
  "AND ", 
  "JUMP ", 
  "JUMPDEST ", 
  "SWAP4 ", 
  "POP ", 
  "PUSH11 0xa56fa5b99019a5c8000000 ", 
  "PUSH2 0x0e51 ", 
  "DUP6 ", 
  "PUSH1 0x00 ", 
  "SLOAD ", 
  "PUSH2 0x208f ", 
  "SWAP1 ", 
  "SWAP2 ", 
  "SWAP1 ", 
  "PUSH4 0xffffffff ", 
  "AND ", 
  "JUMP ", 
  "JUMPDEST ", 
  "GT ", 
  "ISZERO ", 
  "PUSH2 0x0e5c ", 
  "JUMPI ", 
  "PUSH1 0x00 ", 
  "DUP1 ", 
  "REVERT ", 
  "JUMPDEST ", 
  "PUSH2 0x0e71 ", 
  "DUP5 ", 
  "PUSH1 0x00 ", 
  "SLOAD ", 
  "PUSH2 0x208f ", 
  "SWAP1 ", 
  "SWAP2 ", 
  "SWAP1 ", 
  "PUSH4 0xffffffff ", 
  "AND ", 
  "JUMP ", 
  "JUMPDEST ", 
  "PUSH1 0x00 ", 
  "DUP2 ", 
  "SWAP1 ", 
  "SSTORE ", 
  "POP ", 
  "PUSH2 0x0ec9 ", 
  "DUP5 ", 
  "PUSH1 0x05 ", 
  "PUSH1 0x00 ", 
  "CALLER ", 
  "PUSH20 0xffffffffffffffffffffffffffffffffffffffff ", 
  "AND ", 
  "PUSH20 0xffffffffffffffffffffffffffffffffffffffff ", 
  "AND ", 
  "DUP2 ", 
  "MSTORE ", 
  "PUSH1 0x20 ", 
  "ADD ", 
  "SWAP1 ", 
  "DUP2 ", 
  "MSTORE ", 
  "PUSH1 0x20 ", 
  "ADD ", 
  "PUSH1 0x00 ", 
  "SHA3 ", 
  "SLOAD ", 
  "PUSH2 0x208f ", 
  "SWAP1 ", 
  "SWAP2 ", 
  "SWAP1 ", 
  "PUSH4 0xffffffff ", 
  "AND ", 
  "JUMP ", 
  "JUMPDEST ", 
  "PUSH1 0x05 ", 
  "PUSH1 0x00 ", 
  "CALLER ", 
  "PUSH20 0xffffffffffffffffffffffffffffffffffffffff ", 
  "AND ", 
  "PUSH20 0xffffffffffffffffffffffffffffffffffffffff ", 
  "AND ", 
  "DUP2 ", 
  "MSTORE ", 
  "PUSH1 0x20 ", 
  "ADD ", 
  "SWAP1 ", 
  "DUP2 ", 
  "MSTORE ", 
  "PUSH1 0x20 ", 
  "ADD ", 
  "PUSH1 0x00 ", 
  "SHA3 ", 
  "DUP2 ", 
  "SWAP1 ", 
  "SSTORE ", 
  "POP ", 
  "PUSH1 0x01 ", 
  "SWAP7 ", 
  "POP ", 
  "POP ", 
  "POP ", 
  "POP ", 
  "POP ", 
  "POP ", 
  "POP ", 
  "SWAP1 ", 
  "JUMP ", 
  "JUMPDEST ", 
  "SWAP5 ", 
  "POP ", 
  "PUSH2 0x1699 ", 
  "DUP9 ", 
  "PUSH2 0x1f38 ", 
  "JUMP ", 
  "JUMPDEST ", 
  "SWAP4 ", 
  "POP ", 
  "DUP4 ", 
  "DUP6 ", 
  "GT ", 
  "ISZERO ", 
  "PUSH2 0x16a7 ", 
  "JUMPI ", 
  "DUP4 ", 
  "SWAP5 ", 
  "POP ", 
  "JUMPDEST ", 
  "PUSH1 0x00 ", 
  "DUP6 ", 
  "GT ", 
  "ISZERO ", 
  "ISZERO ", 
  "PUSH2 0x16b6 ", 
  "JUMPI ", 
  "PUSH1 0x00 ", 
  "DUP1 ", 
  "REVERT ", 
  "JUMPDEST ", 
  "PUSH2 0x1712 ", 
  "PUSH8 0x0de0b6b3a7640000 ", 
  "DUP7 ", 
  "PUSH1 0x08 ", 
  "PUSH1 0x00 ", 
  "DUP13 ", 
  "PUSH20 0xffffffffffffffffffffffffffffffffffffffff ", 
  "AND ", 
  "PUSH20 0xffffffffffffffffffffffffffffffffffffffff ", 
  "AND ", 
  "DUP2 ", 
  "MSTORE ", 
  "PUSH1 0x20 ", 
  "ADD ", 
  "SWAP1 ", 
  "DUP2 ", 
  "MSTORE ", 
  "PUSH1 0x20 ", 
  "ADD ", 
  "PUSH1 0x00 ", 
  "SHA3 ", 
  "SLOAD ", 
  "MUL ", 
  "PUSH2 0x204e ", 
  "SWAP1 ", 
  "SWAP2 ", 
  "SWAP1 ", 
  "PUSH4 0xffffffff ", 
  "AND ", 
  "JUMP ", 
  "JUMPDEST ", 
  "SWAP3 ", 
  "POP ", 
  "CALLVALUE ", 
  "DUP4 ", 
  "GT ", 
  "ISZERO ", 
  "PUSH2 0x1721 ", 
  "JUMPI ", 
  "PUSH1 0x00 ", 
  "DUP1 ", 
  "REVERT ", 
  "JUMPDEST ", 
  "PUSH2 0x173b ", 
  "PUSH1 0x66 ", 
  "PUSH1 0xff ", 
  "AND ", 
  "PUSH1 0x64 ", 
  "DUP6 ", 
  "MUL ", 
  "PUSH2 0x204e ", 
  "SWAP1 ", 
  "SWAP2 ", 
  "SWAP1 ", 
  "PUSH4 0xffffffff ", 
  "AND ", 
  "JUMP ", 
  "JUMPDEST ", 
  "SWAP2 ", 
  "POP ", 
  "DUP3 ", 
  "CALLVALUE ", 
  "SUB ", 
  "SWAP1 ", 
  "POP ", 
  "CALLVALUE ", 
  "DUP3 ", 
  "GT ", 
  "ISZERO ", 
  "PUSH2 0x174f ", 
  "JUMPI ", 
  "PUSH1 0x00 ", 
  "DUP1 ", 
  "REVERT ", 
  "JUMPDEST ", 
  "CALLVALUE ", 
  "DUP2 ", 
  "DUP4 ", 
  "ADD ", 
  "GT ", 
  "ISZERO ", 
  "PUSH2 0x175e ", 
  "JUMPI ", 
  "PUSH1 0x00 ", 
  "DUP1 ", 
  "REVERT ", 
  "JUMPDEST ", 
  "PUSH1 0x00 ", 
  "DUP3 ", 
  "GT ", 
  "ISZERO ", 
  "PUSH2 0x179e ", 
  "JUMPI ", 
  "DUP8 ", 
  "PUSH20 0xffffffffffffffffffffffffffffffffffffffff ", 
  "AND ", 
  "PUSH2 0x08fc ", 
  "DUP4 ", 
  "SWAP1 ", 
  "DUP2 ", 
  "ISZERO ", 
  "MUL ", 
  "SWAP1 ", 
  "PUSH1 0x40 ", 
  "MLOAD ", 
  "PUSH1 0x00 ", 
  "PUSH1 0x40 ", 
  "MLOAD ", 
  "DUP1 ", 
  "DUP4 ", 
  "SUB ", 
  "DUP2 ", 
  "DUP6 ", 
  "DUP9 ", 
  "DUP9 ", 
  "CALL ", 
  "SWAP4 ", 
  "POP ", 
  "POP ", 
  "POP ", 
  "POP ", 
  "POP ", 
  "JUMPDEST ", 
  "PUSH1 0x00 ", 
  "DUP2 ", 
  "GT ", 
  "ISZERO ", 
  "PUSH2 0x17de ", 
  "JUMPI ", 
  "CALLER ", 
  "PUSH20 0xffffffffffffffffffffffffffffffffffffffff ", 
  "AND ", 
  "PUSH2 0x08fc ", 
  "DUP3 ", 
  "SWAP1 ", 
  "DUP2 ", 
  "ISZERO ", 
  "MUL ", 
  "SWAP1 ", 
  "PUSH1 0x40 ", 
  "MLOAD ", 
  "PUSH1 0x00 ", 
  "PUSH1 0x40 ", 
  "MLOAD ", 
  "DUP1 ", 
  "DUP4 ", 
  "SUB ", 
  "DUP2 ", 
  "DUP6 ", 
  "DUP9 ", 
  "DUP9 ", 
  "CALL ", 
  "SWAP4 ", 
  "POP ", 
  "POP ", 
  "POP ", 
  "POP ", 
  "POP ", 
  "JUMPDEST ", 
  "DUP5 ", 
  "PUSH1 0x07 ", 
  "PUSH1 0x00 ", 
  "DUP11 ", 
  "PUSH20 0xffffffffffffffffffffffffffffffffffffffff ", 
  "AND ", 
  "PUSH20 0xffffffffffffffffffffffffffffffffffffffff ", 
  "AND ", 
  "DUP2 ", 
  "MSTORE ", 
  "PUSH1 0x20 ", 
  "ADD ", 
  "SWAP1 ", 
  "DUP2 ", 
  "MSTORE ", 
  "PUSH1 0x20 ", 
  "ADD ", 
  "PUSH1 0x00 ", 
  "SHA3 ", 
  "PUSH1 0x00 ", 
  "DUP3 ", 
  "DUP3 ", 
  "SLOAD ", 
  "SUB ", 
  "SWAP3 ", 
  "POP ", 
  "POP ", 
  "DUP2 ", 
  "SWAP1 ", 
  "SSTORE ", 
  "POP ", 
  "DUP5 ", 
  "PUSH1 0x05 ", 
  "PUSH1 0x00 ", 
  "DUP11 ", 
  "PUSH20 0xffffffffffffffffffffffffffffffffffffffff ", 
  "AND ", 
  "PUSH20 0xffffffffffffffffffffffffffffffffffffffff ", 
  "AND ", 
  "DUP2 ", 
  "MSTORE ", 
  "PUSH1 0x20 ", 
  "ADD ", 
  "SWAP1 ", 
  "DUP2 ", 
  "MSTORE ", 
  "PUSH1 0x20 ", 
  "ADD ", 
  "PUSH1 0x00 ", 
  "SHA3 ", 
  "PUSH1 0x00 ", 
  "DUP3 ", 
  "DUP3 ", 
  "SLOAD ", 
  "SUB ", 
  "SWAP3 ", 
  "POP ", 
  "POP ", 
  "DUP2 ", 
  "SWAP1 ", 
  "SSTORE ", 
  "POP ", 
  "DUP5 ", 
  "PUSH1 0x05 ", 
  "PUSH1 0x00 ", 
  "CALLER ", 
  "PUSH20 0xffffffffffffffffffffffffffffffffffffffff ", 
  "AND ", 
  "PUSH20 0xffffffffffffffffffffffffffffffffffffffff ", 
  "AND ", 
  "DUP2 ", 
  "MSTORE ", 
  "PUSH1 0x20 ", 
  "ADD ", 
  "SWAP1 ", 
  "DUP2 ", 
  "MSTORE ", 
  "PUSH1 0x20 ", 
  "ADD ", 
  "PUSH1 0x00 ", 
  "SHA3 ", 
  "PUSH1 0x00 ", 
  "DUP3 ", 
  "DUP3 ", 
  "SLOAD ", 
  "ADD ", 
  "SWAP3 ", 
  "POP ", 
  "POP ", 
  "DUP2 ", 
  "SWAP1 ", 
  "SSTORE ", 
  "POP ", 
  "CALLER ", 
  "PUSH20 0xffffffffffffffffffffffffffffffffffffffff ", 
  "AND ", 
  "DUP9 ", 
  "PUSH20 0xffffffffffffffffffffffffffffffffffffffff ", 
  "AND ", 
  "PUSH32 0xaf33f8a5abc54c4f3b13e4416a4d2f6ddc6ec976aacda329904150c054aa92c0 ", 
  "DUP8 ", 
  "PUSH1 0x08 ", 
  "PUSH1 0x00 ", 
  "DUP14 ", 
  "PUSH20 0xffffffffffffffffffffffffffffffffffffffff ", 
  "AND ", 
  "PUSH20 0xffffffffffffffffffffffffffffffffffffffff ", 
  "AND ", 
  "DUP2 ", 
  "MSTORE ", 
  "PUSH1 0x20 ", 
  "ADD ", 
  "SWAP1 ", 
  "DUP2 ", 
  "MSTORE ", 
  "PUSH1 0x20 ", 
  "ADD ", 
  "PUSH1 0x00 ", 
  "SHA3 ", 
  "SLOAD ", 
  "PUSH1 0x40 ", 
  "MLOAD ", 
  "DUP1 ", 
  "DUP4 ", 
  "DUP2 ", 
  "MSTORE ", 
  "PUSH1 0x20 ", 
  "ADD ", 
  "DUP3 ", 
  "DUP2 ", 
  "MSTORE ", 
  "PUSH1 0x20 ", 
  "ADD ", 
  "SWAP3 ", 
  "POP ", 
  "POP ", 
  "POP ", 
  "PUSH1 0x40 ", 
  "MLOAD ", 
  "DUP1 ", 
  "SWAP2 ", 
  "SUB ", 
  "SWAP1 ", 
  "LOG3 ", 
  "POP ", 
  "POP ", 
  "POP ", 
  "POP ", 
  "POP ", 
  "SWAP3 ", 
  "SWAP2 ", 
  "POP ", 
  "POP ", 
  "JUMP ", 
  "PUSH1 0x00 ", 
  "DUP1 ", 
  "REVERT ", 
  "PUSH1 0x00 ", 
  "DUP1 ", 
  "REVERT ", 
  "JUMPDEST ", 
  "PUSH1 0x08 ", 
  "PUSH1 0x00 ", 
  "CALLER ", 
  "PUSH20 0xffffffffffffffffffffffffffffffffffffffff ", 
  "AND ", 
  "PUSH20 0xffffffffffffffffffffffffffffffffffffffff ", 
  "AND ", 
  "DUP2 ", 
  "MSTORE ", 
  "PUSH1 0x20 ", 
  "ADD ", 
  "SWAP1 ", 
  "DUP2 ", 
  "MSTORE ", 
  "PUSH1 0x20 ", 
  "ADD ", 
  "PUSH1 0x00 ", 
  "SHA3 ", 
  "DUP2 ", 
  "SWAP1 ", 
  "SSTORE ", 
  "POP ", 
  "PUSH1 0x09 ", 
  "DUP1 ", 
  "SLOAD ", 
  "DUP1 ", 
  "PUSH1 0x01 ", 
  "ADD ", 
  "DUP3 ", 
  "DUP2 ", 
  "PUSH2 0x1d46 ", 
  "SWAP2 ", 
  "SWAP1 ", 
  "PUSH2 0x20bc ", 
  "JUMP ", 
  "JUMPDEST ", 
  "SWAP2 ", 
  "PUSH1 0x00 ", 
  "MSTORE ", 
  "PUSH1 0x20 ", 
  "PUSH1 0x00 ", 
  "SHA3 ", 
  "SWAP1 ", 
  "ADD ", 
  "PUSH1 0x00 ", 
  "CALLER ", 
  "SWAP1 ", 
  "SWAP2 ", 
  "SWAP1 ", 
  "SWAP2 ", 
  "PUSH2 0x0100 ", 
  "EXP ", 
  "DUP2 ", 
  "SLOAD ", 
  "DUP2 ", 
  "PUSH20 0xffffffffffffffffffffffffffffffffffffffff ", 
  "MUL ", 
  "NOT ", 
  "AND ", 
  "SWAP1 ", 
  "DUP4 ", 
  "PUSH20 0xffffffffffffffffffffffffffffffffffffffff ", 
  "AND ", 
  "MUL ", 
  "OR ", 
  "SWAP1 ", 
  "SSTORE ", 
  "POP ", 
  "POP ", 
  "CALLER ", 
  "PUSH20 0xffffffffffffffffffffffffffffffffffffffff ", 
  "AND ", 
  "PUSH32 0x11e5b955c47ddbc5cbcea6442fee8bef7fbd64254e2ccd398fbdcd248b94545a ", 
  "DUP5 ", 
  "PUSH1 0x08 ", 
  "PUSH1 0x00 ", 
  "CALLER ", 
  "PUSH20 0xffffffffffffffffffffffffffffffffffffffff ", 
  "AND ", 
  "PUSH20 0xffffffffffffffffffffffffffffffffffffffff ", 
  "AND ", 
  "DUP2 ", 
  "MSTORE ", 
  "PUSH1 0x20 ", 
  "ADD ", 
  "SWAP1 ", 
  "DUP2 ", 
  "MSTORE ", 
  "PUSH1 0x20 ", 
  "ADD ", 
  "PUSH1 0x00 ", 
  "SHA3 ", 
  "SLOAD ", 
  "PUSH1 0x40 ", 
  "MLOAD ", 
  "DUP1 ", 
  "DUP4 ", 
  "DUP2 ", 
  "MSTORE ", 
  "PUSH1 0x20 ", 
  "ADD ", 
  "DUP3 ", 
  "DUP2 ", 
  "MSTORE ", 
  "PUSH1 0x20 ", 
  "ADD ", 
  "SWAP3 ", 
  "POP ", 
  "POP ", 
  "POP ", 
  "PUSH1 0x40 ", 
  "MLOAD ", 
  "DUP1 ", 
  "SWAP2 ", 
  "SUB ", 
  "SWAP1 ", 
  "LOG2 ", 
  "PUSH1 0x01 ", 
  "SWAP1 ", 
  "POP ", 
  "SWAP3 ", 
  "SWAP2 ", 
  "POP ", 
  "POP ", 
  "JUMP ", 
  "JUMPDEST ", 
  "PUSH1 0x00 ", 
  "PUSH1 0x06 ", 
  "PUSH1 0x00 ", 
  "DUP5 ", 
  "PUSH20 0xffffffffffffffffffffffffffffffffffffffff ", 
  "AND ", 
  "PUSH20 0xffffffffffffffffffffffffffffffffffffffff ", 
  "AND ", 
  "DUP2 ", 
  "MSTORE ", 
  "PUSH1 0x20 ", 
  "ADD ", 
  "SWAP1 ", 
  "DUP2 ", 
  "MSTORE ", 
  "PUSH1 0x20 ", 
  "ADD ", 
  "PUSH1 0x00 ", 
  "SHA3 ", 
  "PUSH1 0x00 ", 
  "DUP4 ", 
  "PUSH20 0xffffffffffffffffffffffffffffffffffffffff ", 
  "AND ", 
  "PUSH20 0xffffffffffffffffffffffffffffffffffffffff ", 
  "AND ", 
  "DUP2 ", 
  "MSTORE ", 
  "PUSH1 0x20 ", 
  "ADD ", 
  "SWAP1 ", 
  "DUP2 ", 
  "MSTORE ", 
  "PUSH1 0x20 ", 
  "ADD ", 
  "PUSH1 0x00 ", 
  "SHA3 ", 
  "SLOAD ", 
  "SWAP1 ", 
  "POP ", 
  "SWAP3 ", 
  "SWAP2 ", 
  "POP ", 
  "POP ", 
  "JUMP ", 
  "JUMPDEST ", 
  "PUSH1 0x00 ", 
  "PUSH1 0x04 ", 
  "PUSH1 0x00 ", 
  "SWAP1 ", 
  "SLOAD ", 
  "SWAP1 ", 
  "PUSH2 0x0100 ", 
  "EXP ", 
  "SWAP1 ", 
  "DIV ", 
  "PUSH20 0xffffffffffffffffffffffffffffffffffffffff ", 
  "AND ", 
  "PUSH20 0xffffffffffffffffffffffffffffffffffffffff ", 
  "AND ", 
  "CALLER ", 
  "PUSH20 0xffffffffffffffffffffffffffffffffffffffff ", 
  "AND ", 
  "EQ ", 
  "ISZERO ", 
  "ISZERO ", 
  "PUSH2 0x1f19 ", 
  "JUMPI ", 
  "PUSH1 0x00 ", 
  "DUP1 ", 
  "REVERT ", 
  "JUMPDEST ", 
  "DUP2 ", 
  "PUSH1 0x03 ", 
  "DUP2 ", 
  "SWAP1 ", 
  "SSTORE ", 
  "POP ", 
  "PUSH1 0x01 ", 
  "SWAP1 ", 
  "POP ", 
  "SWAP2 ", 
  "SWAP1 ", 
  "POP ", 
  "JUMP ", 
  "JUMPDEST ", 
  "PUSH11 0xa56fa5b99019a5c8000000 ", 
  "DUP2 ", 
  "JUMP ", 
  "JUMPDEST ", 
  "PUSH1 0x00 ", 
  "DUP1 ", 
  "PUSH1 0x00 ", 
  "SWAP1 ", 
  "POP ", 
  "PUSH1 0x00 ", 
  "PUSH1 0x07 ", 
  "PUSH1 0x00 ", 
  "DUP6 ", 
  "PUSH20 0xffffffffffffffffffffffffffffffffffffffff ", 
  "AND ", 
  "PUSH20 0xffffffffffffffffffffffffffffffffffffffff ", 
  "AND ", 
  "DUP2 ", 
  "MSTORE ", 
  "PUSH1 0x20 ", 
  "ADD ", 
  "SWAP1 ", 
  "DUP2 ", 
  "MSTORE ", 
  "PUSH1 0x20 ", 
  "ADD ", 
  "PUSH1 0x00 ", 
  "SHA3 ", 
  "SLOAD ", 
  "GT ", 
  "ISZERO ", 
  "ISZERO ", 
  "PUSH2 0x1f90 ", 
  "JUMPI ", 
  "DUP1 ", 
  "SWAP2 ", 
  "POP ", 
  "PUSH2 0x203b ", 
  "JUMP ", 
  "JUMPDEST ", 
  "PUSH1 0x00 ", 
  "PUSH2 0x1f9b ", 
  "DUP5 ", 
  "PUSH2 0x14da ", 
  "JUMP ", 
  "JUMPDEST ", 
  "GT ", 
  "ISZERO ", 
  "PUSH2 0x1fad ", 
  "JUMPI ", 
  "PUSH2 0x1faa ", 
  "DUP4 ", 
  "PUSH2 0x14da ", 
  "JUMP ", 
  "JUMPDEST ", 
  "SWAP1 ", 
  "POP ", 
  "JUMPDEST ", 
  "DUP1 ", 
  "PUSH1 0x07 ", 
  "PUSH1 0x00 ", 
  "DUP6 ", 
  "PUSH20 0xffffffffffffffffffffffffffffffffffffffff ", 
  "AND ", 
  "PUSH20 0xffffffffffffffffffffffffffffffffffffffff ", 
  "AND ", 
  "DUP2 ", 
  "MSTORE ", 
  "PUSH1 0x20 ", 
  "ADD ", 
  "SWAP1 ", 
  "DUP2 ", 
  "MSTORE ", 
  "PUSH1 0x20 ", 
  "ADD ", 
  "PUSH1 0x00 ", 
  "SHA3 ", 
  "SLOAD ", 
  "LT ", 
  "ISZERO ", 
  "PUSH2 0x2037 ", 
  "JUMPI ", 
  "PUSH1 0x07 ", 
  "PUSH1 0x00 ", 
  "DUP5 ", 
  "PUSH20 0xffffffffffffffffffffffffffffffffffffffff "
 ], 
 "overflow": "\n../contractSrc/0x588e225acf2ded5867f738b1245bd2bddb76927f.sol:Bqt_Token:387:25\nmsg.value*10**18\n^", 
 "money_concurrency": "\nFlow 1:\n../contractSrc/0x588e225acf2ded5867f738b1245bd2bddb76927f.sol:Bqt_Token:170:11\nowner.send(balance)\n^\nFlow 2:\n../contractSrc/0x588e225acf2ded5867f738b1245bd2bddb76927f.sol:Bqt_Token:170:11\nowner.send(balance)\n^", 
 "truncation": false
},"SafeMath":{
 "execution_paths": "1", 
 "callstack": false, 
 "reentrancy": false, 
 "modulo": false, 
 "division": false, 
 "execution_time": "0.00583505630493", 
 "signedness": false, 
 "evm_code_coverage": "100.0", 
 "underflow": false, 
 "time_dependency": false, 
 "assertion_failure": false, 
 "timeout": false, 
 "dead_code": [], 
 "overflow": false, 
 "money_concurrency": false, 
 "truncation": false
}}