{"BitcoinQuick":{
 "execution_paths": "25", 
 "callstack": false, 
 "reentrancy": false, 
 "modulo": false, 
 "division": false, 
 "execution_time": "2.40484309196", 
 "signedness": false, 
 "evm_code_coverage": "99.9", 
 "underflow": false, 
 "time_dependency": false, 
 "assertion_failure": false, 
 "timeout": false, 
 "dead_code": [
  "STOP "
 ], 
 "overflow": "\n../contractSrc/0x5fc8582bb390e1232dc50908cd35b38f540c72fd.sol:BitcoinQuick:49:9\nbalances[_to] += _amount\n^\n../contractSrc/0x5fc8582bb390e1232dc50908cd35b38f540c72fd.sol:BitcoinQuick:42:9\nbalances[_to] += _amount\n^", 
 "money_concurrency": false, 
 "truncation": false
}}