{"LeeroyPoints":{
 "execution_paths": "48", 
 "callstack": false, 
 "reentrancy": false, 
 "modulo": false, 
 "division": false, 
 "execution_time": "24.8480651379", 
 "signedness": false, 
 "evm_code_coverage": "99.9", 
 "underflow": false, 
 "time_dependency": false, 
 "assertion_failure": false, 
 "timeout": false, 
 "dead_code": [
  "STOP ", 
  "JUMPDEST "
 ], 
 "overflow": "\n../contractSrc/0x6088a529b22cc225f0780a5b29b09d34017f6c39.sol:LeeroyPoints:96:9\nbalances[_to] += _value\n^\n../contractSrc/0x6088a529b22cc225f0780a5b29b09d34017f6c39.sol:LeeroyPoints:86:9\nbalances[_to] += _value\n^", 
 "money_concurrency": false, 
 "truncation": false
},"SafeMath":{
 "execution_paths": "1", 
 "callstack": false, 
 "reentrancy": false, 
 "modulo": false, 
 "division": false, 
 "execution_time": "0.00543308258057", 
 "signedness": false, 
 "evm_code_coverage": "100.0", 
 "underflow": false, 
 "time_dependency": false, 
 "assertion_failure": false, 
 "timeout": false, 
 "dead_code": [], 
 "overflow": false, 
 "money_concurrency": false, 
 "truncation": false
}}