{"AlgeriaToken":{
 "execution_paths": "27", 
 "callstack": false, 
 "reentrancy": false, 
 "modulo": false, 
 "division": false, 
 "execution_time": "2.44195485115", 
 "signedness": false, 
 "evm_code_coverage": "99.9", 
 "underflow": false, 
 "time_dependency": false, 
 "assertion_failure": false, 
 "timeout": false, 
 "dead_code": [
  "STOP "
 ], 
 "overflow": "\n../contractSrc/0x647af83d8766382700bdca826d0ee2fd6bb9ec19.sol:AlgeriaToken:55:9\nbalances[_to] += _value\n^\n../contractSrc/0x647af83d8766382700bdca826d0ee2fd6bb9ec19.sol:AlgeriaToken:44:9\nbalances[_to] += _value\n^", 
 "money_concurrency": false, 
 "truncation": false
}}