{"TariInvestment":{
 "execution_paths": "69", 
 "callstack": false, 
 "reentrancy": false, 
 "modulo": false, 
 "division": false, 
 "execution_time": "29.3249549866", 
 "signedness": false, 
 "evm_code_coverage": "89.9", 
 "underflow": false, 
 "time_dependency": "\n../contractSrc/0x7078b01170768c6db7bd9f515305682e52664cd3.sol:TariInvestment:114:7\nrequire(refundingDeadline <= now)\n^", 
 "assertion_failure": false, 
 "timeout": false, 
 "dead_code": [
  "JUMPI ", 
  "PUSH1 0x00 ", 
  "DUP1 ", 
  "REVERT ", 
  "JUMPDEST ", 
  "PUSH1 0x01 ", 
  "PUSH1 0x00 ", 
  "DUP4 ", 
  "SWAP1 ", 
  "SLOAD ", 
  "SWAP1 ", 
  "PUSH2 0x0100 ", 
  "EXP ", 
  "SWAP1 ", 
  "DIV ", 
  "PUSH20 0xffffffffffffffffffffffffffffffffffffffff ", 
  "AND ", 
  "PUSH20 0xffffffffffffffffffffffffffffffffffffffff ", 
  "JUMPDEST ", 
  "AND ", 
  "PUSH2 0x08fc ", 
  "DUP3 ", 
  "DUP5 ", 
  "DUP8 ", 
  "SUB ", 
  "SUB ", 
  "SWAP1 ", 
  "DUP2 ", 
  "ISZERO ", 
  "MUL ", 
  "SWAP1 ", 
  "PUSH1 0x40 ", 
  "MLOAD ", 
  "PUSH1 0x00 ", 
  "PUSH1 0x40 ", 
  "MLOAD ", 
  "DUP1 ", 
  "STOP ", 
  "SUB ", 
  "DUP2 ", 
  "DUP6 ", 
  "DUP9 ", 
  "DUP9 ", 
  "CALL ", 
  "SWAP4 ", 
  "POP ", 
  "POP ", 
  "POP ", 
  "POP ", 
  "ISZERO ", 
  "ISZERO ", 
  "PUSH2 0x086d ", 
  "JUMPI ", 
  "PUSH1 0x00 ", 
  "DUP1 ", 
  "REVERT ", 
  "JUMPDEST ", 
  "POP ", 
  "POP ", 
  "POP ", 
  "POP ", 
  "JUMP ", 
  "JUMPDEST ", 
  "POP ", 
  "JUMP ", 
  "STOP ", 
  "JUMPDEST ", 
  "STOP ", 
  "PUSH1 0x40 ", 
  "JUMPDEST ", 
  "PUSH1 0x03 ", 
  "PUSH1 0x00 ", 
  "SWAP1 ", 
  "SLOAD ", 
  "SWAP1 ", 
  "PUSH2 0x0100 ", 
  "EXP ", 
  "SWAP1 ", 
  "DIV ", 
  "PUSH20 0xffffffffffffffffffffffffffffffffffffffff ", 
  "AND ", 
  "PUSH20 0xffffffffffffffffffffffffffffffffffffffff ", 
  "JUMPDEST ", 
  "JUMP ", 
  "AND ", 
  "PUSH2 0x08fc ", 
  "DUP3 ", 
  "SWAP1 ", 
  "DUP2 ", 
  "ISZERO ", 
  "MUL ", 
  "SWAP1 ", 
  "PUSH1 0x40 ", 
  "MLOAD ", 
  "PUSH1 0x00 ", 
  "JUMPDEST ", 
  "STOP ", 
  "MLOAD ", 
  "DUP1 ", 
  "DUP4 ", 
  "SUB ", 
  "DUP2 ", 
  "DUP6 ", 
  "DUP9 ", 
  "DUP9 ", 
  "CALL ", 
  "SWAP4 ", 
  "POP ", 
  "POP ", 
  "POP ", 
  "POP ", 
  "ISZERO ", 
  "ISZERO ", 
  "PUSH2 0x0807 "
 ], 
 "overflow": "\n../contractSrc/0x7078b01170768c6db7bd9f515305682e52664cd3.sol:TariInvestment:82:5\ntotalInvestment += msg.value\n^\n../contractSrc/0x7078b01170768c6db7bd9f515305682e52664cd3.sol:TariInvestment:81:5\nbalances[msg.sender] += msg.value\n^\n../contractSrc/0x7078b01170768c6db7bd9f515305682e52664cd3.sol:TariInvestment:119:23\navailableRefunds * balances[msg.sender]\n^\n../contractSrc/0x7078b01170768c6db7bd9f515305682e52664cd3.sol:TariInvestment:95:22\ntransfer_amount * 15\n^", 
 "money_concurrency": "\nFlow 1:\n../contractSrc/0x7078b01170768c6db7bd9f515305682e52664cd3.sol:TariInvestment:121:5\nmsg.sender.transfer(withdrawal)\n^\nFlow 2:\n../contractSrc/0x7078b01170768c6db7bd9f515305682e52664cd3.sol:TariInvestment:121:5\nmsg.sender.transfer(withdrawal)\n^", 
 "truncation": false
}}