{"ExtendData":{
 "execution_paths": "50", 
 "callstack": false, 
 "reentrancy": false, 
 "modulo": false, 
 "division": false, 
 "execution_time": "2.40398907661", 
 "signedness": false, 
 "evm_code_coverage": "100.0", 
 "underflow": "\n../contractSrc/0x72ef77b170e76719fe1844f876fcab529c70cc18.sol:ExtendData:91:9\nbalances[_to] -= tips[_from][_to]\n^", 
 "time_dependency": false, 
 "assertion_failure": false, 
 "timeout": false, 
 "dead_code": [
  "STOP "
 ], 
 "overflow": "\n../contractSrc/0x72ef77b170e76719fe1844f876fcab529c70cc18.sol:ExtendData:78:9\ntips[_from][_to] += _tip\n^\n../contractSrc/0x72ef77b170e76719fe1844f876fcab529c70cc18.sol:ExtendData:79:9\nbalances[_to] += _tip\n^", 
 "money_concurrency": false, 
 "truncation": false
}}