{"Ownable":{
 "execution_paths": "8", 
 "callstack": false, 
 "reentrancy": false, 
 "modulo": false, 
 "division": false, 
 "execution_time": "0.118475914001", 
 "signedness": false, 
 "evm_code_coverage": "99.5", 
 "underflow": false, 
 "time_dependency": false, 
 "assertion_failure": false, 
 "timeout": false, 
 "dead_code": [
  "STOP "
 ], 
 "overflow": false, 
 "money_concurrency": false, 
 "truncation": false
},"REDToken":{
 "execution_paths": "175", 
 "callstack": false, 
 "reentrancy": false, 
 "modulo": false, 
 "division": false, 
 "execution_time": "39.0101940632", 
 "signedness": false, 
 "evm_code_coverage": "93.6", 
 "underflow": false, 
 "time_dependency": false, 
 "assertion_failure": false, 
 "timeout": false, 
 "dead_code": [
  "SLOAD ", 
  "MLOAD ", 
  "SWAP2 ", 
  "LOG3 ", 
  "AND ", 
  "PUSH1 0x00 ", 
  "EXP ", 
  "PUSH32 0xddf252ad1be2c89b69c2b068fc378daa952ba7f163c4a11628f55a4df523b3ef ", 
  "DUP2 ", 
  "DUP1 ", 
  "DUP2 ", 
  "JUMPDEST ", 
  "PUSH1 0x40 ", 
  "STOP ", 
  "MLOAD ", 
  "DUP1 ", 
  "DUP3 ", 
  "ISZERO ", 
  "PUSH1 0x0a ", 
  "ISZERO ", 
  "SLOAD ", 
  "PUSH1 0x40 ", 
  "MSTORE ", 
  "MLOAD ", 
  "DUP1 ", 
  "DUP3 ", 
  "DUP2 ", 
  "POP ", 
  "POP ", 
  "PUSH1 0x40 ", 
  "ADD ", 
  "SWAP2 ", 
  "POP ", 
  "POP ", 
  "PUSH1 0x40 ", 
  "SWAP1 ", 
  "MLOAD ", 
  "DUP1 ", 
  "SWAP2 ", 
  "SUB ", 
  "SWAP1 ", 
  "LOG3 ", 
  "PUSH1 0x00 ", 
  "PUSH2 0x0100 ", 
  "PUSH1 0x0a ", 
  "DUP3 ", 
  "DUP2 ", 
  "SWAP1 ", 
  "SSTORE ", 
  "POP ", 
  "PUSH1 0x01 ", 
  "SWAP1 ", 
  "POP ", 
  "SWAP1 ", 
  "JUMP ", 
  "SWAP1 ", 
  "SLOAD ", 
  "DIV ", 
  "MUL ", 
  "PUSH20 0xffffffffffffffffffffffffffffffffffffffff ", 
  "POP ", 
  "SWAP1 ", 
  "ISZERO ", 
  "PUSH2 0x1ec3 ", 
  "SUB ", 
  "POP ", 
  "DUP2 ", 
  "JUMPI ", 
  "PUSH32 0x0c4d6bdff8d101bac655226cb6358667ddade3009648cf5c4c396dce70001db3 ", 
  "DUP4 ", 
  "ASSERTFAIL ", 
  "JUMPDEST ", 
  "JUMPDEST ", 
  "EXP ", 
  "PUSH1 0x00 ", 
  "OR ", 
  "SUB ", 
  "JUMPDEST ", 
  "PUSH1 0x02 ", 
  "PUSH1 0x13 ", 
  "PUSH1 0x15 ", 
  "PUSH1 0x03 ", 
  "PUSH2 0x0100 ", 
  "JUMP ", 
  "JUMPDEST ", 
  "PUSH1 0x12 ", 
  "SLOAD ", 
  "PUSH1 0x00 ", 
  "PUSH1 0xff ", 
  "JUMPDEST ", 
  "PUSH1 0x40 ", 
  "SWAP1 ", 
  "MLOAD ", 
  "DUP1 ", 
  "DUP3 ", 
  "ISZERO ", 
  "ISZERO ", 
  "ISZERO ", 
  "ISZERO ", 
  "DUP2 ", 
  "MSTORE ", 
  "PUSH1 0x20 ", 
  "ADD ", 
  "SWAP2 ", 
  "POP ", 
  "POP ", 
  "PUSH1 0x40 ", 
  "SWAP1 ", 
  "MLOAD ", 
  "DUP1 ", 
  "SWAP2 ", 
  "SUB ", 
  "SWAP1 ", 
  "RETURN ", 
  "AND ", 
  "PUSH20 0xffffffffffffffffffffffffffffffffffffffff ", 
  "JUMPDEST ", 
  "PUSH2 0x1ade ", 
  "CALLER ", 
  "DUP4 ", 
  "PUSH2 0x2302 ", 
  "JUMPDEST ", 
  "PUSH1 0x40 ", 
  "DUP3 ", 
  "MLOAD ", 
  "DUP1 ", 
  "DUP3 ", 
  "ISZERO ", 
  "ISZERO ", 
  "ISZERO ", 
  "ISZERO ", 
  "DUP2 ", 
  "MSTORE ", 
  "PUSH1 0x20 ", 
  "PUSH1 0x00 ", 
  "ADD ", 
  "SWAP2 ", 
  "POP ", 
  "POP ", 
  "PUSH1 0x40 ", 
  "DUP2 ", 
  "MLOAD ", 
  "DUP1 ", 
  "SWAP2 ", 
  "SUB ", 
  "SWAP1 ", 
  "RETURN ", 
  "PUSH20 0xffffffffffffffffffffffffffffffffffffffff ", 
  "PUSH1 0x40 ", 
  "MLOAD ", 
  "DUP1 ", 
  "SWAP2 ", 
  "NOT ", 
  "SWAP1 ", 
  "DUP3 ", 
  "PUSH1 0x01 ", 
  "SWAP2 ", 
  "GT ", 
  "POP ", 
  "SWAP1 ", 
  "JUMP ", 
  "AND ", 
  "PUSH20 0xffffffffffffffffffffffffffffffffffffffff ", 
  "AND ", 
  "PUSH32 0xddf252ad1be2c89b69c2b068fc378daa952ba7f163c4a11628f55a4df523b3ef ", 
  "DUP5 ", 
  "PUSH1 0x40 ", 
  "POP ", 
  "AND ", 
  "PUSH32 0xddf252ad1be2c89b69c2b068fc378daa952ba7f163c4a11628f55a4df523b3ef ", 
  "PUSH1 0x13 ", 
  "DUP1 ", 
  "POP ", 
  "JUMPDEST ", 
  "PUSH1 0x01 ", 
  "JUMP ", 
  "SWAP1 ", 
  "MLOAD ", 
  "SWAP1 ", 
  "JUMP ", 
  "DUP2 ", 
  "JUMPDEST ", 
  "PUSH1 0x20 ", 
  "ADD ", 
  "SWAP2 ", 
  "POP ", 
  "POP ", 
  "PUSH1 0x40 ", 
  "MLOAD ", 
  "MSTORE ", 
  "SWAP2 ", 
  "PUSH20 0xffffffffffffffffffffffffffffffffffffffff ", 
  "SWAP1 ", 
  "LOG3 ", 
  "PUSH1 0x01 ", 
  "MLOAD ", 
  "SWAP1 ", 
  "POP ", 
  "SWAP3 ", 
  "SWAP2 ", 
  "POP ", 
  "ISZERO ", 
  "DUP1 ", 
  "SWAP2 ", 
  "POP ", 
  "POP ", 
  "PUSH1 0x40 ", 
  "MLOAD ", 
  "DUP1 ", 
  "SWAP2 ", 
  "DUP3 ", 
  "SWAP1 ", 
  "ISZERO ", 
  "POP ", 
  "PUSH1 0x20 ", 
  "DUP2 ", 
  "EXP ", 
  "DUP2 ", 
  "PUSH1 0x20 ", 
  "AND ", 
  "PUSH1 0x10 ", 
  "ADD ", 
  "SWAP2 ", 
  "DUP2 ", 
  "MSTORE ", 
  "MSTORE ", 
  "PUSH1 0x40 ", 
  "PUSH1 0x20 ", 
  "SWAP1 ", 
  "DUP4 ", 
  "SSTORE ", 
  "SLOAD ", 
  "PUSH1 0x40 ", 
  "SWAP1 ", 
  "MLOAD ", 
  "PUSH2 0x0100 ", 
  "DUP1 ", 
  "PUSH20 0xffffffffffffffffffffffffffffffffffffffff ", 
  "SWAP2 ", 
  "MSTORE ", 
  "SUB ", 
  "EXP ", 
  "DUP1 ", 
  "CALLER ", 
  "SWAP1 ", 
  "ADD ", 
  "RETURN ", 
  "DIV ", 
  "PUSH1 0x20 ", 
  "AND ", 
  "POP ", 
  "JUMPDEST ", 
  "PUSH1 0x40 ", 
  "MLOAD ", 
  "DUP1 ", 
  "DUP3 ", 
  "ISZERO ", 
  "ISZERO ", 
  "ISZERO ", 
  "ISZERO ", 
  "DUP2 ", 
  "MSTORE ", 
  "PUSH1 0x20 ", 
  "ADD ", 
  "SWAP2 ", 
  "POP ", 
  "POP ", 
  "PUSH1 0x40 ", 
  "ADD ", 
  "MLOAD ", 
  "DUP1 ", 
  "SWAP2 ", 
  "SUB ", 
  "SWAP1 ", 
  "RETURN ", 
  "SWAP1 ", 
  "AND ", 
  "SWAP1 ", 
  "PUSH2 0x0100 ", 
  "SWAP1 ", 
  "SWAP1 ", 
  "DIV ", 
  "PUSH20 0xffffffffffffffffffffffffffffffffffffffff ", 
  "ASSERTFAIL ", 
  "JUMPDEST ", 
  "DUP1 ", 
  "SWAP2 ", 
  "POP ", 
  "MUL ", 
  "LOG1 ", 
  "AND ", 
  "PUSH20 0xffffffffffffffffffffffffffffffffffffffff ", 
  "SUB "
 ], 
 "overflow": false, 
 "money_concurrency": false, 
 "truncation": false
},"SafeMath":{
 "execution_paths": "1", 
 "callstack": false, 
 "reentrancy": false, 
 "modulo": false, 
 "division": false, 
 "execution_time": "0.00752186775208", 
 "signedness": false, 
 "evm_code_coverage": "100.0", 
 "underflow": false, 
 "time_dependency": false, 
 "assertion_failure": false, 
 "timeout": false, 
 "dead_code": [], 
 "overflow": false, 
 "money_concurrency": false, 
 "truncation": false
}}