{"WavesPresale":{
 "execution_paths": "20", 
 "callstack": false, 
 "reentrancy": false, 
 "modulo": false, 
 "division": false, 
 "execution_time": "1.4382109642", 
 "signedness": false, 
 "evm_code_coverage": "99.8", 
 "underflow": false, 
 "time_dependency": false, 
 "assertion_failure": false, 
 "timeout": false, 
 "dead_code": [
  "STOP "
 ], 
 "overflow": "\n../contractSrc/0x7afaacb0a6cbb93aeb301cb956ae71a35542ecc5.sol:WavesPresale:37:9\ntotalTokens += amount\n^", 
 "money_concurrency": false, 
 "truncation": "\n../contractSrc/0x7afaacb0a6cbb93aeb301cb956ae71a35542ecc5.sol:WavesPresale:15:5\nuint32 public numberOfSales\n^"
}}