{"EdgelessToken":{
 "execution_paths": "8", 
 "callstack": false, 
 "reentrancy": false, 
 "modulo": false, 
 "division": false, 
 "execution_time": "53.2629961967", 
 "signedness": false, 
 "evm_code_coverage": "24.2", 
 "underflow": "\n../contractSrc/0x9047ef7c3d52956dd0909c1c1e011e986ce60691.sol:EdgelessToken:75:13\nbalanceOf[_from]-locked[_from][getInterval()]\n^", 
 "time_dependency": false, 
 "assertion_failure": false, 
 "timeout": true, 
 "dead_code": [
  "DUP1 ", 
  "PUSH4 0x282d3fdf ", 
  "EQ ", 
  "PUSH2 0x028b ", 
  "JUMPI ", 
  "DUP1 ", 
  "PUSH4 0x313ce567 ", 
  "EQ ", 
  "PUSH2 0x02e5 ", 
  "JUMPI ", 
  "DUP1 ", 
  "PUSH4 0x363487bc ", 
  "EQ ", 
  "PUSH2 0x0314 ", 
  "JUMPI ", 
  "DUP1 ", 
  "PUSH4 0x5a3b7e42 ", 
  "EQ ", 
  "PUSH2 0x033d ", 
  "JUMPI ", 
  "DUP1 ", 
  "PUSH4 0x70a08231 ", 
  "EQ ", 
  "PUSH2 0x03cb ", 
  "JUMPI ", 
  "DUP1 ", 
  "PUSH4 0x78e97925 ", 
  "EQ ", 
  "PUSH2 0x0418 ", 
  "JUMPI ", 
  "DUP1 ", 
  "PUSH4 0x8da5cb5b ", 
  "EQ ", 
  "PUSH2 0x0441 ", 
  "JUMPI ", 
  "DUP1 ", 
  "PUSH4 0x91ad27b4 ", 
  "EQ ", 
  "PUSH2 0x0496 ", 
  "JUMPI ", 
  "DUP1 ", 
  "PUSH4 0x95d89b41 ", 
  "EQ ", 
  "PUSH2 0x04bf ", 
  "JUMPI ", 
  "DUP1 ", 
  "PUSH4 0xa9059cbb ", 
  "EQ ", 
  "PUSH2 0x054d ", 
  "JUMPI ", 
  "DUP1 ", 
  "PUSH4 0xbf7bab73 ", 
  "EQ ", 
  "PUSH2 0x05a7 ", 
  "JUMPI ", 
  "DUP1 ", 
  "PUSH4 0xcae9ca51 ", 
  "EQ ", 
  "PUSH2 0x05fd ", 
  "JUMPI ", 
  "DUP1 ", 
  "PUSH4 0xdd62ed3e ", 
  "EQ ", 
  "PUSH2 0x069a ", 
  "JUMPI ", 
  "DUP1 ", 
  "PUSH4 0xff0b3fc5 ", 
  "EQ ", 
  "PUSH2 0x0706 ", 
  "JUMPI ", 
  "PUSH1 0x00 ", 
  "DUP1 ", 
  "REVERT ", 
  "JUMPDEST ", 
  "PUSH1 0x40 ", 
  "MLOAD ", 
  "DUP1 ", 
  "DUP3 ", 
  "ISZERO ", 
  "ISZERO ", 
  "ISZERO ", 
  "ISZERO ", 
  "DUP2 ", 
  "MSTORE ", 
  "PUSH1 0x20 ", 
  "ADD ", 
  "SWAP2 ", 
  "POP ", 
  "POP ", 
  "PUSH1 0x40 ", 
  "MLOAD ", 
  "DUP1 ", 
  "SWAP2 ", 
  "SUB ", 
  "SWAP1 ", 
  "RETURN ", 
  "JUMPDEST ", 
  "CALLVALUE ", 
  "ISZERO ", 
  "PUSH2 0x0296 ", 
  "JUMPI ", 
  "PUSH1 0x00 ", 
  "DUP1 ", 
  "REVERT ", 
  "JUMPDEST ", 
  "PUSH2 0x02cb ", 
  "PUSH1 0x04 ", 
  "DUP1 ", 
  "DUP1 ", 
  "CALLDATALOAD ", 
  "PUSH20 0xffffffffffffffffffffffffffffffffffffffff ", 
  "AND ", 
  "SWAP1 ", 
  "PUSH1 0x20 ", 
  "ADD ", 
  "SWAP1 ", 
  "SWAP2 ", 
  "SWAP1 ", 
  "DUP1 ", 
  "CALLDATALOAD ", 
  "SWAP1 ", 
  "PUSH1 0x20 ", 
  "ADD ", 
  "SWAP1 ", 
  "SWAP2 ", 
  "SWAP1 ", 
  "POP ", 
  "POP ", 
  "PUSH2 0x0c25 ", 
  "JUMP ", 
  "JUMPDEST ", 
  "PUSH1 0x40 ", 
  "MLOAD ", 
  "DUP1 ", 
  "DUP3 ", 
  "ISZERO ", 
  "ISZERO ", 
  "ISZERO ", 
  "ISZERO ", 
  "DUP2 ", 
  "MSTORE ", 
  "PUSH1 0x20 ", 
  "ADD ", 
  "SWAP2 ", 
  "POP ", 
  "POP ", 
  "PUSH1 0x40 ", 
  "MLOAD ", 
  "DUP1 ", 
  "SWAP2 ", 
  "SUB ", 
  "SWAP1 ", 
  "RETURN ", 
  "JUMPDEST ", 
  "CALLVALUE ", 
  "ISZERO ", 
  "PUSH2 0x02f0 ", 
  "JUMPI ", 
  "PUSH1 0x00 ", 
  "DUP1 ", 
  "REVERT ", 
  "JUMPDEST ", 
  "PUSH2 0x02f8 ", 
  "PUSH2 0x0d5e ", 
  "JUMP ", 
  "JUMPDEST ", 
  "PUSH1 0x40 ", 
  "MLOAD ", 
  "DUP1 ", 
  "DUP3 ", 
  "PUSH1 0xff ", 
  "AND ", 
  "PUSH1 0xff ", 
  "AND ", 
  "DUP2 ", 
  "MSTORE ", 
  "PUSH1 0x20 ", 
  "ADD ", 
  "SWAP2 ", 
  "POP ", 
  "POP ", 
  "PUSH1 0x40 ", 
  "MLOAD ", 
  "DUP1 ", 
  "SWAP2 ", 
  "SUB ", 
  "SWAP1 ", 
  "RETURN ", 
  "JUMPDEST ", 
  "CALLVALUE ", 
  "ISZERO ", 
  "PUSH2 0x031f ", 
  "JUMPI ", 
  "PUSH1 0x00 ", 
  "DUP1 ", 
  "REVERT ", 
  "JUMPDEST ", 
  "PUSH2 0x0327 ", 
  "PUSH2 0x0d71 ", 
  "JUMP ", 
  "JUMPDEST ", 
  "PUSH1 0x40 ", 
  "MLOAD ", 
  "DUP1 ", 
  "DUP3 ", 
  "DUP2 ", 
  "MSTORE ", 
  "PUSH1 0x20 ", 
  "ADD ", 
  "SWAP2 ", 
  "POP ", 
  "POP ", 
  "PUSH1 0x40 ", 
  "MLOAD ", 
  "DUP1 ", 
  "SWAP2 ", 
  "SUB ", 
  "SWAP1 ", 
  "RETURN ", 
  "JUMPDEST ", 
  "CALLVALUE ", 
  "ISZERO ", 
  "PUSH2 0x0348 ", 
  "JUMPI ", 
  "PUSH1 0x00 ", 
  "DUP1 ", 
  "REVERT ", 
  "JUMPDEST ", 
  "PUSH2 0x0350 ", 
  "PUSH2 0x0d77 ", 
  "JUMP ", 
  "JUMPDEST ", 
  "PUSH1 0x40 ", 
  "MLOAD ", 
  "DUP1 ", 
  "DUP1 ", 
  "PUSH1 0x20 ", 
  "ADD ", 
  "DUP3 ", 
  "DUP2 ", 
  "SUB ", 
  "DUP3 ", 
  "MSTORE ", 
  "DUP4 ", 
  "DUP2 ", 
  "DUP2 ", 
  "MLOAD ", 
  "DUP2 ", 
  "MSTORE ", 
  "PUSH1 0x20 ", 
  "ADD ", 
  "SWAP2 ", 
  "POP ", 
  "DUP1 ", 
  "MLOAD ", 
  "SWAP1 ", 
  "PUSH1 0x20 ", 
  "ADD ", 
  "SWAP1 ", 
  "DUP1 ", 
  "DUP4 ", 
  "DUP4 ", 
  "PUSH1 0x00 ", 
  "JUMPDEST ", 
  "DUP4 ", 
  "DUP2 ", 
  "LT ", 
  "ISZERO ", 
  "PUSH2 0x0390 ", 
  "JUMPI ", 
  "DUP1 ", 
  "DUP3 ", 
  "ADD ", 
  "MLOAD ", 
  "DUP2 ", 
  "DUP5 ", 
  "ADD ", 
  "MSTORE ", 
  "PUSH1 0x20 ", 
  "DUP2 ", 
  "ADD ", 
  "SWAP1 ", 
  "POP ", 
  "PUSH2 0x0375 ", 
  "JUMP ", 
  "JUMPDEST ", 
  "POP ", 
  "POP ", 
  "POP ", 
  "POP ", 
  "SWAP1 ", 
  "POP ", 
  "SWAP1 ", 
  "DUP2 ", 
  "ADD ", 
  "SWAP1 ", 
  "PUSH1 0x1f ", 
  "AND ", 
  "DUP1 ", 
  "ISZERO ", 
  "PUSH2 0x03bd ", 
  "JUMPI ", 
  "DUP1 ", 
  "DUP3 ", 
  "SUB ", 
  "DUP1 ", 
  "MLOAD ", 
  "PUSH1 0x01 ", 
  "DUP4 ", 
  "PUSH1 0x20 ", 
  "SUB ", 
  "PUSH2 0x0100 ", 
  "EXP ", 
  "SUB ", 
  "NOT ", 
  "AND ", 
  "DUP2 ", 
  "MSTORE ", 
  "PUSH1 0x20 ", 
  "ADD ", 
  "SWAP2 ", 
  "POP ", 
  "JUMPDEST ", 
  "POP ", 
  "SWAP3 ", 
  "POP ", 
  "POP ", 
  "POP ", 
  "PUSH1 0x40 ", 
  "MLOAD ", 
  "DUP1 ", 
  "SWAP2 ", 
  "SUB ", 
  "SWAP1 ", 
  "RETURN ", 
  "JUMPDEST ", 
  "CALLVALUE ", 
  "ISZERO ", 
  "PUSH2 0x03d6 ", 
  "JUMPI ", 
  "PUSH1 0x00 ", 
  "DUP1 ", 
  "REVERT ", 
  "JUMPDEST ", 
  "PUSH2 0x0402 ", 
  "PUSH1 0x04 ", 
  "DUP1 ", 
  "DUP1 ", 
  "CALLDATALOAD ", 
  "PUSH20 0xffffffffffffffffffffffffffffffffffffffff ", 
  "AND ", 
  "SWAP1 ", 
  "PUSH1 0x20 ", 
  "ADD ", 
  "SWAP1 ", 
  "SWAP2 ", 
  "SWAP1 ", 
  "POP ", 
  "POP ", 
  "PUSH2 0x0e15 ", 
  "JUMP ", 
  "JUMPDEST ", 
  "PUSH1 0x40 ", 
  "MLOAD ", 
  "DUP1 ", 
  "DUP3 ", 
  "DUP2 ", 
  "MSTORE ", 
  "PUSH1 0x20 ", 
  "ADD ", 
  "SWAP2 ", 
  "POP ", 
  "POP ", 
  "PUSH1 0x40 ", 
  "MLOAD ", 
  "DUP1 ", 
  "SWAP2 ", 
  "SUB ", 
  "SWAP1 ", 
  "RETURN ", 
  "JUMPDEST ", 
  "CALLVALUE ", 
  "ISZERO ", 
  "PUSH2 0x0423 ", 
  "JUMPI ", 
  "PUSH1 0x00 ", 
  "DUP1 ", 
  "REVERT ", 
  "JUMPDEST ", 
  "PUSH2 0x042b ", 
  "PUSH2 0x0e2d ", 
  "JUMP ", 
  "JUMPDEST ", 
  "PUSH1 0x40 ", 
  "MLOAD ", 
  "DUP1 ", 
  "DUP3 ", 
  "DUP2 ", 
  "MSTORE ", 
  "PUSH1 0x20 ", 
  "ADD ", 
  "SWAP2 ", 
  "POP ", 
  "POP ", 
  "PUSH1 0x40 ", 
  "MLOAD ", 
  "DUP1 ", 
  "SWAP2 ", 
  "SUB ", 
  "SWAP1 ", 
  "RETURN ", 
  "JUMPDEST ", 
  "CALLVALUE ", 
  "ISZERO ", 
  "PUSH2 0x044c ", 
  "JUMPI ", 
  "PUSH1 0x00 ", 
  "DUP1 ", 
  "REVERT ", 
  "JUMPDEST ", 
  "PUSH2 0x0454 ", 
  "PUSH2 0x0e33 ", 
  "JUMP ", 
  "JUMPDEST ", 
  "PUSH1 0x40 ", 
  "MLOAD ", 
  "DUP1 ", 
  "DUP3 ", 
  "PUSH20 0xffffffffffffffffffffffffffffffffffffffff ", 
  "AND ", 
  "PUSH20 0xffffffffffffffffffffffffffffffffffffffff ", 
  "AND ", 
  "DUP2 ", 
  "MSTORE ", 
  "PUSH1 0x20 ", 
  "ADD ", 
  "SWAP2 ", 
  "POP ", 
  "POP ", 
  "PUSH1 0x40 ", 
  "MLOAD ", 
  "DUP1 ", 
  "SWAP2 ", 
  "SUB ", 
  "SWAP1 ", 
  "RETURN ", 
  "JUMPDEST ", 
  "CALLVALUE ", 
  "ISZERO ", 
  "PUSH2 0x04a1 ", 
  "JUMPI ", 
  "PUSH1 0x00 ", 
  "DUP1 ", 
  "REVERT ", 
  "JUMPDEST ", 
  "PUSH2 0x04a9 ", 
  "PUSH2 0x0e59 ", 
  "JUMP ", 
  "JUMPDEST ", 
  "PUSH1 0x40 ", 
  "MLOAD ", 
  "DUP1 ", 
  "DUP3 ", 
  "DUP2 ", 
  "MSTORE ", 
  "PUSH1 0x20 ", 
  "ADD ", 
  "SWAP2 ", 
  "POP ", 
  "POP ", 
  "PUSH1 0x40 ", 
  "MLOAD ", 
  "DUP1 ", 
  "SWAP2 ", 
  "SUB ", 
  "SWAP1 ", 
  "RETURN ", 
  "JUMPDEST ", 
  "CALLVALUE ", 
  "ISZERO ", 
  "PUSH2 0x04ca ", 
  "JUMPI ", 
  "PUSH1 0x00 ", 
  "DUP1 ", 
  "REVERT ", 
  "JUMPDEST ", 
  "PUSH2 0x04d2 ", 
  "PUSH2 0x0e91 ", 
  "JUMP ", 
  "JUMPDEST ", 
  "PUSH1 0x40 ", 
  "MLOAD ", 
  "DUP1 ", 
  "DUP1 ", 
  "PUSH1 0x20 ", 
  "ADD ", 
  "DUP3 ", 
  "DUP2 ", 
  "SUB ", 
  "DUP3 ", 
  "MSTORE ", 
  "DUP4 ", 
  "DUP2 ", 
  "DUP2 ", 
  "MLOAD ", 
  "DUP2 ", 
  "MSTORE ", 
  "PUSH1 0x20 ", 
  "ADD ", 
  "SWAP2 ", 
  "POP ", 
  "DUP1 ", 
  "MLOAD ", 
  "SWAP1 ", 
  "PUSH1 0x20 ", 
  "ADD ", 
  "SWAP1 ", 
  "DUP1 ", 
  "DUP4 ", 
  "DUP4 ", 
  "PUSH1 0x00 ", 
  "JUMPDEST ", 
  "DUP4 ", 
  "DUP2 ", 
  "LT ", 
  "ISZERO ", 
  "PUSH2 0x0512 ", 
  "JUMPI ", 
  "DUP1 ", 
  "DUP3 ", 
  "ADD ", 
  "MLOAD ", 
  "DUP2 ", 
  "DUP5 ", 
  "ADD ", 
  "MSTORE ", 
  "PUSH1 0x20 ", 
  "DUP2 ", 
  "ADD ", 
  "SWAP1 ", 
  "POP ", 
  "PUSH2 0x04f7 ", 
  "JUMP ", 
  "JUMPDEST ", 
  "POP ", 
  "POP ", 
  "POP ", 
  "POP ", 
  "SWAP1 ", 
  "POP ", 
  "SWAP1 ", 
  "DUP2 ", 
  "ADD ", 
  "SWAP1 ", 
  "PUSH1 0x1f ", 
  "AND ", 
  "DUP1 ", 
  "ISZERO ", 
  "PUSH2 0x053f ", 
  "JUMPI ", 
  "DUP1 ", 
  "DUP3 ", 
  "SUB ", 
  "DUP1 ", 
  "MLOAD ", 
  "PUSH1 0x01 ", 
  "DUP4 ", 
  "PUSH1 0x20 ", 
  "SUB ", 
  "PUSH2 0x0100 ", 
  "EXP ", 
  "SUB ", 
  "NOT ", 
  "AND ", 
  "DUP2 ", 
  "MSTORE ", 
  "PUSH1 0x20 ", 
  "ADD ", 
  "SWAP2 ", 
  "POP ", 
  "JUMPDEST ", 
  "POP ", 
  "SWAP3 ", 
  "POP ", 
  "POP ", 
  "POP ", 
  "PUSH1 0x40 ", 
  "MLOAD ", 
  "DUP1 ", 
  "SWAP2 ", 
  "SUB ", 
  "SWAP1 ", 
  "RETURN ", 
  "JUMPDEST ", 
  "CALLVALUE ", 
  "ISZERO ", 
  "PUSH2 0x0558 ", 
  "JUMPI ", 
  "PUSH1 0x00 ", 
  "DUP1 ", 
  "REVERT ", 
  "JUMPDEST ", 
  "PUSH2 0x058d ", 
  "PUSH1 0x04 ", 
  "DUP1 ", 
  "DUP1 ", 
  "CALLDATALOAD ", 
  "PUSH20 0xffffffffffffffffffffffffffffffffffffffff ", 
  "AND ", 
  "SWAP1 ", 
  "PUSH1 0x20 ", 
  "ADD ", 
  "SWAP1 ", 
  "SWAP2 ", 
  "SWAP1 ", 
  "DUP1 ", 
  "CALLDATALOAD ", 
  "SWAP1 ", 
  "PUSH1 0x20 ", 
  "ADD ", 
  "SWAP1 ", 
  "SWAP2 ", 
  "SWAP1 ", 
  "POP ", 
  "POP ", 
  "PUSH2 0x0f2f ", 
  "JUMP ", 
  "JUMPDEST ", 
  "PUSH1 0x40 ", 
  "MLOAD ", 
  "DUP1 ", 
  "DUP3 ", 
  "ISZERO ", 
  "ISZERO ", 
  "ISZERO ", 
  "ISZERO ", 
  "DUP2 ", 
  "MSTORE ", 
  "PUSH1 0x20 ", 
  "ADD ", 
  "SWAP2 ", 
  "POP ", 
  "POP ", 
  "PUSH1 0x40 ", 
  "MLOAD ", 
  "DUP1 ", 
  "SWAP2 ", 
  "SUB ", 
  "SWAP1 ", 
  "RETURN ", 
  "JUMPDEST ", 
  "CALLVALUE ", 
  "ISZERO ", 
  "PUSH2 0x05b2 ", 
  "JUMPI ", 
  "PUSH1 0x00 ", 
  "DUP1 ", 
  "REVERT ", 
  "JUMPDEST ", 
  "PUSH2 0x05e7 ", 
  "PUSH1 0x04 ", 
  "DUP1 ", 
  "DUP1 ", 
  "CALLDATALOAD ", 
  "PUSH20 0xffffffffffffffffffffffffffffffffffffffff ", 
  "AND ", 
  "SWAP1 ", 
  "PUSH1 0x20 ", 
  "ADD ", 
  "SWAP1 ", 
  "SWAP2 ", 
  "SWAP1 ", 
  "DUP1 ", 
  "CALLDATALOAD ", 
  "SWAP1 ", 
  "PUSH1 0x20 ", 
  "ADD ", 
  "SWAP1 ", 
  "SWAP2 ", 
  "SWAP1 ", 
  "POP ", 
  "POP ", 
  "PUSH2 0x117b ", 
  "JUMP ", 
  "JUMPDEST ", 
  "PUSH1 0x40 ", 
  "MLOAD ", 
  "DUP1 ", 
  "DUP3 ", 
  "DUP2 ", 
  "MSTORE ", 
  "PUSH1 0x20 ", 
  "ADD ", 
  "SWAP2 ", 
  "POP ", 
  "POP ", 
  "PUSH1 0x40 ", 
  "MLOAD ", 
  "DUP1 ", 
  "SWAP2 ", 
  "SUB ", 
  "SWAP1 ", 
  "RETURN ", 
  "JUMPDEST ", 
  "CALLVALUE ", 
  "ISZERO ", 
  "PUSH2 0x0608 ", 
  "JUMPI ", 
  "PUSH1 0x00 ", 
  "DUP1 ", 
  "REVERT ", 
  "JUMPDEST ", 
  "PUSH2 0x0680 ", 
  "PUSH1 0x04 ", 
  "DUP1 ", 
  "DUP1 ", 
  "CALLDATALOAD ", 
  "PUSH20 0xffffffffffffffffffffffffffffffffffffffff ", 
  "AND ", 
  "SWAP1 ", 
  "PUSH1 0x20 ", 
  "ADD ", 
  "SWAP1 ", 
  "SWAP2 ", 
  "SWAP1 ", 
  "DUP1 ", 
  "CALLDATALOAD ", 
  "SWAP1 ", 
  "PUSH1 0x20 ", 
  "ADD ", 
  "SWAP1 ", 
  "SWAP2 ", 
  "SWAP1 ", 
  "DUP1 ", 
  "CALLDATALOAD ", 
  "SWAP1 ", 
  "PUSH1 0x20 ", 
  "ADD ", 
  "SWAP1 ", 
  "DUP3 ", 
  "ADD ", 
  "DUP1 ", 
  "CALLDATALOAD ", 
  "SWAP1 ", 
  "PUSH1 0x20 ", 
  "ADD ", 
  "SWAP1 ", 
  "DUP1 ", 
  "DUP1 ", 
  "PUSH1 0x1f ", 
  "ADD ", 
  "PUSH1 0x20 ", 
  "DUP1 ", 
  "SWAP2 ", 
  "DIV ", 
  "MUL ", 
  "PUSH1 0x20 ", 
  "ADD ", 
  "PUSH1 0x40 ", 
  "MLOAD ", 
  "SWAP1 ", 
  "DUP2 ", 
  "ADD ", 
  "PUSH1 0x40 ", 
  "MSTORE ", 
  "DUP1 ", 
  "SWAP4 ", 
  "SWAP3 ", 
  "SWAP2 ", 
  "SWAP1 ", 
  "DUP2 ", 
  "DUP2 ", 
  "MSTORE ", 
  "PUSH1 0x20 ", 
  "ADD ", 
  "DUP4 ", 
  "DUP4 ", 
  "DUP1 ", 
  "DUP3 ", 
  "DUP5 ", 
  "CALLDATACOPY ", 
  "DUP3 ", 
  "ADD ", 
  "SWAP2 ", 
  "POP ", 
  "POP ", 
  "POP ", 
  "POP ", 
  "POP ", 
  "POP ", 
  "SWAP2 ", 
  "SWAP1 ", 
  "POP ", 
  "POP ", 
  "PUSH2 0x11a0 ", 
  "JUMP ", 
  "JUMPDEST ", 
  "PUSH1 0x40 ", 
  "MLOAD ", 
  "DUP1 ", 
  "DUP3 ", 
  "ISZERO ", 
  "ISZERO ", 
  "ISZERO ", 
  "ISZERO ", 
  "DUP2 ", 
  "MSTORE ", 
  "PUSH1 0x20 ", 
  "ADD ", 
  "SWAP2 ", 
  "POP ", 
  "POP ", 
  "PUSH1 0x40 ", 
  "MLOAD ", 
  "DUP1 ", 
  "SWAP2 ", 
  "SUB ", 
  "SWAP1 ", 
  "RETURN ", 
  "JUMPDEST ", 
  "CALLVALUE ", 
  "ISZERO ", 
  "PUSH2 0x06a5 ", 
  "JUMPI ", 
  "PUSH1 0x00 ", 
  "DUP1 ", 
  "REVERT ", 
  "JUMPDEST ", 
  "PUSH2 0x06f0 ", 
  "PUSH1 0x04 ", 
  "DUP1 ", 
  "DUP1 ", 
  "CALLDATALOAD ", 
  "PUSH20 0xffffffffffffffffffffffffffffffffffffffff ", 
  "AND ", 
  "SWAP1 ", 
  "PUSH1 0x20 ", 
  "ADD ", 
  "SWAP1 ", 
  "SWAP2 ", 
  "SWAP1 ", 
  "DUP1 ", 
  "CALLDATALOAD ", 
  "PUSH20 0xffffffffffffffffffffffffffffffffffffffff ", 
  "AND ", 
  "SWAP1 ", 
  "PUSH1 0x20 ", 
  "ADD ", 
  "SWAP1 ", 
  "SWAP2 ", 
  "SWAP1 ", 
  "POP ", 
  "POP ", 
  "PUSH2 0x131a ", 
  "JUMP ", 
  "JUMPDEST ", 
  "PUSH1 0x40 ", 
  "MLOAD ", 
  "DUP1 ", 
  "DUP3 ", 
  "DUP2 ", 
  "MSTORE ", 
  "PUSH1 0x20 ", 
  "ADD ", 
  "SWAP2 ", 
  "POP ", 
  "POP ", 
  "PUSH1 0x40 ", 
  "MLOAD ", 
  "DUP1 ", 
  "SWAP2 ", 
  "SUB ", 
  "SWAP1 ", 
  "RETURN ", 
  "JUMPDEST ", 
  "CALLVALUE ", 
  "ISZERO ", 
  "PUSH2 0x0711 ", 
  "JUMPI ", 
  "PUSH1 0x00 ", 
  "DUP1 ", 
  "REVERT ", 
  "JUMPDEST ", 
  "PUSH2 0x0719 ", 
  "PUSH2 0x133f ", 
  "JUMP ", 
  "JUMPDEST ", 
  "PUSH1 0x40 ", 
  "MLOAD ", 
  "DUP1 ", 
  "DUP3 ", 
  "DUP2 ", 
  "MSTORE ", 
  "PUSH1 0x20 ", 
  "ADD ", 
  "SWAP2 ", 
  "POP ", 
  "POP ", 
  "PUSH1 0x40 ", 
  "MLOAD ", 
  "DUP1 ", 
  "SWAP2 ", 
  "SUB ", 
  "SWAP1 ", 
  "RETURN ", 
  "PUSH1 0x00 ", 
  "DUP1 ", 
  "REVERT ", 
  "PUSH1 0x00 ", 
  "DUP1 ", 
  "REVERT ", 
  "LT ", 
  "ISZERO ", 
  "PUSH2 0x0a08 ", 
  "JUMPI ", 
  "PUSH1 0x00 ", 
  "DUP1 ", 
  "REVERT ", 
  "JUMPDEST ", 
  "PUSH1 0x0a ", 
  "PUSH1 0x00 ", 
  "DUP6 ", 
  "PUSH20 0xffffffffffffffffffffffffffffffffffffffff ", 
  "AND ", 
  "PUSH20 0xffffffffffffffffffffffffffffffffffffffff ", 
  "AND ", 
  "DUP2 ", 
  "MSTORE ", 
  "PUSH1 0x20 ", 
  "ADD ", 
  "SWAP1 ", 
  "DUP2 ", 
  "MSTORE ", 
  "PUSH1 0x20 ", 
  "ADD ", 
  "PUSH1 0x00 ", 
  "SHA3 ", 
  "PUSH1 0x00 ", 
  "CALLER ", 
  "PUSH20 0xffffffffffffffffffffffffffffffffffffffff ", 
  "AND ", 
  "PUSH20 0xffffffffffffffffffffffffffffffffffffffff ", 
  "AND ", 
  "DUP2 ", 
  "MSTORE ", 
  "PUSH1 0x20 ", 
  "ADD ", 
  "SWAP1 ", 
  "DUP2 ", 
  "MSTORE ", 
  "PUSH1 0x20 ", 
  "ADD ", 
  "PUSH1 0x00 ", 
  "SHA3 ", 
  "SLOAD ", 
  "DUP3 ", 
  "GT ", 
  "ISZERO ", 
  "PUSH2 0x0a91 ", 
  "JUMPI ", 
  "PUSH1 0x00 ", 
  "DUP1 ", 
  "REVERT ", 
  "JUMPDEST ", 
  "DUP2 ", 
  "PUSH1 0x09 ", 
  "PUSH1 0x00 ", 
  "DUP7 ", 
  "PUSH20 0xffffffffffffffffffffffffffffffffffffffff ", 
  "AND ", 
  "PUSH20 0xffffffffffffffffffffffffffffffffffffffff ", 
  "AND ", 
  "DUP2 ", 
  "MSTORE ", 
  "PUSH1 0x20 ", 
  "ADD ", 
  "SWAP1 ", 
  "DUP2 ", 
  "MSTORE ", 
  "PUSH1 0x20 ", 
  "ADD ", 
  "PUSH1 0x00 ", 
  "SHA3 ", 
  "PUSH1 0x00 ", 
  "DUP3 ", 
  "DUP3 ", 
  "SLOAD ", 
  "SUB ", 
  "SWAP3 ", 
  "POP ", 
  "POP ", 
  "DUP2 ", 
  "SWAP1 ", 
  "SSTORE ", 
  "POP ", 
  "DUP2 ", 
  "PUSH1 0x09 ", 
  "PUSH1 0x00 ", 
  "DUP6 ", 
  "PUSH20 0xffffffffffffffffffffffffffffffffffffffff ", 
  "AND ", 
  "PUSH20 0xffffffffffffffffffffffffffffffffffffffff ", 
  "AND ", 
  "DUP2 ", 
  "MSTORE ", 
  "PUSH1 0x20 ", 
  "ADD ", 
  "SWAP1 ", 
  "DUP2 ", 
  "MSTORE ", 
  "PUSH1 0x20 ", 
  "ADD ", 
  "PUSH1 0x00 ", 
  "SHA3 ", 
  "PUSH1 0x00 ", 
  "DUP3 ", 
  "DUP3 ", 
  "SLOAD ", 
  "ADD ", 
  "SWAP3 ", 
  "POP ", 
  "POP ", 
  "DUP2 ", 
  "SWAP1 ", 
  "SSTORE ", 
  "POP ", 
  "DUP2 ", 
  "PUSH1 0x0a ", 
  "PUSH1 0x00 ", 
  "DUP7 ", 
  "PUSH20 0xffffffffffffffffffffffffffffffffffffffff ", 
  "AND ", 
  "PUSH20 0xffffffffffffffffffffffffffffffffffffffff ", 
  "AND ", 
  "DUP2 ", 
  "MSTORE ", 
  "PUSH1 0x20 ", 
  "ADD ", 
  "SWAP1 ", 
  "DUP2 ", 
  "MSTORE ", 
  "PUSH1 0x20 ", 
  "ADD ", 
  "PUSH1 0x00 ", 
  "SHA3 ", 
  "PUSH1 0x00 ", 
  "CALLER ", 
  "PUSH20 0xffffffffffffffffffffffffffffffffffffffff ", 
  "AND ", 
  "PUSH20 0xffffffffffffffffffffffffffffffffffffffff ", 
  "AND ", 
  "DUP2 ", 
  "MSTORE ", 
  "PUSH1 0x20 ", 
  "ADD ", 
  "SWAP1 ", 
  "DUP2 ", 
  "MSTORE ", 
  "PUSH1 0x20 ", 
  "ADD ", 
  "PUSH1 0x00 ", 
  "SHA3 ", 
  "PUSH1 0x00 ", 
  "DUP3 ", 
  "DUP3 ", 
  "SLOAD ", 
  "SUB ", 
  "SWAP3 ", 
  "POP ", 
  "POP ", 
  "DUP2 ", 
  "SWAP1 ", 
  "SSTORE ", 
  "POP ", 
  "DUP3 ", 
  "PUSH20 0xffffffffffffffffffffffffffffffffffffffff ", 
  "AND ", 
  "DUP5 ", 
  "PUSH20 0xffffffffffffffffffffffffffffffffffffffff ", 
  "AND ", 
  "PUSH32 0xddf252ad1be2c89b69c2b068fc378daa952ba7f163c4a11628f55a4df523b3ef ", 
  "DUP5 ", 
  "PUSH1 0x40 ", 
  "MLOAD ", 
  "DUP1 ", 
  "DUP3 ", 
  "DUP2 ", 
  "MSTORE ", 
  "PUSH1 0x20 ", 
  "ADD ", 
  "SWAP2 ", 
  "POP ", 
  "POP ", 
  "PUSH1 0x40 ", 
  "MLOAD ", 
  "DUP1 ", 
  "SWAP2 ", 
  "SUB ", 
  "SWAP1 ", 
  "LOG3 ", 
  "PUSH1 0x01 ", 
  "SWAP1 ", 
  "POP ", 
  "SWAP4 ", 
  "SWAP3 ", 
  "POP ", 
  "POP ", 
  "POP ", 
  "JUMP ", 
  "JUMPDEST ", 
  "PUSH1 0x00 ", 
  "CALLER ", 
  "PUSH20 0xffffffffffffffffffffffffffffffffffffffff ", 
  "AND ", 
  "DUP4 ", 
  "PUSH20 0xffffffffffffffffffffffffffffffffffffffff ", 
  "AND ", 
  "EQ ", 
  "DUP1 ", 
  "PUSH2 0x0c8c ", 
  "JUMPI ", 
  "POP ", 
  "ORIGIN ", 
  "PUSH20 0xffffffffffffffffffffffffffffffffffffffff ", 
  "AND ", 
  "DUP4 ", 
  "PUSH20 0xffffffffffffffffffffffffffffffffffffffff ", 
  "AND ", 
  "EQ ", 
  "JUMPDEST ", 
  "ISZERO ", 
  "PUSH2 0x0d57 ", 
  "JUMPI ", 
  "DUP2 ", 
  "PUSH1 0x0b ", 
  "PUSH1 0x00 ", 
  "DUP6 ", 
  "PUSH20 0xffffffffffffffffffffffffffffffffffffffff ", 
  "AND ", 
  "PUSH20 0xffffffffffffffffffffffffffffffffffffffff ", 
  "AND ", 
  "DUP2 ", 
  "MSTORE ", 
  "PUSH1 0x20 ", 
  "ADD ", 
  "SWAP1 ", 
  "DUP2 ", 
  "MSTORE ", 
  "PUSH1 0x20 ", 
  "ADD ", 
  "PUSH1 0x00 ", 
  "SHA3 ", 
  "PUSH1 0x00 ", 
  "PUSH2 0x0cdb ", 
  "PUSH2 0x0e59 ", 
  "JUMP ", 
  "JUMPDEST ", 
  "DUP2 ", 
  "MSTORE ", 
  "PUSH1 0x20 ", 
  "ADD ", 
  "SWAP1 ", 
  "DUP2 ", 
  "MSTORE ", 
  "PUSH1 0x20 ", 
  "ADD ", 
  "PUSH1 0x00 ", 
  "SHA3 ", 
  "PUSH1 0x00 ", 
  "DUP3 ", 
  "DUP3 ", 
  "SLOAD ", 
  "ADD ", 
  "SWAP3 ", 
  "POP ", 
  "POP ", 
  "DUP2 ", 
  "SWAP1 ", 
  "SSTORE ", 
  "POP ", 
  "DUP3 ", 
  "PUSH20 0xffffffffffffffffffffffffffffffffffffffff ", 
  "AND ", 
  "PUSH32 0x49eaf4942f1237055eb4cfa5f31c9dfe50d5b4ade01e021f7de8be2fbbde557b ", 
  "PUSH1 0x05 ", 
  "SLOAD ", 
  "DUP5 ", 
  "PUSH1 0x40 ", 
  "MLOAD ", 
  "DUP1 ", 
  "DUP4 ", 
  "DUP2 ", 
  "MSTORE ", 
  "PUSH1 0x20 ", 
  "ADD ", 
  "DUP3 ", 
  "DUP2 ", 
  "MSTORE ", 
  "PUSH1 0x20 ", 
  "ADD ", 
  "SWAP3 ", 
  "POP ", 
  "POP ", 
  "POP ", 
  "PUSH1 0x40 ", 
  "MLOAD ", 
  "DUP1 ", 
  "SWAP2 ", 
  "SUB ", 
  "SWAP1 ", 
  "LOG2 ", 
  "PUSH1 0x01 ", 
  "SWAP1 ", 
  "POP ", 
  "PUSH2 0x0d58 ", 
  "JUMP ", 
  "JUMPDEST ", 
  "JUMPDEST ", 
  "SWAP3 ", 
  "SWAP2 ", 
  "POP ", 
  "POP ", 
  "JUMP ", 
  "JUMPDEST ", 
  "PUSH1 0x03 ", 
  "PUSH1 0x00 ", 
  "SWAP1 ", 
  "SLOAD ", 
  "SWAP1 ", 
  "PUSH2 0x0100 ", 
  "EXP ", 
  "SWAP1 ", 
  "DIV ", 
  "PUSH1 0xff ", 
  "AND ", 
  "DUP2 ", 
  "JUMP ", 
  "JUMPDEST ", 
  "PUSH1 0x05 ", 
  "SLOAD ", 
  "DUP2 ", 
  "JUMP ", 
  "JUMPDEST ", 
  "PUSH1 0x00 ", 
  "DUP1 ", 
  "SLOAD ", 
  "PUSH1 0x01 ", 
  "DUP2 ", 
  "PUSH1 0x01 ", 
  "AND ", 
  "ISZERO ", 
  "PUSH2 0x0100 ", 
  "MUL ", 
  "SUB ", 
  "AND ", 
  "PUSH1 0x02 ", 
  "SWAP1 ", 
  "DIV ", 
  "DUP1 ", 
  "PUSH1 0x1f ", 
  "ADD ", 
  "PUSH1 0x20 ", 
  "DUP1 ", 
  "SWAP2 ", 
  "DIV ", 
  "MUL ", 
  "PUSH1 0x20 ", 
  "ADD ", 
  "PUSH1 0x40 ", 
  "MLOAD ", 
  "SWAP1 ", 
  "DUP2 ", 
  "ADD ", 
  "PUSH1 0x40 ", 
  "MSTORE ", 
  "DUP1 ", 
  "SWAP3 ", 
  "SWAP2 ", 
  "SWAP1 ", 
  "DUP2 ", 
  "DUP2 ", 
  "MSTORE ", 
  "PUSH1 0x20 ", 
  "ADD ", 
  "DUP3 ", 
  "DUP1 ", 
  "SLOAD ", 
  "PUSH1 0x01 ", 
  "DUP2 ", 
  "PUSH1 0x01 ", 
  "AND ", 
  "ISZERO ", 
  "PUSH2 0x0100 ", 
  "MUL ", 
  "SUB ", 
  "AND ", 
  "PUSH1 0x02 ", 
  "SWAP1 ", 
  "DIV ", 
  "DUP1 ", 
  "ISZERO ", 
  "PUSH2 0x0e0d ", 
  "JUMPI ", 
  "DUP1 ", 
  "PUSH1 0x1f ", 
  "LT ", 
  "PUSH2 0x0de2 ", 
  "JUMPI ", 
  "PUSH2 0x0100 ", 
  "DUP1 ", 
  "DUP4 ", 
  "SLOAD ", 
  "DIV ", 
  "MUL ", 
  "DUP4 ", 
  "MSTORE ", 
  "SWAP2 ", 
  "PUSH1 0x20 ", 
  "ADD ", 
  "SWAP2 ", 
  "PUSH2 0x0e0d ", 
  "JUMP ", 
  "JUMPDEST ", 
  "DUP3 ", 
  "ADD ", 
  "SWAP2 ", 
  "SWAP1 ", 
  "PUSH1 0x00 ", 
  "MSTORE ", 
  "PUSH1 0x20 ", 
  "PUSH1 0x00 ", 
  "SHA3 ", 
  "SWAP1 ", 
  "JUMPDEST ", 
  "DUP2 ", 
  "SLOAD ", 
  "DUP2 ", 
  "MSTORE ", 
  "SWAP1 ", 
  "PUSH1 0x01 ", 
  "ADD ", 
  "SWAP1 ", 
  "PUSH1 0x20 ", 
  "ADD ", 
  "DUP1 ", 
  "DUP4 ", 
  "GT ", 
  "PUSH2 0x0df0 ", 
  "JUMPI ", 
  "DUP3 ", 
  "SWAP1 ", 
  "SUB ", 
  "PUSH1 0x1f ", 
  "AND ", 
  "DUP3 ", 
  "ADD ", 
  "SWAP2 ", 
  "JUMPDEST ", 
  "POP ", 
  "POP ", 
  "POP ", 
  "POP ", 
  "POP ", 
  "DUP2 ", 
  "JUMP ", 
  "JUMPDEST ", 
  "PUSH1 0x09 ", 
  "PUSH1 0x20 ", 
  "MSTORE ", 
  "DUP1 ", 
  "PUSH1 0x00 ", 
  "MSTORE ", 
  "PUSH1 0x40 ", 
  "PUSH1 0x00 ", 
  "SHA3 ", 
  "PUSH1 0x00 ", 
  "SWAP2 ", 
  "POP ", 
  "SWAP1 ", 
  "POP ", 
  "SLOAD ", 
  "DUP2 ", 
  "JUMP ", 
  "JUMPDEST ", 
  "PUSH1 0x07 ", 
  "SLOAD ", 
  "DUP2 ", 
  "JUMP ", 
  "JUMPDEST ", 
  "PUSH1 0x08 ", 
  "PUSH1 0x00 ", 
  "SWAP1 ", 
  "SLOAD ", 
  "SWAP1 ", 
  "PUSH2 0x0100 ", 
  "EXP ", 
  "SWAP1 ", 
  "DIV ", 
  "PUSH20 0xffffffffffffffffffffffffffffffffffffffff ", 
  "AND ", 
  "DUP2 ", 
  "JUMP ", 
  "ASSERTFAIL ", 
  "JUMPDEST ", 
  "PUSH1 0x02 ", 
  "DUP1 ", 
  "SLOAD ", 
  "PUSH1 0x01 ", 
  "DUP2 ", 
  "PUSH1 0x01 ", 
  "AND ", 
  "ISZERO ", 
  "PUSH2 0x0100 ", 
  "MUL ", 
  "SUB ", 
  "AND ", 
  "PUSH1 0x02 ", 
  "SWAP1 ", 
  "DIV ", 
  "DUP1 ", 
  "PUSH1 0x1f ", 
  "ADD ", 
  "PUSH1 0x20 ", 
  "DUP1 ", 
  "SWAP2 ", 
  "DIV ", 
  "MUL ", 
  "PUSH1 0x20 ", 
  "ADD ", 
  "PUSH1 0x40 ", 
  "MLOAD ", 
  "SWAP1 ", 
  "DUP2 ", 
  "ADD ", 
  "PUSH1 0x40 ", 
  "MSTORE ", 
  "DUP1 ", 
  "SWAP3 ", 
  "SWAP2 ", 
  "SWAP1 ", 
  "DUP2 ", 
  "DUP2 ", 
  "MSTORE ", 
  "PUSH1 0x20 ", 
  "ADD ", 
  "DUP3 ", 
  "DUP1 ", 
  "SLOAD ", 
  "PUSH1 0x01 ", 
  "DUP2 ", 
  "PUSH1 0x01 ", 
  "AND ", 
  "ISZERO ", 
  "PUSH2 0x0100 ", 
  "MUL ", 
  "SUB ", 
  "AND ", 
  "PUSH1 0x02 ", 
  "SWAP1 ", 
  "DIV ", 
  "DUP1 ", 
  "ISZERO ", 
  "PUSH2 0x0f27 ", 
  "JUMPI ", 
  "DUP1 ", 
  "PUSH1 0x1f ", 
  "LT ", 
  "PUSH2 0x0efc ", 
  "JUMPI ", 
  "PUSH2 0x0100 ", 
  "DUP1 ", 
  "DUP4 ", 
  "SLOAD ", 
  "DIV ", 
  "MUL ", 
  "DUP4 ", 
  "MSTORE ", 
  "SWAP2 ", 
  "PUSH1 0x20 ", 
  "ADD ", 
  "SWAP2 ", 
  "PUSH2 0x0f27 ", 
  "JUMP ", 
  "JUMPDEST ", 
  "DUP3 ", 
  "ADD ", 
  "SWAP2 ", 
  "SWAP1 ", 
  "PUSH1 0x00 ", 
  "MSTORE ", 
  "PUSH1 0x20 ", 
  "PUSH1 0x00 ", 
  "SHA3 ", 
  "SWAP1 ", 
  "JUMPDEST ", 
  "DUP2 ", 
  "SLOAD ", 
  "DUP2 ", 
  "MSTORE ", 
  "SWAP1 ", 
  "PUSH1 0x01 ", 
  "ADD ", 
  "SWAP1 ", 
  "PUSH1 0x20 ", 
  "ADD ", 
  "DUP1 ", 
  "DUP4 ", 
  "GT ", 
  "PUSH2 0x0f0a ", 
  "JUMPI ", 
  "DUP3 ", 
  "SWAP1 ", 
  "SUB ", 
  "PUSH1 0x1f ", 
  "AND ", 
  "DUP3 ", 
  "ADD ", 
  "SWAP2 ", 
  "JUMPDEST ", 
  "POP ", 
  "POP ", 
  "POP ", 
  "POP ", 
  "POP ", 
  "DUP2 ", 
  "JUMP ", 
  "JUMPDEST ", 
  "PUSH1 0x00 ", 
  "PUSH1 0x07 ", 
  "SLOAD ", 
  "TIMESTAMP ", 
  "LT ", 
  "ISZERO ", 
  "PUSH2 0x0f40 ", 
  "JUMPI ", 
  "PUSH1 0x00 ", 
  "DUP1 ", 
  "REVERT ", 
  "JUMPDEST ", 
  "DUP2 ", 
  "PUSH1 0x0b ", 
  "PUSH1 0x00 ", 
  "CALLER ", 
  "PUSH20 0xffffffffffffffffffffffffffffffffffffffff ", 
  "AND ", 
  "PUSH20 0xffffffffffffffffffffffffffffffffffffffff ", 
  "AND ", 
  "DUP2 ", 
  "MSTORE ", 
  "PUSH1 0x20 ", 
  "ADD ", 
  "SWAP1 ", 
  "DUP2 ", 
  "MSTORE ", 
  "PUSH1 0x20 ", 
  "ADD ", 
  "PUSH1 0x00 ", 
  "SHA3 ", 
  "PUSH1 0x00 ", 
  "PUSH2 0x0f8a ", 
  "PUSH2 0x0e59 ", 
  "JUMP ", 
  "JUMPDEST ", 
  "DUP2 ", 
  "MSTORE ", 
  "PUSH1 0x20 ", 
  "ADD ", 
  "SWAP1 ", 
  "DUP2 ", 
  "MSTORE ", 
  "PUSH1 0x20 ", 
  "ADD ", 
  "PUSH1 0x00 ", 
  "SHA3 ", 
  "SLOAD ", 
  "PUSH1 0x09 ", 
  "PUSH1 0x00 ", 
  "CALLER ", 
  "PUSH20 0xffffffffffffffffffffffffffffffffffffffff ", 
  "AND ", 
  "PUSH20 0xffffffffffffffffffffffffffffffffffffffff ", 
  "AND ", 
  "DUP2 ", 
  "MSTORE ", 
  "PUSH1 0x20 ", 
  "ADD ", 
  "SWAP1 ", 
  "DUP2 ", 
  "MSTORE ", 
  "PUSH1 0x20 ", 
  "ADD ", 
  "PUSH1 0x00 ", 
  "SHA3 ", 
  "SLOAD ", 
  "SUB ", 
  "LT ", 
  "ISZERO ", 
  "PUSH2 0x0fe5 ", 
  "JUMPI ", 
  "PUSH1 0x00 ", 
  "DUP1 ", 
  "REVERT ", 
  "JUMPDEST ", 
  "PUSH1 0x09 ", 
  "PUSH1 0x00 ", 
  "DUP5 ", 
  "PUSH20 0xffffffffffffffffffffffffffffffffffffffff ", 
  "AND ", 
  "PUSH20 0xffffffffffffffffffffffffffffffffffffffff ", 
  "AND ", 
  "DUP2 ", 
  "MSTORE ", 
  "PUSH1 0x20 ", 
  "ADD ", 
  "SWAP1 ", 
  "DUP2 ", 
  "MSTORE ", 
  "PUSH1 0x20 ", 
  "ADD ", 
  "PUSH1 0x00 ", 
  "SHA3 ", 
  "SLOAD ", 
  "DUP3 ", 
  "PUSH1 0x09 ", 
  "PUSH1 0x00 ", 
  "DUP7 ", 
  "PUSH20 0xffffffffffffffffffffffffffffffffffffffff ", 
  "AND ", 
  "PUSH20 0xffffffffffffffffffffffffffffffffffffffff ", 
  "AND ", 
  "DUP2 ", 
  "MSTORE ", 
  "PUSH1 0x20 ", 
  "ADD ", 
  "SWAP1 ", 
  "DUP2 ", 
  "MSTORE ", 
  "PUSH1 0x20 ", 
  "ADD ", 
  "PUSH1 0x00 ", 
  "SHA3 ", 
  "SLOAD ", 
  "ADD ", 
  "LT ", 
  "ISZERO ", 
  "PUSH2 0x1072 ", 
  "JUMPI ", 
  "PUSH1 0x00 ", 
  "DUP1 ", 
  "REVERT ", 
  "JUMPDEST ", 
  "DUP2 ", 
  "PUSH1 0x09 ", 
  "PUSH1 0x00 ", 
  "CALLER ", 
  "PUSH20 0xffffffffffffffffffffffffffffffffffffffff ", 
  "AND ", 
  "PUSH20 0xffffffffffffffffffffffffffffffffffffffff ", 
  "AND ", 
  "DUP2 ", 
  "MSTORE ", 
  "PUSH1 0x20 ", 
  "ADD ", 
  "SWAP1 ", 
  "DUP2 ", 
  "MSTORE ", 
  "PUSH1 0x20 ", 
  "ADD ", 
  "PUSH1 0x00 ", 
  "SHA3 ", 
  "PUSH1 0x00 ", 
  "DUP3 ", 
  "DUP3 ", 
  "SLOAD ", 
  "SUB ", 
  "SWAP3 ", 
  "POP ", 
  "POP ", 
  "DUP2 ", 
  "SWAP1 ", 
  "SSTORE ", 
  "POP ", 
  "DUP2 ", 
  "PUSH1 0x09 ", 
  "PUSH1 0x00 ", 
  "DUP6 ", 
  "PUSH20 0xffffffffffffffffffffffffffffffffffffffff ", 
  "AND ", 
  "PUSH20 0xffffffffffffffffffffffffffffffffffffffff ", 
  "AND ", 
  "DUP2 ", 
  "MSTORE ", 
  "PUSH1 0x20 ", 
  "ADD ", 
  "SWAP1 ", 
  "DUP2 ", 
  "MSTORE ", 
  "PUSH1 0x20 ", 
  "ADD ", 
  "PUSH1 0x00 ", 
  "SHA3 ", 
  "PUSH1 0x00 ", 
  "DUP3 ", 
  "DUP3 ", 
  "SLOAD ", 
  "ADD ", 
  "SWAP3 ", 
  "POP ", 
  "POP ", 
  "DUP2 ", 
  "SWAP1 ", 
  "SSTORE ", 
  "POP ", 
  "DUP3 ", 
  "PUSH20 0xffffffffffffffffffffffffffffffffffffffff ", 
  "AND ", 
  "CALLER ", 
  "PUSH20 0xffffffffffffffffffffffffffffffffffffffff ", 
  "AND ", 
  "PUSH32 0xddf252ad1be2c89b69c2b068fc378daa952ba7f163c4a11628f55a4df523b3ef ", 
  "DUP5 ", 
  "PUSH1 0x40 ", 
  "MLOAD ", 
  "DUP1 ", 
  "DUP3 ", 
  "DUP2 ", 
  "MSTORE ", 
  "PUSH1 0x20 ", 
  "ADD ", 
  "SWAP2 ", 
  "POP ", 
  "POP ", 
  "PUSH1 0x40 ", 
  "MLOAD ", 
  "DUP1 ", 
  "SWAP2 ", 
  "SUB ", 
  "SWAP1 ", 
  "LOG3 ", 
  "PUSH1 0x01 ", 
  "SWAP1 ", 
  "POP ", 
  "SWAP3 ", 
  "SWAP2 ", 
  "POP ", 
  "POP ", 
  "JUMP ", 
  "JUMPDEST ", 
  "PUSH1 0x0b ", 
  "PUSH1 0x20 ", 
  "MSTORE ", 
  "DUP2 ", 
  "PUSH1 0x00 ", 
  "MSTORE ", 
  "PUSH1 0x40 ", 
  "PUSH1 0x00 ", 
  "SHA3 ", 
  "PUSH1 0x20 ", 
  "MSTORE ", 
  "DUP1 ", 
  "PUSH1 0x00 ", 
  "MSTORE ", 
  "PUSH1 0x40 ", 
  "PUSH1 0x00 ", 
  "SHA3 ", 
  "PUSH1 0x00 ", 
  "SWAP2 ", 
  "POP ", 
  "SWAP2 ", 
  "POP ", 
  "POP ", 
  "SLOAD ", 
  "DUP2 ", 
  "JUMP ", 
  "JUMPDEST ", 
  "PUSH1 0x00 ", 
  "DUP1 ", 
  "DUP5 ", 
  "SWAP1 ", 
  "POP ", 
  "PUSH2 0x11b0 ", 
  "DUP6 ", 
  "DUP6 ", 
  "PUSH2 0x07cd ", 
  "JUMP ", 
  "JUMPDEST ", 
  "ISZERO ", 
  "PUSH2 0x1311 ", 
  "JUMPI ", 
  "DUP1 ", 
  "PUSH20 0xffffffffffffffffffffffffffffffffffffffff ", 
  "AND ", 
  "PUSH4 0x8f4ffcb1 ", 
  "CALLER ", 
  "DUP7 ", 
  "ADDRESS ", 
  "DUP8 ", 
  "PUSH1 0x40 ", 
  "MLOAD ", 
  "DUP6 ", 
  "PUSH4 0xffffffff ", 
  "AND ", 
  "PUSH29 0x0100000000000000000000000000000000000000000000000000000000 ", 
  "MUL ", 
  "DUP2 ", 
  "MSTORE ", 
  "PUSH1 0x04 ", 
  "ADD ", 
  "DUP1 ", 
  "DUP6 ", 
  "PUSH20 0xffffffffffffffffffffffffffffffffffffffff ", 
  "AND ", 
  "PUSH20 0xffffffffffffffffffffffffffffffffffffffff ", 
  "AND ", 
  "DUP2 ", 
  "MSTORE ", 
  "PUSH1 0x20 ", 
  "ADD ", 
  "DUP5 ", 
  "DUP2 ", 
  "MSTORE ", 
  "PUSH1 0x20 ", 
  "ADD ", 
  "DUP4 ", 
  "PUSH20 0xffffffffffffffffffffffffffffffffffffffff ", 
  "AND ", 
  "PUSH20 0xffffffffffffffffffffffffffffffffffffffff ", 
  "AND ", 
  "DUP2 ", 
  "MSTORE ", 
  "PUSH1 0x20 ", 
  "ADD ", 
  "DUP1 ", 
  "PUSH1 0x20 ", 
  "ADD ", 
  "DUP3 ", 
  "DUP2 ", 
  "SUB ", 
  "DUP3 ", 
  "MSTORE ", 
  "DUP4 ", 
  "DUP2 ", 
  "DUP2 ", 
  "MLOAD ", 
  "DUP2 ", 
  "MSTORE ", 
  "PUSH1 0x20 ", 
  "ADD ", 
  "SWAP2 ", 
  "POP ", 
  "DUP1 ", 
  "MLOAD ", 
  "SWAP1 ", 
  "PUSH1 0x20 ", 
  "ADD ", 
  "SWAP1 ", 
  "DUP1 ", 
  "DUP4 ", 
  "DUP4 ", 
  "PUSH1 0x00 ", 
  "JUMPDEST ", 
  "DUP4 ", 
  "DUP2 ", 
  "LT ", 
  "ISZERO ", 
  "PUSH2 0x12aa ", 
  "JUMPI ", 
  "DUP1 ", 
  "DUP3 ", 
  "ADD ", 
  "MLOAD ", 
  "DUP2 ", 
  "DUP5 ", 
  "ADD ", 
  "MSTORE ", 
  "PUSH1 0x20 ", 
  "DUP2 ", 
  "ADD ", 
  "SWAP1 ", 
  "POP ", 
  "PUSH2 0x128f ", 
  "JUMP ", 
  "JUMPDEST ", 
  "POP ", 
  "POP ", 
  "POP ", 
  "POP ", 
  "SWAP1 ", 
  "POP ", 
  "SWAP1 ", 
  "DUP2 ", 
  "ADD ", 
  "SWAP1 ", 
  "PUSH1 0x1f ", 
  "AND ", 
  "DUP1 ", 
  "ISZERO ", 
  "PUSH2 0x12d7 ", 
  "JUMPI ", 
  "DUP1 ", 
  "DUP3 ", 
  "SUB ", 
  "DUP1 ", 
  "MLOAD ", 
  "PUSH1 0x01 ", 
  "DUP4 ", 
  "PUSH1 0x20 ", 
  "SUB ", 
  "PUSH2 0x0100 ", 
  "EXP ", 
  "SUB ", 
  "NOT ", 
  "AND ", 
  "DUP2 ", 
  "MSTORE ", 
  "PUSH1 0x20 ", 
  "ADD ", 
  "SWAP2 ", 
  "POP ", 
  "JUMPDEST ", 
  "POP ", 
  "SWAP6 ", 
  "POP ", 
  "POP ", 
  "POP ", 
  "POP ", 
  "POP ", 
  "POP ", 
  "PUSH1 0x00 ", 
  "PUSH1 0x40 ", 
  "MLOAD ", 
  "DUP1 ", 
  "DUP4 ", 
  "SUB ", 
  "DUP2 ", 
  "PUSH1 0x00 ", 
  "DUP8 ", 
  "DUP1 ", 
  "EXTCODESIZE ", 
  "ISZERO ", 
  "ISZERO ", 
  "PUSH2 0x12f8 ", 
  "JUMPI ", 
  "PUSH1 0x00 ", 
  "DUP1 ", 
  "REVERT ", 
  "JUMPDEST ", 
  "GAS ", 
  "CALL ", 
  "ISZERO ", 
  "ISZERO ", 
  "PUSH2 0x1305 ", 
  "JUMPI ", 
  "PUSH1 0x00 ", 
  "DUP1 ", 
  "REVERT ", 
  "JUMPDEST ", 
  "POP ", 
  "POP ", 
  "POP ", 
  "PUSH1 0x01 ", 
  "SWAP2 ", 
  "POP ", 
  "PUSH2 0x1312 ", 
  "JUMP ", 
  "JUMPDEST ", 
  "JUMPDEST ", 
  "POP ", 
  "SWAP4 ", 
  "SWAP3 ", 
  "POP ", 
  "POP ", 
  "POP ", 
  "JUMP ", 
  "JUMPDEST ", 
  "PUSH1 0x0a ", 
  "PUSH1 0x20 ", 
  "MSTORE ", 
  "DUP2 ", 
  "PUSH1 0x00 ", 
  "MSTORE ", 
  "PUSH1 0x40 ", 
  "PUSH1 0x00 ", 
  "SHA3 ", 
  "PUSH1 0x20 ", 
  "MSTORE ", 
  "DUP1 ", 
  "PUSH1 0x00 ", 
  "MSTORE ", 
  "PUSH1 0x40 ", 
  "PUSH1 0x00 ", 
  "SHA3 ", 
  "PUSH1 0x00 ", 
  "SWAP2 ", 
  "POP ", 
  "SWAP2 ", 
  "POP ", 
  "POP ", 
  "SLOAD ", 
  "DUP2 ", 
  "JUMP ", 
  "JUMPDEST ", 
  "PUSH1 0x06 ", 
  "SLOAD ", 
  "DUP2 ", 
  "JUMP ", 
  "STOP "
 ], 
 "overflow": "\n../contractSrc/0x9047ef7c3d52956dd0909c1c1e011e986ce60691.sol:EdgelessToken:97:31\n(now - startTime) / intervalLength + 1\n^\n../contractSrc/0x9047ef7c3d52956dd0909c1c1e011e986ce60691.sol:EdgelessToken:96:19\ncurrentInterval * intervalLength\n^\n../contractSrc/0x9047ef7c3d52956dd0909c1c1e011e986ce60691.sol:EdgelessToken:96:19\ncurrentInterval * intervalLength + startTime\n^", 
 "money_concurrency": false, 
 "truncation": false
}}