{"MockTestNetworkToken":{
 "execution_paths": "19", 
 "callstack": false, 
 "reentrancy": false, 
 "modulo": false, 
 "division": false, 
 "execution_time": "0.518441915512", 
 "signedness": false, 
 "evm_code_coverage": "99.9", 
 "underflow": false, 
 "time_dependency": false, 
 "assertion_failure": false, 
 "timeout": false, 
 "dead_code": [
  "STOP "
 ], 
 "overflow": "\n../contractSrc/0x940e7d8fb34921c3c5bbb8b9792b1a0e4688fe9b.sol:MockTestNetworkToken:34:13\nbalances[_to] += _value\n^", 
 "money_concurrency": false, 
 "truncation": false
},"TestNetworkToken":{
 "execution_paths": "31", 
 "callstack": false, 
 "reentrancy": false, 
 "modulo": false, 
 "division": false, 
 "execution_time": "2.1285738945", 
 "signedness": false, 
 "evm_code_coverage": "99.2", 
 "underflow": "\n../contractSrc/0x940e7d8fb34921c3c5bbb8b9792b1a0e4688fe9b.sol:TestNetworkToken:85:9\ntotalTokens -= tokenValue\n^", 
 "time_dependency": false, 
 "assertion_failure": false, 
 "timeout": false, 
 "dead_code": [
  "JUMPDEST ", 
  "JUMPDEST ", 
  "STOP ", 
  "JUMP ", 
  "POP ", 
  "POP ", 
  "STOP ", 
  "JUMPDEST ", 
  "STOP "
 ], 
 "overflow": "\n../contractSrc/0x940e7d8fb34921c3c5bbb8b9792b1a0e4688fe9b.sol:TestNetworkToken:72:9\ntotalTokens += numTokens\n^\n../contractSrc/0x940e7d8fb34921c3c5bbb8b9792b1a0e4688fe9b.sol:TestNetworkToken:34:13\nbalances[_to] += _value\n^\n../contractSrc/0x940e7d8fb34921c3c5bbb8b9792b1a0e4688fe9b.sol:TestNetworkToken:70:25\nmsg.value * tokenCreationRate\n^\n../contractSrc/0x940e7d8fb34921c3c5bbb8b9792b1a0e4688fe9b.sol:TestNetworkToken:75:9\nbalances[msg.sender] += numTokens\n^", 
 "money_concurrency": "\nFlow 1:\nFlow 2:\n../contractSrc/0x940e7d8fb34921c3c5bbb8b9792b1a0e4688fe9b.sol:TestNetworkToken:91:14\nmsg.sender.send(ethValue)\n^", 
 "truncation": false
}}