{"SafeMath":{
 "execution_paths": "1", 
 "callstack": false, 
 "reentrancy": false, 
 "modulo": false, 
 "division": false, 
 "execution_time": "0.00477194786072", 
 "signedness": false, 
 "evm_code_coverage": "100.0", 
 "underflow": false, 
 "time_dependency": false, 
 "assertion_failure": false, 
 "timeout": false, 
 "dead_code": [], 
 "overflow": false, 
 "money_concurrency": false, 
 "truncation": false
},"StandardToken":{
 "execution_paths": "31", 
 "callstack": false, 
 "reentrancy": false, 
 "modulo": false, 
 "division": false, 
 "execution_time": "1.12756991386", 
 "signedness": false, 
 "evm_code_coverage": "99.9", 
 "underflow": false, 
 "time_dependency": false, 
 "assertion_failure": false, 
 "timeout": false, 
 "dead_code": [
  "STOP "
 ], 
 "overflow": false, 
 "money_concurrency": false, 
 "truncation": false
},"YEEToken":{
 "execution_paths": "57", 
 "callstack": false, 
 "reentrancy": false, 
 "modulo": false, 
 "division": false, 
 "execution_time": "50.0600390434", 
 "signedness": false, 
 "evm_code_coverage": "88.0", 
 "underflow": false, 
 "time_dependency": false, 
 "assertion_failure": false, 
 "timeout": true, 
 "dead_code": [
  "PUSH1 0x20 ", 
  "ADD ", 
  "SWAP2 ", 
  "POP ", 
  "POP ", 
  "PUSH1 0x40 ", 
  "MLOAD ", 
  "DUP1 ", 
  "SWAP2 ", 
  "SUB ", 
  "SWAP1 ", 
  "RETURN ", 
  "SHA3 ", 
  "PUSH1 0x02 ", 
  "DUP5 ", 
  "LOG3 ", 
  "AND ", 
  "DUP2 ", 
  "SHA3 ", 
  "PUSH1 0x20 ", 
  "AND ", 
  "ADD ", 
  "SWAP1 ", 
  "DUP2 ", 
  "DUP2 ", 
  "PUSH1 0x20 ", 
  "PUSH20 0xffffffffffffffffffffffffffffffffffffffff ", 
  "ADD ", 
  "PUSH1 0x00 ", 
  "SWAP1 ", 
  "SLOAD ", 
  "PUSH1 0x40 ", 
  "MLOAD ", 
  "DUP1 ", 
  "PUSH20 0xffffffffffffffffffffffffffffffffffffffff ", 
  "DUP2 ", 
  "MSTORE ", 
  "PUSH1 0x20 ", 
  "PUSH20 0xffffffffffffffffffffffffffffffffffffffff ", 
  "ADD ", 
  "AND ", 
  "POP ", 
  "POP ", 
  "PUSH1 0x40 ", 
  "DUP3 ", 
  "MLOAD ", 
  "DUP1 ", 
  "SWAP2 ", 
  "SUB ", 
  "SWAP1 ", 
  "REVERT ", 
  "PUSH1 0x01 ", 
  "SWAP1 ", 
  "POP ", 
  "SWAP3 ", 
  "SWAP2 ", 
  "POP ", 
  "POP ", 
  "JUMP ", 
  "JUMPDEST ", 
  "PUSH1 0x00 ", 
  "PUSH1 0x02 ", 
  "JUMPDEST ", 
  "PUSH1 0x00 ", 
  "PUSH2 0x14de ", 
  "PUSH20 0xffffffffffffffffffffffffffffffffffffffff ", 
  "DUP3 ", 
  "PUSH1 0x02 ", 
  "PUSH1 0x00 ", 
  "AND ", 
  "CALLER ", 
  "PUSH20 0xffffffffffffffffffffffffffffffffffffffff ", 
  "SHA3 ", 
  "MSTORE ", 
  "AND ", 
  "PUSH20 0xffffffffffffffffffffffffffffffffffffffff ", 
  "DUP2 ", 
  "AND ", 
  "PUSH20 0xffffffffffffffffffffffffffffffffffffffff ", 
  "AND ", 
  "PUSH1 0x00 ", 
  "AND ", 
  "DUP2 ", 
  "MSTORE ", 
  "PUSH1 0x20 ", 
  "ADD ", 
  "SWAP1 ", 
  "DUP2 ", 
  "AND ", 
  "DUP2 ", 
  "MSTORE ", 
  "PUSH1 0x20 ", 
  "MSTORE ", 
  "ADD ", 
  "SWAP1 ", 
  "DUP2 ", 
  "MSTORE ", 
  "PUSH1 0x20 ", 
  "PUSH20 0xffffffffffffffffffffffffffffffffffffffff ", 
  "ADD ", 
  "PUSH1 0x00 ", 
  "SHA3 ", 
  "PUSH1 0x00 ", 
  "DUP7 ", 
  "PUSH20 0xffffffffffffffffffffffffffffffffffffffff ", 
  "PUSH1 0x20 ", 
  "PUSH1 0x00 ", 
  "AND ", 
  "PUSH20 0xffffffffffffffffffffffffffffffffffffffff ", 
  "DUP2 ", 
  "AND ", 
  "PUSH20 0xffffffffffffffffffffffffffffffffffffffff ", 
  "DUP1 ", 
  "PUSH4 0xd73dd623 ", 
  "SLOAD ", 
  "PUSH1 0x00 ", 
  "ADD ", 
  "DUP1 ", 
  "EQ ", 
  "PUSH2 0x0548 ", 
  "SWAP1 ", 
  "JUMPI ", 
  "DUP1 ", 
  "PUSH4 0xdd62ed3e ", 
  "PUSH1 0x20 ", 
  "POP ", 
  "ADD ", 
  "AND ", 
  "EQ ", 
  "PUSH2 0x05a2 ", 
  "DUP2 ", 
  "MSTORE ", 
  "JUMPI ", 
  "CALLER ", 
  "ADD ", 
  "SWAP1 ", 
  "DUP2 ", 
  "MSTORE ", 
  "PUSH1 0x20 ", 
  "PUSH20 0xffffffffffffffffffffffffffffffffffffffff ", 
  "ADD ", 
  "PUSH1 0x00 ", 
  "POP ", 
  "SHA3 ", 
  "SLOAD ", 
  "PUSH2 0x16e9 ", 
  "MSTORE ", 
  "SWAP1 ", 
  "SWAP2 ", 
  "SWAP1 ", 
  "PUSH4 0xffffffff ", 
  "MSTORE ", 
  "AND ", 
  "JUMP ", 
  "JUMPDEST ", 
  "PUSH1 0x02 ", 
  "PUSH1 0x00 ", 
  "ADD ", 
  "CALLER ", 
  "PUSH20 0xffffffffffffffffffffffffffffffffffffffff ", 
  "SHA3 ", 
  "AND ", 
  "PUSH20 0xffffffffffffffffffffffffffffffffffffffff ", 
  "JUMP ", 
  "PUSH1 0x20 ", 
  "STOP ", 
  "AND ", 
  "DUP2 ", 
  "MSTORE ", 
  "PUSH1 0x20 ", 
  "ADD ", 
  "SWAP1 ", 
  "DUP2 ", 
  "MSTORE ", 
  "PUSH1 0x20 ", 
  "MSTORE ", 
  "ADD ", 
  "PUSH1 0x00 ", 
  "SHA3 ", 
  "PUSH1 0x00 ", 
  "PUSH1 0x20 ", 
  "DUP6 ", 
  "PUSH20 0xffffffffffffffffffffffffffffffffffffffff ", 
  "MSTORE ", 
  "ADD ", 
  "PUSH1 0x00 ", 
  "SWAP3 ", 
  "AND ", 
  "PUSH20 0xffffffffffffffffffffffffffffffffffffffff ", 
  "PUSH32 0x8c5be1e5ebec7d5bd14f71427d1e84f3dd0314c0f7b2291e5b200ac8c7c3b925 ", 
  "SWAP2 ", 
  "DUP2 ", 
  "SHA3 ", 
  "SWAP2 ", 
  "DUP4 ", 
  "PUSH1 0x00 ", 
  "JUMPDEST ", 
  "CALLVALUE ", 
  "ISZERO ", 
  "PUSH2 0x0553 ", 
  "AND ", 
  "DUP2 ", 
  "JUMPI ", 
  "PUSH1 0x00 ", 
  "DUP1 ", 
  "REVERT ", 
  "JUMPDEST ", 
  "PUSH2 0x0588 ", 
  "PUSH1 0x20 ", 
  "POP ", 
  "PUSH1 0x04 ", 
  "PUSH1 0x00 ", 
  "DUP1 ", 
  "DUP1 ", 
  "CALLDATALOAD ", 
  "PUSH20 0xffffffffffffffffffffffffffffffffffffffff ", 
  "SSTORE ", 
  "POP ", 
  "DUP3 ", 
  "PUSH20 0xffffffffffffffffffffffffffffffffffffffff ", 
  "PUSH1 0x20 ", 
  "AND ", 
  "SWAP1 ", 
  "PUSH1 0x20 ", 
  "ADD ", 
  "SWAP1 ", 
  "SWAP2 ", 
  "SWAP1 ", 
  "DUP1 ", 
  "CALLDATALOAD ", 
  "SWAP1 ", 
  "PUSH1 0x20 ", 
  "PUSH1 0x00 ", 
  "ADD ", 
  "SWAP1 ", 
  "SWAP2 ", 
  "SWAP1 ", 
  "POP ", 
  "POP ", 
  "PUSH2 0x144d ", 
  "JUMP ", 
  "JUMPDEST ", 
  "PUSH1 0x40 ", 
  "MLOAD ", 
  "DUP1 ", 
  "DUP3 ", 
  "ISZERO ", 
  "ISZERO ", 
  "ISZERO ", 
  "ISZERO ", 
  "DUP2 ", 
  "MSTORE ", 
  "PUSH1 0x20 ", 
  "ADD ", 
  "SWAP2 ", 
  "POP ", 
  "POP ", 
  "PUSH1 0x40 ", 
  "DUP8 ", 
  "MLOAD ", 
  "DUP1 ", 
  "SWAP2 ", 
  "SUB ", 
  "SWAP1 ", 
  "RETURN ", 
  "JUMPDEST ", 
  "CALLVALUE ", 
  "ISZERO ", 
  "PUSH2 0x05ad ", 
  "JUMPI ", 
  "PUSH1 0x00 ", 
  "DUP1 ", 
  "REVERT ", 
  "JUMPDEST ", 
  "PUSH2 0x05f8 ", 
  "PUSH1 0x00 ", 
  "PUSH1 0x04 ", 
  "CALLER ", 
  "DUP1 ", 
  "DUP1 ", 
  "CALLDATALOAD ", 
  "PUSH20 0xffffffffffffffffffffffffffffffffffffffff ", 
  "SWAP1 ", 
  "MSTORE ", 
  "AND ", 
  "PUSH20 0xffffffffffffffffffffffffffffffffffffffff ", 
  "AND ", 
  "SWAP1 ", 
  "PUSH1 0x20 ", 
  "ADD ", 
  "SWAP1 ", 
  "SWAP2 ", 
  "SWAP1 ", 
  "DUP1 ", 
  "CALLDATALOAD ", 
  "PUSH20 0xffffffffffffffffffffffffffffffffffffffff ", 
  "PUSH1 0x20 ", 
  "PUSH1 0x00 ", 
  "AND ", 
  "DUP2 ", 
  "MSTORE ", 
  "PUSH1 0x20 ", 
  "ADD ", 
  "SWAP1 ", 
  "DUP2 ", 
  "MSTORE ", 
  "ADD ", 
  "ADD ", 
  "AND ", 
  "SWAP1 ", 
  "PUSH1 0x20 ", 
  "SWAP1 ", 
  "ADD ", 
  "SWAP1 ", 
  "SWAP2 ", 
  "SWAP1 ", 
  "POP ", 
  "POP ", 
  "PUSH2 0x1649 ", 
  "JUMP ", 
  "JUMPDEST ", 
  "PUSH1 0x40 ", 
  "MLOAD ", 
  "DUP1 ", 
  "DUP3 ", 
  "DUP2 ", 
  "MSTORE "
 ], 
 "overflow": false, 
 "money_concurrency": false, 
 "truncation": false
},"YeeLockerForYeeTeam":{
 "execution_paths": "36", 
 "callstack": false, 
 "reentrancy": false, 
 "modulo": false, 
 "division": false, 
 "execution_time": "2.11304187775", 
 "signedness": false, 
 "evm_code_coverage": "71.8", 
 "underflow": "\n../contractSrc/0x9638207dd9a0f2a243f2018be34468664a5012db.sol:YeeLockerForYeeTeam:259:26\nnow - timeLockedStart\n^\n../contractSrc/0x9638207dd9a0f2a243f2018be34468664a5012db.sol:YeeLockerForYeeTeam:281:26\nendTime - startTime\n^", 
 "time_dependency": false, 
 "assertion_failure": false, 
 "timeout": false, 
 "dead_code": [
  "PUSH2 0x0605 ", 
  "AND ", 
  "PUSH20 0xffffffffffffffffffffffffffffffffffffffff ", 
  "JUMPI ", 
  "SWAP3 ", 
  "JUMPDEST ", 
  "DIV ", 
  "MUL ", 
  "SWAP1 ", 
  "POP ", 
  "DUP1 ", 
  "SWAP1 ", 
  "POP ", 
  "JUMPDEST ", 
  "POP ", 
  "POP ", 
  "PUSH1 0x00 ", 
  "SWAP2 ", 
  "POP ", 
  "POP ", 
  "JUMP ", 
  "AND ", 
  "DUP2 ", 
  "MSTORE ", 
  "PUSH1 0x20 ", 
  "ADD ", 
  "DUP3 ", 
  "DUP2 ", 
  "MSTORE ", 
  "PUSH1 0x20 ", 
  "ADD ", 
  "SWAP3 ", 
  "POP ", 
  "POP ", 
  "POP ", 
  "PUSH1 0x20 ", 
  "PUSH1 0x40 ", 
  "MLOAD ", 
  "DUP1 ", 
  "DUP4 ", 
  "SUB ", 
  "DUP2 ", 
  "PUSH1 0x00 ", 
  "DUP8 ", 
  "DUP1 ", 
  "EXTCODESIZE ", 
  "ISZERO ", 
  "ISZERO ", 
  "PUSH2 0x043f ", 
  "JUMPI ", 
  "PUSH1 0x00 ", 
  "DUP1 ", 
  "REVERT ", 
  "JUMPDEST ", 
  "GAS ", 
  "CALL ", 
  "ISZERO ", 
  "ISZERO ", 
  "PUSH2 0x044c ", 
  "JUMPI ", 
  "PUSH1 0x00 ", 
  "PUSH1 0x00 ", 
  "DUP1 ", 
  "REVERT ", 
  "JUMPDEST ", 
  "POP ", 
  "POP ", 
  "POP ", 
  "PUSH1 0x40 ", 
  "MLOAD ", 
  "DUP1 ", 
  "MLOAD ", 
  "SWAP1 ", 
  "POP ", 
  "JUMPI ", 
  "POP ", 
  "PUSH32 0x3f4f50c8579774dea679f6b745bdc916cf5c66b6fdda95f1bc594d3dd9b56b60 ", 
  "POP ", 
  "AND ", 
  "SWAP3 ", 
  "DUP5 ", 
  "POP ", 
  "PUSH1 0x40 ", 
  "POP ", 
  "MSTORE ", 
  "SWAP1 ", 
  "JUMP ", 
  "PUSH1 0x00 ", 
  "DUP4 ", 
  "DUP1 ", 
  "SWAP1 ", 
  "SLOAD ", 
  "SWAP1 ", 
  "PUSH2 0x0100 ", 
  "PUSH4 0xffffffff ", 
  "EXP ", 
  "SWAP1 ", 
  "DIV ", 
  "PUSH20 0xffffffffffffffffffffffffffffffffffffffff ", 
  "PUSH1 0x40 ", 
  "AND ", 
  "DUP4 ", 
  "SLOAD ", 
  "MLOAD ", 
  "DUP1 ", 
  "DUP4 ", 
  "PUSH20 0xffffffffffffffffffffffffffffffffffffffff ", 
  "ASSERTFAIL ", 
  "SLOAD ", 
  "DUP2 ", 
  "AND ", 
  "PUSH20 0xffffffffffffffffffffffffffffffffffffffff ", 
  "ISZERO ", 
  "POP ", 
  "SWAP3 ", 
  "ISZERO ", 
  "JUMPDEST ", 
  "PUSH1 0x40 ", 
  "MLOAD ", 
  "DUP1 ", 
  "DUP3 ", 
  "DUP2 ", 
  "MSTORE ", 
  "PUSH1 0x20 ", 
  "PUSH1 0x20 ", 
  "ADD ", 
  "SWAP2 ", 
  "POP ", 
  "POP ", 
  "PUSH1 0x40 ", 
  "PUSH1 0x20 ", 
  "MLOAD ", 
  "DUP1 ", 
  "SWAP2 ", 
  "SUB ", 
  "SWAP1 ", 
  "RETURN ", 
  "PUSH1 0x40 ", 
  "ASSERTFAIL ", 
  "DUP1 ", 
  "SWAP2 ", 
  "SUB ", 
  "SWAP1 ", 
  "LOG1 ", 
  "DUP1 ", 
  "SWAP3 ", 
  "POP ", 
  "JUMPDEST ", 
  "POP ", 
  "POP ", 
  "DIV ", 
  "JUMP ", 
  "ADD ", 
  "MUL ", 
  "DUP3 ", 
  "SWAP1 ", 
  "SWAP1 ", 
  "DUP2 ", 
  "DUP1 ", 
  "DUP3 ", 
  "AND ", 
  "POP ", 
  "PUSH2 0x070b ", 
  "MSTORE ", 
  "JUMPI ", 
  "DUP1 ", 
  "DUP3 ", 
  "SUB ", 
  "SWAP3 ", 
  "POP ", 
  "PUSH2 0x0710 ", 
  "PUSH1 0x00 ", 
  "JUMPDEST ", 
  "SWAP3 ", 
  "POP ", 
  "PUSH2 0x032e ", 
  "POP ", 
  "JUMPDEST ", 
  "JUMP ", 
  "JUMPDEST ", 
  "DUP2 ", 
  "PUSH1 0x04 ", 
  "JUMPDEST ", 
  "SLOAD ", 
  "SUB ", 
  "PUSH1 0x04 ", 
  "JUMPDEST ", 
  "PUSH1 0x40 ", 
  "PUSH1 0x02 ", 
  "MLOAD ", 
  "DUP1 ", 
  "DUP3 ", 
  "ISZERO ", 
  "ISZERO ", 
  "ISZERO ", 
  "ISZERO ", 
  "DUP2 ", 
  "MSTORE ", 
  "PUSH1 0x20 ", 
  "JUMPDEST ", 
  "ADD ", 
  "SWAP2 ", 
  "POP ", 
  "POP ", 
  "PUSH1 0x40 ", 
  "SWAP3 ", 
  "MLOAD ", 
  "DUP1 ", 
  "SWAP2 ", 
  "SUB ", 
  "SWAP1 ", 
  "RETURN ", 
  "MLOAD ", 
  "JUMPDEST ", 
  "SWAP2 ", 
  "POP ", 
  "PUSH1 0x00 ", 
  "DUP3 ", 
  "EQ ", 
  "ISZERO ", 
  "PUSH2 0x035a ", 
  "JUMPI ", 
  "PUSH1 0x00 ", 
  "POP ", 
  "SWAP3 ", 
  "POP ", 
  "PUSH2 0x04e8 ", 
  "JUMP ", 
  "JUMPDEST ", 
  "PUSH1 0x06 ", 
  "PUSH1 0x00 ", 
  "STOP ", 
  "SWAP1 ", 
  "SLOAD ", 
  "SWAP1 ", 
  "PUSH2 0x0100 ", 
  "EXP ", 
  "SWAP1 ", 
  "DIV ", 
  "PUSH20 0xffffffffffffffffffffffffffffffffffffffff ", 
  "GT ", 
  "JUMP ", 
  "AND ", 
  "PUSH1 0x00 ", 
  "PUSH4 0xa9059cbb ", 
  "ADD ", 
  "AND ", 
  "PUSH20 0xffffffffffffffffffffffffffffffffffffffff ", 
  "SWAP3 ", 
  "SWAP1 ", 
  "JUMPDEST ", 
  "PUSH1 0x40 ", 
  "MLOAD ", 
  "DUP1 ", 
  "DUP3 ", 
  "DUP2 ", 
  "MSTORE ", 
  "PUSH1 0x20 ", 
  "ADD ", 
  "SWAP2 ", 
  "POP ", 
  "POP ", 
  "PUSH1 0x40 ", 
  "MLOAD ", 
  "DUP1 ", 
  "SWAP2 ", 
  "SUB ", 
  "SWAP1 ", 
  "RETURN ", 
  "SWAP1 ", 
  "SLOAD ", 
  "SWAP1 ", 
  "PUSH2 0x0100 ", 
  "POP ", 
  "EXP ", 
  "DUP1 ", 
  "DIV ", 
  "PUSH20 0xffffffffffffffffffffffffffffffffffffffff ", 
  "JUMPDEST ", 
  "PUSH1 0x40 ", 
  "MLOAD ", 
  "DUP1 ", 
  "DUP3 ", 
  "DUP2 ", 
  "MSTORE ", 
  "PUSH1 0x20 ", 
  "POP ", 
  "ADD ", 
  "SWAP2 ", 
  "POP ", 
  "POP ", 
  "PUSH1 0x40 ", 
  "MLOAD ", 
  "MLOAD ", 
  "DUP1 ", 
  "SWAP2 ", 
  "SUB ", 
  "SWAP1 ", 
  "RETURN ", 
  "AND ", 
  "PUSH29 0x0100000000000000000000000000000000000000000000000000000000 ", 
  "JUMPDEST ", 
  "DUP1 ", 
  "SWAP1 ", 
  "POP ", 
  "POP ", 
  "DUP2 ", 
  "SWAP1 ", 
  "SWAP3 ", 
  "ISZERO ", 
  "MUL ", 
  "DUP2 ", 
  "MSTORE ", 
  "PUSH1 0x04 ", 
  "ADD ", 
  "DUP1 ", 
  "DUP4 ", 
  "PUSH20 0xffffffffffffffffffffffffffffffffffffffff ", 
  "PUSH2 0x060d ", 
  "DUP2 ", 
  "JUMP ", 
  "JUMPDEST ", 
  "DUP2 ", 
  "PUSH1 0x04 ", 
  "POP ", 
  "SLOAD ", 
  "SUB ", 
  "PUSH1 0x04 ", 
  "SLOAD ", 
  "PUSH1 0x02 ", 
  "JUMP ", 
  "SLOAD ", 
  "PUSH2 0x0326 ", 
  "ISZERO ", 
  "ISZERO "
 ], 
 "overflow": false, 
 "money_concurrency": false, 
 "truncation": false
}}