{"CPCE":{
 "execution_paths": "45", 
 "callstack": false, 
 "reentrancy": false, 
 "modulo": false, 
 "division": false, 
 "execution_time": "18.3203577995", 
 "signedness": false, 
 "evm_code_coverage": "99.9", 
 "underflow": false, 
 "time_dependency": false, 
 "assertion_failure": false, 
 "timeout": false, 
 "dead_code": [
  "STOP "
 ], 
 "overflow": "\n../contractSrc/0xa40827ecef3154577e60cc36ccf8f3664f95f5a8.sol:CPCE:46:9\nbalances[_to] += _value\n^\n../contractSrc/0xa40827ecef3154577e60cc36ccf8f3664f95f5a8.sol:CPCE:56:9\nbalances[_to] += _value\n^", 
 "money_concurrency": false, 
 "truncation": false
},"SafeMath":{
 "execution_paths": "1", 
 "callstack": false, 
 "reentrancy": false, 
 "modulo": false, 
 "division": false, 
 "execution_time": "0.00489687919617", 
 "signedness": false, 
 "evm_code_coverage": "100.0", 
 "underflow": false, 
 "time_dependency": false, 
 "assertion_failure": false, 
 "timeout": false, 
 "dead_code": [], 
 "overflow": false, 
 "money_concurrency": false, 
 "truncation": false
},"StandardToken":{
 "execution_paths": "22", 
 "callstack": false, 
 "reentrancy": false, 
 "modulo": false, 
 "division": false, 
 "execution_time": "3.21263813972", 
 "signedness": false, 
 "evm_code_coverage": "99.9", 
 "underflow": false, 
 "time_dependency": false, 
 "assertion_failure": false, 
 "timeout": false, 
 "dead_code": [
  "STOP "
 ], 
 "overflow": "\n../contractSrc/0xa40827ecef3154577e60cc36ccf8f3664f95f5a8.sol:StandardToken:46:9\nbalances[_to] += _value\n^\n../contractSrc/0xa40827ecef3154577e60cc36ccf8f3664f95f5a8.sol:StandardToken:56:9\nbalances[_to] += _value\n^", 
 "money_concurrency": false, 
 "truncation": false
}}