{"Administrable":{
 "execution_paths": "10", 
 "callstack": false, 
 "reentrancy": false, 
 "modulo": false, 
 "division": false, 
 "execution_time": "0.15417098999", 
 "signedness": false, 
 "evm_code_coverage": "98.6", 
 "underflow": false, 
 "time_dependency": false, 
 "assertion_failure": false, 
 "timeout": false, 
 "dead_code": [
  "STOP ", 
  "JUMPDEST ", 
  "STOP "
 ], 
 "overflow": false, 
 "money_concurrency": false, 
 "truncation": false
},"ApisMelliferaToken":{
 "execution_paths": "54", 
 "callstack": false, 
 "reentrancy": false, 
 "modulo": false, 
 "division": false, 
 "execution_time": "38.0005540848", 
 "signedness": false, 
 "evm_code_coverage": "99.8", 
 "underflow": "\n../contractSrc/0xaa5725375313fd8c002d1eea04afd04d99156ea0.sol:ApisMelliferaToken:108:13\nallowed[_from][msg.sender] -= _value\n^\n../contractSrc/0xaa5725375313fd8c002d1eea04afd04d99156ea0.sol:ApisMelliferaToken:106:13\nbalances[_from] -= _value\n^", 
 "time_dependency": false, 
 "assertion_failure": false, 
 "timeout": false, 
 "dead_code": [
  "JUMPDEST ", 
  "STOP ", 
  "STOP "
 ], 
 "overflow": "\n../contractSrc/0xaa5725375313fd8c002d1eea04afd04d99156ea0.sol:ApisMelliferaToken:141:9\ntotalSupply += amount\n^\n../contractSrc/0xaa5725375313fd8c002d1eea04afd04d99156ea0.sol:ApisMelliferaToken:105:13\nbalances[_to] += _value\n^\n../contractSrc/0xaa5725375313fd8c002d1eea04afd04d99156ea0.sol:ApisMelliferaToken:152:9\nbalances[msg.sender] += tokens\n^\n../contractSrc/0xaa5725375313fd8c002d1eea04afd04d99156ea0.sol:ApisMelliferaToken:150:23\nmsg.value * 1000\n^\n../contractSrc/0xaa5725375313fd8c002d1eea04afd04d99156ea0.sol:ApisMelliferaToken:151:9\ntotalSupply += tokens\n^\n../contractSrc/0xaa5725375313fd8c002d1eea04afd04d99156ea0.sol:ApisMelliferaToken:142:9\nbalances[msg.sender] += amount\n^", 
 "money_concurrency": "\nFlow 1:\n../contractSrc/0xaa5725375313fd8c002d1eea04afd04d99156ea0.sol:ApisMelliferaToken:137:9\nadmin.transfer(amount)\n^\nFlow 2:", 
 "truncation": false
}}