{"CMLL":{
 "execution_paths": "33", 
 "callstack": false, 
 "reentrancy": false, 
 "modulo": false, 
 "division": false, 
 "execution_time": "41.4731919765", 
 "signedness": false, 
 "evm_code_coverage": "99.9", 
 "underflow": false, 
 "time_dependency": false, 
 "assertion_failure": false, 
 "timeout": false, 
 "dead_code": [
  "STOP "
 ], 
 "overflow": "\n../contractSrc/0xb1cfaeb81533611cd7617d49e0b95d4383b087c4.sol:CMLL:45:13\nbalances[_to] += _value\n^\n../contractSrc/0xb1cfaeb81533611cd7617d49e0b95d4383b087c4.sol:CMLL:55:13\nbalances[_to] += _value\n^", 
 "money_concurrency": false, 
 "truncation": false
},"StandardToken":{
 "execution_paths": "22", 
 "callstack": false, 
 "reentrancy": false, 
 "modulo": false, 
 "division": false, 
 "execution_time": "3.46273303032", 
 "signedness": false, 
 "evm_code_coverage": "99.9", 
 "underflow": false, 
 "time_dependency": false, 
 "assertion_failure": false, 
 "timeout": false, 
 "dead_code": [
  "STOP "
 ], 
 "overflow": "\n../contractSrc/0xb1cfaeb81533611cd7617d49e0b95d4383b087c4.sol:StandardToken:45:13\nbalances[_to] += _value\n^\n../contractSrc/0xb1cfaeb81533611cd7617d49e0b95d4383b087c4.sol:StandardToken:55:13\nbalances[_to] += _value\n^", 
 "money_concurrency": false, 
 "truncation": false
}}