{"Milk":{
 "execution_paths": "34", 
 "callstack": false, 
 "reentrancy": false, 
 "modulo": false, 
 "division": false, 
 "execution_time": "27.7961370945", 
 "signedness": false, 
 "evm_code_coverage": "99.9", 
 "underflow": false, 
 "time_dependency": false, 
 "assertion_failure": false, 
 "timeout": false, 
 "dead_code": [
  "STOP "
 ], 
 "overflow": "\n../contractSrc/0xb554cf51cda0fccd5012d55737c4df55a3e18a5c.sol:Milk:29:165\nbalances[_to] += _amount\n^\n../contractSrc/0xb554cf51cda0fccd5012d55737c4df55a3e18a5c.sol:Milk:30:184\nbalances[_to] += _amount\n^", 
 "money_concurrency": false, 
 "truncation": false
}}