{"FoundersVesting":{
 "execution_paths": "35", 
 "callstack": false, 
 "reentrancy": false, 
 "modulo": false, 
 "division": false, 
 "execution_time": "2.30372095108", 
 "signedness": false, 
 "evm_code_coverage": "99.9", 
 "underflow": false, 
 "time_dependency": false, 
 "assertion_failure": false, 
 "timeout": false, 
 "dead_code": [
  "STOP "
 ], 
 "overflow": "\n../contractSrc/0xbb762dc09a9705e0e530aaaa2284b74ff175ebdf.sol:FoundersVesting:265:11\nwithdrawsCount++\n^", 
 "money_concurrency": false, 
 "truncation": "\n../contractSrc/0xbb762dc09a9705e0e530aaaa2284b74ff175ebdf.sol:FoundersVesting:224:6\nuint64 public lastWithdrawTime\n^"
},"Goldmint":{
 "execution_paths": "201", 
 "callstack": false, 
 "reentrancy": false, 
 "modulo": false, 
 "division": false, 
 "execution_time": "15.2514472008", 
 "signedness": false, 
 "evm_code_coverage": "84.5", 
 "underflow": false, 
 "time_dependency": false, 
 "assertion_failure": false, 
 "timeout": false, 
 "dead_code": [
  "ADD ", 
  "PUSH1 0x00 ", 
  "JUMPDEST ", 
  "PUSH1 0x04 ", 
  "DUP2 ", 
  "ISZERO ", 
  "DUP4 ", 
  "PUSH2 0x0abe ", 
  "JUMPDEST ", 
  "DUP5 ", 
  "AND ", 
  "ISZERO ", 
  "ISZERO ", 
  "PUSH2 0x12d1 ", 
  "ADD ", 
  "PUSH1 0x01 ", 
  "JUMPDEST ", 
  "ASSERTFAIL ", 
  "JUMPDEST ", 
  "PUSH2 0x0140 ", 
  "SWAP2 ", 
  "PUSH1 0x40 ", 
  "MLOAD ", 
  "SWAP1 ", 
  "DUP2 ", 
  "ADD ", 
  "PUSH1 0x40 ", 
  "MSTORE ", 
  "DUP1 ", 
  "PUSH1 0x14 ", 
  "PUSH1 0xff ", 
  "AND ", 
  "DUP2 ", 
  "MSTORE ", 
  "PUSH1 0x20 ", 
  "ADD ", 
  "PUSH1 0x0f ", 
  "PUSH1 0xff ", 
  "AND ", 
  "DUP2 ", 
  "MSTORE ", 
  "PUSH1 0x20 ", 
  "ADD ", 
  "PUSH1 0x0a ", 
  "PUSH1 0xff ", 
  "AND ", 
  "DUP2 ", 
  "MSTORE ", 
  "PUSH1 0x20 ", 
  "JUMPDEST ", 
  "PUSH1 0x40 ", 
  "PUSH1 0xff ", 
  "DUP1 ", 
  "DUP3 ", 
  "DUP2 ", 
  "MSTORE ", 
  "PUSH1 0x20 ", 
  "ADD ", 
  "SWAP2 ", 
  "POP ", 
  "POP ", 
  "PUSH1 0x40 ", 
  "AND ", 
  "DUP2 ", 
  "DUP1 ", 
  "PUSH1 0x20 ", 
  "SUB ", 
  "SWAP1 ", 
  "PUSH1 0x04 ", 
  "PUSH1 0xff ", 
  "AND ", 
  "DUP2 ", 
  "MSTORE ", 
  "PUSH1 0x20 ", 
  "ADD ", 
  "PUSH1 0x02 ", 
  "PUSH1 0xff ", 
  "AND ", 
  "DUP2 ", 
  "MSTORE ", 
  "PUSH1 0x20 ", 
  "ADD ", 
  "PUSH1 0x00 ", 
  "PUSH1 0x40 ", 
  "PUSH1 0xff ", 
  "MLOAD ", 
  "DUP1 ", 
  "DUP2 ", 
  "MSTORE ", 
  "PUSH1 0x20 ", 
  "PUSH1 0x20 ", 
  "ADD ", 
  "PUSH1 0x00 ", 
  "SWAP2 ", 
  "PUSH1 0xff ", 
  "POP ", 
  "AND ", 
  "DUP2 ", 
  "MSTORE ", 
  "PUSH1 0x20 ", 
  "SWAP2 ", 
  "SUB ", 
  "SWAP1 ", 
  "RETURN ", 
  "PUSH1 0xff ", 
  "AND ", 
  "DUP2 ", 
  "MSTORE ", 
  "POP ", 
  "SWAP3 ", 
  "POP ", 
  "DUP3 ", 
  "DUP5 ", 
  "PUSH1 0x0a ", 
  "DUP2 ", 
  "LT ", 
  "ISZERO ", 
  "ISZERO ", 
  "PUSH2 0x216f ", 
  "JUMPI ", 
  "ASSERTFAIL ", 
  "JUMPDEST ", 
  "PUSH1 0x20 ", 
  "MUL ", 
  "ADD ", 
  "MLOAD ", 
  "PUSH1 0x64 ", 
  "ADD ", 
  "PUSH1 0xff ", 
  "AND ", 
  "PUSH8 0x0de0b6b3a7640000 ", 
  "PUSH20 0xffffffffffffffffffffffffffffffffffffffff ", 
  "DUP1 ", 
  "PUSH1 0x64 ", 
  "JUMPDEST ", 
  "STOP ", 
  "MUL ", 
  "MUL ", 
  "DUP2 ", 
  "ISZERO ", 
  "ISZERO ", 
  "PUSH2 0x2193 ", 
  "JUMPDEST ", 
  "JUMPI ", 
  "ASSERTFAIL ", 
  "JUMPDEST ", 
  "DIV ", 
  "SWAP2 ", 
  "POP ", 
  "DUP2 ", 
  "PUSH8 0x0de0b6b3a7640000 ", 
  "DUP1 ", 
  "PUSH2 0x03e8 ", 
  "PUSH1 0x03 ", 
  "SLOAD ", 
  "MUL ", 
  "MUL ", 
  "MUL ", 
  "DUP2 ", 
  "ISZERO ", 
  "ISZERO ", 
  "PUSH2 0x21b3 ", 
  "JUMPI ", 
  "ASSERTFAIL ", 
  "JUMPDEST ", 
  "DIV ", 
  "SWAP1 ", 
  "POP ", 
  "DUP1 ", 
  "SWAP5 ", 
  "POP ", 
  "POP ", 
  "POP ", 
  "POP ", 
  "POP ", 
  "SWAP2 ", 
  "SWAP1 ", 
  "POP ", 
  "JUMP ", 
  "JUMPDEST ", 
  "SWAP1 ", 
  "POP ", 
  "SWAP1 ", 
  "JUMP ", 
  "DUP3 ", 
  "SUB ", 
  "SLOAD ", 
  "DUP8 ", 
  "DUP9 ", 
  "ISZERO ", 
  "EXTCODESIZE ", 
  "JUMPDEST ", 
  "STOP ", 
  "PUSH2 0x130b ", 
  "PUSH2 0x230c ", 
  "JUMPI ", 
  "POP ", 
  "JUMPDEST ", 
  "PUSH11 0x05ca4ec2a79a7f67000000 ", 
  "PUSH1 0x00 ", 
  "DUP2 ", 
  "PUSH1 0x0c ", 
  "SLOAD ", 
  "ADD ", 
  "GT ", 
  "ADD ", 
  "ISZERO ", 
  "ISZERO ", 
  "PUSH2 0x2248 ", 
  "JUMPI ", 
  "PUSH1 0x00 ", 
  "DUP1 ", 
  "REVERT ", 
  "JUMPDEST ", 
  "PUSH1 0x0a ", 
  "PUSH1 0x00 ", 
  "SWAP1 ", 
  "SLOAD ", 
  "SWAP1 ", 
  "PUSH2 0x0100 ", 
  "EXP ", 
  "SWAP1 ", 
  "DIV ", 
  "PUSH20 0xffffffffffffffffffffffffffffffffffffffff ", 
  "ISZERO ", 
  "ISZERO ", 
  "PUSH1 0x00 ", 
  "PUSH2 0x222a ", 
  "AND ", 
  "PUSH20 0xffffffffffffffffffffffffffffffffffffffff ", 
  "JUMPI ", 
  "PUSH1 0x00 ", 
  "AND ", 
  "PUSH4 0x475a9fa9 ", 
  "DUP4 ", 
  "DUP4 ", 
  "PUSH1 0x40 ", 
  "MLOAD ", 
  "DUP4 ", 
  "PUSH4 0xffffffff ", 
  "AND ", 
  "PUSH29 0x0100000000000000000000000000000000000000000000000000000000 ", 
  "SLOAD ", 
  "POP ", 
  "POP ", 
  "DUP2 ", 
  "MUL ", 
  "DUP2 ", 
  "MSTORE ", 
  "CALLVALUE ", 
  "MUL ", 
  "ADD ", 
  "DUP1 ", 
  "ISZERO ", 
  "PUSH20 0xffffffffffffffffffffffffffffffffffffffff ", 
  "JUMPI ", 
  "ASSERTFAIL ", 
  "JUMPDEST ", 
  "DIV ", 
  "SWAP2 ", 
  "POP ", 
  "PUSH2 0x0acb ", 
  "DUP4 ", 
  "DUP4 ", 
  "PUSH2 0x222a ", 
  "MUL ", 
  "DUP2 ", 
  "JUMP ", 
  "JUMPDEST ", 
  "PUSH2 0x0b14 ", 
  "POP ", 
  "AND ", 
  "PUSH20 0xffffffffffffffffffffffffffffffffffffffff ", 
  "ASSERTFAIL ", 
  "PUSH1 0x00 ", 
  "DIV ", 
  "CALLER ", 
  "PUSH20 0xffffffffffffffffffffffffffffffffffffffff ", 
  "PUSH10 0x065a4da25d3016c00000 ", 
  "POP ", 
  "ISZERO ", 
  "JUMP ", 
  "DUP3 ", 
  "GT ", 
  "ISZERO ", 
  "ISZERO ", 
  "AND ", 
  "DUP2 ", 
  "MSTORE ", 
  "PUSH1 0x20 ", 
  "JUMPI ", 
  "AND ", 
  "DUP3 ", 
  "DUP2 ", 
  "MSTORE ", 
  "PUSH1 0x20 ", 
  "PUSH11 0x027b46536c66c8e3000000 ", 
  "ADD ", 
  "SWAP3 ", 
  "POP ", 
  "POP ", 
  "POP ", 
  "PUSH1 0x00 ", 
  "PUSH1 0x40 ", 
  "MLOAD ", 
  "DUP1 ", 
  "DUP4 ", 
  "PUSH1 0x05 ", 
  "DUP2 ", 
  "PUSH1 0x00 ", 
  "ADD ", 
  "AND ", 
  "DUP2 ", 
  "MSTORE ", 
  "PUSH1 0x20 ", 
  "ISZERO ", 
  "ADD ", 
  "SWAP1 ", 
  "DUP2 ", 
  "MSTORE ", 
  "PUSH1 0x20 ", 
  "DUP1 ", 
  "DUP1 ", 
  "PUSH1 0x00 ", 
  "PUSH2 0x1315 ", 
  "SHA3 ", 
  "SLOAD ", 
  "CALLVALUE ", 
  "PUSH2 0x237e ", 
  "PUSH2 0x2319 ", 
  "JUMP ", 
  "JUMPDEST ", 
  "PUSH1 0x01 ", 
  "DUP2 ", 
  "PUSH1 0x00 ", 
  "REVERT ", 
  "CALLER ", 
  "PUSH20 0xffffffffffffffffffffffffffffffffffffffff ", 
  "PUSH1 0x05 ", 
  "POP ", 
  "DUP1 ", 
  "PUSH1 0x0c ", 
  "SSTORE ", 
  "POP ", 
  "POP ", 
  "DUP3 ", 
  "POP ", 
  "SLOAD ", 
  "ADD ", 
  "SWAP3 ", 
  "POP ", 
  "POP ", 
  "DUP2 ", 
  "SWAP1 ", 
  "SSTORE ", 
  "POP ", 
  "DUP2 ", 
  "PUSH20 0xffffffffffffffffffffffffffffffffffffffff ", 
  "AND ", 
  "PUSH20 0xffffffffffffffffffffffffffffffffffffffff ", 
  "AND ", 
  "PUSH32 0x4f79409f494e81c38036d80aa8a6507c2cb08d90bfb2fead5519447646b3497e ", 
  "AND ", 
  "DUP2 ", 
  "MSTORE ", 
  "PUSH1 0x20 ", 
  "ADD ", 
  "SWAP1 ", 
  "DUP2 ", 
  "MSTORE ", 
  "PUSH1 0x20 ", 
  "ADD ", 
  "PUSH1 0x00 ", 
  "SHA3 ", 
  "DUP2 ", 
  "SWAP1 ", 
  "SSTORE ", 
  "POP ", 
  "PUSH2 0x0b63 ", 
  "ISZERO ", 
  "PUSH1 0x02 ", 
  "SLOAD ", 
  "CALLVALUE ", 
  "PUSH2 0x237e ", 
  "JUMP ", 
  "JUMPDEST ", 
  "PUSH1 0x02 ", 
  "DUP3 ", 
  "PUSH1 0x40 ", 
  "SWAP1 ", 
  "MLOAD ", 
  "POP ", 
  "POP ", 
  "POP ", 
  "POP ", 
  "PUSH1 0x20 ", 
  "ADD ", 
  "PUSH1 0x00 ", 
  "POP ", 
  "POP ", 
  "PUSH1 0x40 ", 
  "MLOAD ", 
  "DUP1 ", 
  "SWAP2 ", 
  "SUB ", 
  "SWAP1 ", 
  "LOG2 ", 
  "POP ", 
  "POP ", 
  "JUMP ", 
  "JUMPDEST ", 
  "PUSH1 0x00 ", 
  "DUP1 ", 
  "DUP3 ", 
  "DUP5 ", 
  "ADD ", 
  "SWAP1 ", 
  "POP ", 
  "DUP4 ", 
  "DUP2 ", 
  "LT ", 
  "ISZERO ", 
  "DUP1 ", 
  "ISZERO ", 
  "PUSH2 0x2396 ", 
  "JUMPI ", 
  "POP ", 
  "DUP3 ", 
  "DUP2 ", 
  "LT ", 
  "ISZERO ", 
  "JUMPDEST ", 
  "ISZERO ", 
  "ISZERO ", 
  "PUSH2 0x239e ", 
  "JUMPI ", 
  "ASSERTFAIL ", 
  "JUMPDEST ", 
  "DUP1 ", 
  "SWAP2 ", 
  "POP ", 
  "POP ", 
  "SWAP3 ", 
  "SWAP2 ", 
  "POP ", 
  "POP ", 
  "JUMP ", 
  "REVERT ", 
  "JUMPDEST ", 
  "JUMPI ", 
  "JUMPDEST ", 
  "STOP ", 
  "STOP ", 
  "DUP5 ", 
  "DUP2 ", 
  "REVERT ", 
  "SSTORE ", 
  "DUP1 ", 
  "DUP3 ", 
  "DUP4 ", 
  "GT ", 
  "DUP2 ", 
  "JUMPDEST ", 
  "MSTORE ", 
  "JUMP ", 
  "SWAP2 ", 
  "GAS ", 
  "CALL ", 
  "PUSH1 0x00 ", 
  "DUP1 ", 
  "REVERT ", 
  "JUMPDEST ", 
  "GAS ", 
  "CALL ", 
  "ISZERO ", 
  "JUMPI ", 
  "PUSH2 0x1ce7 ", 
  "JUMPI ", 
  "PUSH1 0x00 ", 
  "DUP1 ", 
  "REVERT ", 
  "JUMPDEST ", 
  "POP ", 
  "POP ", 
  "POP ", 
  "JUMP ", 
  "JUMPDEST ", 
  "PUSH1 0x00 ", 
  "DUP5 ", 
  "DUP2 ", 
  "SLOAD ", 
  "DUP2 ", 
  "LT ", 
  "ISZERO ", 
  "ISZERO ", 
  "PUSH2 0x1d2e ", 
  "JUMPI ", 
  "ASSERTFAIL ", 
  "JUMPDEST ", 
  "SWAP1 ", 
  "PUSH1 0x00 ", 
  "MSTORE ", 
  "PUSH1 0x20 ", 
  "ISZERO ", 
  "SHA3 ", 
  "SWAP1 ", 
  "ADD ", 
  "PUSH1 0x00 ", 
  "SWAP1 ", 
  "SLOAD ", 
  "SWAP1 ", 
  "PUSH2 0x0100 ", 
  "EXP ", 
  "SWAP1 ", 
  "DIV ", 
  "PUSH20 0xffffffffffffffffffffffffffffffffffffffff ", 
  "PUSH1 0x05 ", 
  "AND ", 
  "SWAP3 ", 
  "POP ", 
  "DUP5 ", 
  "ADDRESS ", 
  "PUSH20 0xffffffffffffffffffffffffffffffffffffffff ", 
  "ISZERO ", 
  "POP ", 
  "BALANCE ", 
  "LT ", 
  "ISZERO ", 
  "ISZERO ", 
  "PUSH2 0x1dbd ", 
  "JUMPI ", 
  "DUP3 ", 
  "PUSH20 0xffffffffffffffffffffffffffffffffffffffff ", 
  "AND ", 
  "PUSH2 0x08fc ", 
  "DUP7 ", 
  "SWAP1 ", 
  "DUP2 ", 
  "ISZERO ", 
  "MUL ", 
  "SWAP1 ", 
  "PUSH1 0x40 ", 
  "MLOAD ", 
  "PUSH1 0x00 ", 
  "PUSH1 0x40 ", 
  "MLOAD ", 
  "DUP1 ", 
  "DUP4 ", 
  "SUB ", 
  "DUP2 ", 
  "DUP6 ", 
  "ADD ", 
  "DUP9 ", 
  "CALL ", 
  "SWAP4 ", 
  "POP ", 
  "POP ", 
  "POP ", 
  "ISZERO ", 
  "ISZERO ", 
  "ISZERO ", 
  "PUSH2 0x1dbc ", 
  "JUMPI ", 
  "PUSH1 0x00 ", 
  "DUP1 ", 
  "REVERT ", 
  "JUMPDEST ", 
  "JUMPDEST ", 
  "DUP4 ", 
  "PUSH1 0x01 ", 
  "ADD ", 
  "SWAP4 ", 
  "POP ", 
  "PUSH2 0x1d16 ", 
  "JUMP ", 
  "JUMPDEST ", 
  "ADDRESS ", 
  "PUSH20 0xffffffffffffffffffffffffffffffffffffffff ", 
  "DUP1 ", 
  "AND ", 
  "BALANCE ", 
  "PUSH1 0x00 ", 
  "EQ ", 
  "ISZERO ", 
  "ISZERO ", 
  "PUSH2 0x1e7f ", 
  "JUMPI ", 
  "PUSH1 0x00 ", 
  "PUSH1 0x09 ", 
  "DUP2 ", 
  "SLOAD ", 
  "DUP2 ", 
  "LT ", 
  "ISZERO ", 
  "ISZERO ", 
  "PUSH2 0x1df9 ", 
  "JUMPI ", 
  "ASSERTFAIL ", 
  "JUMPDEST ", 
  "SWAP1 ", 
  "PUSH1 0x00 ", 
  "MSTORE ", 
  "PUSH1 0x20 ", 
  "PUSH1 0x00 ", 
  "SHA3 ", 
  "SWAP1 ", 
  "ADD ", 
  "PUSH1 0x00 ", 
  "SWAP1 ", 
  "SLOAD ", 
  "SWAP1 ", 
  "PUSH2 0x0100 ", 
  "JUMPDEST ", 
  "EXP ", 
  "SWAP1 ", 
  "DIV ", 
  "PUSH20 0xffffffffffffffffffffffffffffffffffffffff ", 
  "SWAP1 ", 
  "AND ", 
  "SWAP2 ", 
  "POP ", 
  "DUP2 ", 
  "PUSH20 0xffffffffffffffffffffffffffffffffffffffff ", 
  "AND ", 
  "PUSH2 0x08fc ", 
  "ADDRESS ", 
  "PUSH20 0xffffffffffffffffffffffffffffffffffffffff ", 
  "AND ", 
  "BALANCE ", 
  "SWAP1 ", 
  "DUP2 ", 
  "ISZERO ", 
  "MUL ", 
  "SWAP1 ", 
  "PUSH1 0x40 ", 
  "MLOAD ", 
  "PUSH1 0x00 ", 
  "PUSH1 0x40 ", 
  "MLOAD ", 
  "DUP1 ", 
  "DUP4 ", 
  "SUB ", 
  "DUP2 ", 
  "DUP6 ", 
  "DUP9 ", 
  "DUP9 ", 
  "CALL ", 
  "SWAP4 ", 
  "POP ", 
  "POP ", 
  "POP ", 
  "POP ", 
  "ISZERO ", 
  "ISZERO ", 
  "PUSH2 0x1e7e ", 
  "JUMPI ", 
  "PUSH1 0x00 ", 
  "DUP1 ", 
  "REVERT ", 
  "JUMPDEST ", 
  "JUMPDEST ", 
  "POP ", 
  "POP ", 
  "POP ", 
  "POP ", 
  "POP ", 
  "JUMP ", 
  "ADD ", 
  "PUSH1 0x08 ", 
  "MLOAD ", 
  "AND ", 
  "PUSH2 0x1b58 ", 
  "DUP2 ", 
  "MSTORE ", 
  "PUSH1 0x20 ", 
  "REVERT ", 
  "ADD ", 
  "PUSH1 0x06 ", 
  "PUSH1 0xff ", 
  "MLOAD ", 
  "MSTORE ", 
  "SWAP2 ", 
  "ADD ", 
  "RETURN ", 
  "DUP3 ", 
  "PUSH1 0x00 ", 
  "ISZERO ", 
  "PUSH2 0x12ed ", 
  "JUMPDEST ", 
  "DUP1 ", 
  "AND ", 
  "DUP3 ", 
  "DUP2 ", 
  "MSTORE ", 
  "ADD ", 
  "JUMPDEST ", 
  "STOP ", 
  "POP ", 
  "PUSH1 0x00 ", 
  "PUSH1 0x40 ", 
  "MLOAD ", 
  "DUP1 "
 ], 
 "overflow": "\n../contractSrc/0xbb762dc09a9705e0e530aaaa2284b74ff175ebdf.sol:Goldmint:604:20\nissuedExternallyTokens + _tokens\n^\n../contractSrc/0xbb762dc09a9705e0e530aaaa2284b74ff175ebdf.sol:Goldmint:608:36\nissuedExternallyTokens + _tokens\n^", 
 "money_concurrency": false, 
 "truncation": "\n../contractSrc/0xbb762dc09a9705e0e530aaaa2284b74ff175ebdf.sol:Goldmint:305:6\nuint64 public lastUsdPerEthChangeDate = 0\n^\n../contractSrc/0xbb762dc09a9705e0e530aaaa2284b74ff175ebdf.sol:Goldmint:544:17\nnow > (icoStartedTime + 30 days)\n^\n../contractSrc/0xbb762dc09a9705e0e530aaaa2284b74ff175ebdf.sol:Goldmint:544:24\nicoStartedTime\n^"
},"GoldmintUnsold":{
 "execution_paths": "25", 
 "callstack": false, 
 "reentrancy": false, 
 "modulo": false, 
 "division": false, 
 "execution_time": "0.999223947525", 
 "signedness": false, 
 "evm_code_coverage": "99.9", 
 "underflow": false, 
 "time_dependency": false, 
 "assertion_failure": false, 
 "timeout": false, 
 "dead_code": [
  "STOP "
 ], 
 "overflow": false, 
 "money_concurrency": false, 
 "truncation": "\n../contractSrc/0xbb762dc09a9705e0e530aaaa2284b74ff175ebdf.sol:GoldmintUnsold:207:34\nicoIsFinishedDate\n^"
},"MNTP":{
 "execution_paths": "70", 
 "callstack": false, 
 "reentrancy": false, 
 "modulo": false, 
 "division": false, 
 "execution_time": "7.00966596603", 
 "signedness": false, 
 "evm_code_coverage": "100.0", 
 "underflow": false, 
 "time_dependency": false, 
 "assertion_failure": false, 
 "timeout": false, 
 "dead_code": [
  "STOP "
 ], 
 "overflow": "\n../contractSrc/0xbb762dc09a9705e0e530aaaa2284b74ff175ebdf.sol:MNTP:142:20\ntotalSupply + _tokens\n^", 
 "money_concurrency": false, 
 "truncation": false
},"SafeMath":{
 "execution_paths": "1", 
 "callstack": false, 
 "reentrancy": false, 
 "modulo": false, 
 "division": false, 
 "execution_time": "0.00479388237", 
 "signedness": false, 
 "evm_code_coverage": "100.0", 
 "underflow": false, 
 "time_dependency": false, 
 "assertion_failure": false, 
 "timeout": false, 
 "dead_code": [], 
 "overflow": false, 
 "money_concurrency": false, 
 "truncation": false
},"StdToken":{
 "execution_paths": "30", 
 "callstack": false, 
 "reentrancy": false, 
 "modulo": false, 
 "division": false, 
 "execution_time": "2.34995794296", 
 "signedness": false, 
 "evm_code_coverage": "99.9", 
 "underflow": false, 
 "time_dependency": false, 
 "assertion_failure": false, 
 "timeout": false, 
 "dead_code": [
  "STOP "
 ], 
 "overflow": false, 
 "money_concurrency": false, 
 "truncation": false
}}