{"AmberToken":{
 "execution_paths": "58", 
 "callstack": false, 
 "reentrancy": false, 
 "modulo": false, 
 "division": false, 
 "execution_time": "13.4869132042", 
 "signedness": false, 
 "evm_code_coverage": "92.9", 
 "underflow": "\n../contractSrc/0xc6ad7d878e9b178a62b7309e607471a885092c9a.sol:AmberToken:102:15\nnow - phaseStart\n^", 
 "time_dependency": false, 
 "assertion_failure": false, 
 "timeout": false, 
 "dead_code": [
  "ADD ", 
  "SLOAD ", 
  "SWAP2 ", 
  "POP ", 
  "PUSH1 0x03 ", 
  "PUSH1 0x00 ", 
  "JUMPDEST ", 
  "STOP ", 
  "PUSH20 0xffffffffffffffffffffffffffffffffffffffff ", 
  "AND ", 
  "PUSH20 0xffffffffffffffffffffffffffffffffffffffff ", 
  "DUP6 ", 
  "AND ", 
  "DUP2 ", 
  "MSTORE ", 
  "PUSH1 0x20 ", 
  "ADD ", 
  "SWAP1 ", 
  "DUP2 ", 
  "MSTORE ", 
  "PUSH1 0x20 ", 
  "ADD ", 
  "PUSH1 0x00 ", 
  "SHA3 ", 
  "PUSH1 0x03 ", 
  "ADD ", 
  "SLOAD ", 
  "SWAP1 ", 
  "POP ", 
  "PUSH1 0x00 ", 
  "DUP3 ", 
  "GT ", 
  "DUP1 ", 
  "ISZERO ", 
  "PUSH2 0x1257 ", 
  "JUMPI ", 
  "POP ", 
  "DUP1 ", 
  "DUP4 ", 
  "GT ", 
  "JUMPDEST ", 
  "ISZERO ", 
  "PUSH2 0x12f8 ", 
  "JUMPI ", 
  "DUP1 ", 
  "DUP4 ", 
  "SUB ", 
  "DUP3 ", 
  "MUL ", 
  "PUSH1 0x03 ", 
  "PUSH1 0x00 ", 
  "DUP7 ", 
  "PUSH20 0xffffffffffffffffffffffffffffffffffffffff ", 
  "AND ", 
  "PUSH20 0xffffffffffffffffffffffffffffffffffffffff ", 
  "AND ", 
  "DUP2 ", 
  "MSTORE ", 
  "PUSH1 0x20 ", 
  "ADD ", 
  "SWAP1 ", 
  "DUP2 ", 
  "MSTORE ", 
  "PUSH1 0x20 ", 
  "ADD ", 
  "PUSH1 0x00 ", 
  "SHA3 ", 
  "PUSH1 0x00 ", 
  "ADD ", 
  "PUSH1 0x00 ", 
  "DUP3 ", 
  "DUP3 ", 
  "SLOAD ", 
  "ADD ", 
  "SWAP3 ", 
  "POP ", 
  "POP ", 
  "DUP2 ", 
  "SWAP1 ", 
  "SSTORE ", 
  "POP ", 
  "DUP3 ", 
  "PUSH1 0x03 ", 
  "PUSH1 0x00 ", 
  "DUP7 ", 
  "PUSH20 0xffffffffffffffffffffffffffffffffffffffff ", 
  "AND ", 
  "PUSH20 0xffffffffffffffffffffffffffffffffffffffff ", 
  "DUP1 ", 
  "PUSH2 0x06dc ", 
  "JUMP ", 
  "JUMPDEST ", 
  "PUSH1 0x04 ", 
  "JUMPDEST ", 
  "SWAP2 ", 
  "POP ", 
  "POP ", 
  "SWAP1 ", 
  "JUMP ", 
  "AND ", 
  "DUP2 ", 
  "MSTORE ", 
  "PUSH1 0x20 ", 
  "ADD ", 
  "SWAP1 ", 
  "DUP2 ", 
  "MSTORE ", 
  "PUSH1 0x20 ", 
  "ADD ", 
  "PUSH1 0x00 ", 
  "SHA3 ", 
  "PUSH1 0x03 ", 
  "ADD ", 
  "DUP2 ", 
  "SWAP1 ", 
  "SSTORE ", 
  "POP ", 
  "JUMPDEST ", 
  "POP ", 
  "POP ", 
  "POP ", 
  "POP ", 
  "JUMP ", 
  "JUMPDEST ", 
  "PUSH1 0x40 ", 
  "MLOAD ", 
  "DUP1 ", 
  "DUP3 ", 
  "DUP2 ", 
  "MSTORE ", 
  "PUSH1 0x20 ", 
  "ADD ", 
  "SWAP2 ", 
  "POP ", 
  "POP ", 
  "PUSH1 0x40 ", 
  "MLOAD ", 
  "DUP1 ", 
  "SWAP2 ", 
  "SUB ", 
  "SWAP1 ", 
  "RETURN ", 
  "STOP ", 
  "JUMPDEST ", 
  "SWAP3 ", 
  "POP ", 
  "PUSH1 0x03 ", 
  "PUSH1 0x00 ", 
  "DUP6 ", 
  "PUSH20 0xffffffffffffffffffffffffffffffffffffffff ", 
  "AND ", 
  "PUSH20 0xffffffffffffffffffffffffffffffffffffffff ", 
  "AND ", 
  "DUP2 ", 
  "MSTORE ", 
  "PUSH1 0x20 ", 
  "ADD ", 
  "SWAP1 ", 
  "DUP2 ", 
  "MSTORE ", 
  "PUSH1 0x20 ", 
  "ADD ", 
  "PUSH1 0x00 ", 
  "SHA3 ", 
  "PUSH1 0x02 "
 ], 
 "overflow": "\n../contractSrc/0xc6ad7d878e9b178a62b7309e607471a885092c9a.sol:AmberToken:67:5\naccounts[_who].balance += _value\n^\n../contractSrc/0xc6ad7d878e9b178a62b7309e607471a885092c9a.sol:AmberToken:142:5\naccounts[_to].balance += _value\n^\n../contractSrc/0xc6ad7d878e9b178a62b7309e607471a885092c9a.sol:AmberToken:68:5\ntotalSupply += _value\n^\n../contractSrc/0xc6ad7d878e9b178a62b7309e607471a885092c9a.sol:AmberToken:79:5\ntotalSupply += _value\n^\n../contractSrc/0xc6ad7d878e9b178a62b7309e607471a885092c9a.sol:AmberToken:127:5\naccounts[_to].balance += _value\n^", 
 "money_concurrency": false, 
 "truncation": false
},"AmbrosusSale":{
 "execution_paths": "157", 
 "callstack": false, 
 "reentrancy": false, 
 "modulo": false, 
 "division": false, 
 "execution_time": "21.063421011", 
 "signedness": false, 
 "evm_code_coverage": "94.0", 
 "underflow": false, 
 "time_dependency": "\n../contractSrc/0xc6ad7d878e9b178a62b7309e607471a885092c9a.sol:AmbrosusSale:248:42\nnow >= BEGIN_TIME && now < END_TIME && !isPaused\n^\n../contractSrc/0xc6ad7d878e9b178a62b7309e607471a885092c9a.sol:AmbrosusSale:248:42\nnow >= BEGIN_TIME && now < END_TIME\n^", 
 "assertion_failure": false, 
 "timeout": false, 
 "dead_code": [
  "AND ", 
  "PUSH2 0x08fc ", 
  "CALLVALUE ", 
  "SWAP1 ", 
  "DUP2 ", 
  "ISZERO ", 
  "MUL ", 
  "PUSH1 0x00 ", 
  "PUSH1 0x40 ", 
  "MLOAD ", 
  "PUSH1 0x00 ", 
  "PUSH1 0x40 ", 
  "MLOAD ", 
  "DUP1 ", 
  "DUP4 ", 
  "SUB ", 
  "DUP2 ", 
  "DUP6 ", 
  "DUP9 ", 
  "DUP9 ", 
  "CALL ", 
  "SWAP4 ", 
  "POP ", 
  "POP ", 
  "POP ", 
  "POP ", 
  "ISZERO ", 
  "ISZERO ", 
  "PUSH2 0x1c39 ", 
  "JUMPI ", 
  "PUSH1 0x00 ", 
  "DUP1 ", 
  "REVERT ", 
  "JUMPDEST ", 
  "CALLVALUE ", 
  "PUSH1 0x03 ", 
  "PUSH1 0x00 ", 
  "DUP3 ", 
  "DUP3 ", 
  "SLOAD ", 
  "ADD ", 
  "SWAP3 ", 
  "POP ", 
  "POP ", 
  "DUP2 ", 
  "SWAP1 ", 
  "SSTORE ", 
  "POP ", 
  "DUP2 ", 
  "PUSH1 0x04 ", 
  "PUSH1 0x00 ", 
  "DUP3 ", 
  "DUP3 ", 
  "SLOAD ", 
  "ADD ", 
  "SWAP3 ", 
  "POP ", 
  "POP ", 
  "DUP2 ", 
  "SWAP1 ", 
  "SSTORE ", 
  "POP ", 
  "CALLER ", 
  "PUSH20 0xffffffffffffffffffffffffffffffffffffffff ", 
  "AND ", 
  "PUSH32 0x83955bb22926704dd95ca18aa707bda6cb1a42dadff1bce6da1afc262a08cbdb ", 
  "CALLVALUE ", 
  "DUP5 ", 
  "PUSH1 0x40 ", 
  "MLOAD ", 
  "SWAP1 ", 
  "DUP4 ", 
  "DUP2 ", 
  "MSTORE ", 
  "PUSH1 0x20 ", 
  "ADD ", 
  "DUP3 ", 
  "DUP2 ", 
  "MSTORE ", 
  "PUSH1 0x20 ", 
  "ADD ", 
  "SWAP3 ", 
  "POP ", 
  "POP ", 
  "POP ", 
  "PUSH1 0x40 ", 
  "MLOAD ", 
  "DUP1 ", 
  "SWAP2 ", 
  "SUB ", 
  "SWAP1 ", 
  "LOG2 ", 
  "POP ", 
  "POP ", 
  "JUMP ", 
  "JUMPDEST ", 
  "POP ", 
  "POP ", 
  "JUMP ", 
  "DUP1 ", 
  "EXTCODESIZE ", 
  "JUMPDEST ", 
  "MUL ", 
  "SWAP2 ", 
  "POP ", 
  "JUMPDEST ", 
  "STOP ", 
  "DUP3 ", 
  "GT ", 
  "ISZERO ", 
  "ISZERO ", 
  "PUSH2 0x1b12 ", 
  "JUMPI ", 
  "PUSH1 0x00 ", 
  "DUP1 ", 
  "REVERT ", 
  "JUMPDEST ", 
  "PUSH1 0x05 ", 
  "PUSH1 0x00 ", 
  "SWAP1 ", 
  "SLOAD ", 
  "SWAP1 ", 
  "PUSH2 0x0100 ", 
  "EXP ", 
  "SWAP1 ", 
  "DIV ", 
  "PUSH20 0xffffffffffffffffffffffffffffffffffffffff ", 
  "AND ", 
  "PUSH20 0xffffffffffffffffffffffffffffffffffffffff ", 
  "AND ", 
  "PUSH4 0x40c10f19 ", 
  "CALLER ", 
  "DUP5 ", 
  "PUSH1 0x40 ", 
  "MLOAD ", 
  "DUP4 ", 
  "PUSH4 0xffffffff ", 
  "AND ", 
  "PUSH29 0x0100000000000000000000000000000000000000000000000000000000 ", 
  "STOP ", 
  "MUL ", 
  "DUP2 ", 
  "MSTORE ", 
  "PUSH1 0x04 ", 
  "ADD ", 
  "DUP1 ", 
  "DUP4 ", 
  "PUSH20 0xffffffffffffffffffffffffffffffffffffffff ", 
  "DUP1 ", 
  "JUMPDEST ", 
  "STOP ", 
  "AND ", 
  "PUSH20 0xffffffffffffffffffffffffffffffffffffffff ", 
  "AND ", 
  "DUP2 ", 
  "MSTORE ", 
  "PUSH1 0x20 ", 
  "ADD ", 
  "DUP3 ", 
  "DUP2 ", 
  "MSTORE ", 
  "PUSH1 0x20 ", 
  "ADD ", 
  "SWAP3 ", 
  "POP ", 
  "POP ", 
  "POP ", 
  "PUSH1 0x00 ", 
  "PUSH1 0x40 ", 
  "MLOAD ", 
  "DUP1 ", 
  "DUP4 ", 
  "SUB ", 
  "DUP2 ", 
  "PUSH1 0x00 ", 
  "DUP8 ", 
  "JUMPDEST ", 
  "STOP ", 
  "ISZERO ", 
  "ISZERO ", 
  "PUSH2 0x1bd6 ", 
  "JUMPI ", 
  "PUSH1 0x00 ", 
  "DUP1 ", 
  "REVERT ", 
  "JUMPDEST ", 
  "GAS ", 
  "CALL ", 
  "ISZERO ", 
  "ISZERO ", 
  "PUSH2 0x1be3 ", 
  "JUMPI ", 
  "PUSH1 0x00 ", 
  "DUP1 ", 
  "REVERT ", 
  "JUMPDEST ", 
  "POP ", 
  "POP ", 
  "POP ", 
  "PUSH19 0xd426e9f24e0f426706a1abf96e375014684c78 ", 
  "PUSH20 0xffffffffffffffffffffffffffffffffffffffff "
 ], 
 "overflow": "\n../contractSrc/0xc6ad7d878e9b178a62b7309e607471a885092c9a.sol:AmbrosusSale:364:5\ntotalSold += msg.value * STANDARD_BUYIN\n^\n../contractSrc/0xc6ad7d878e9b178a62b7309e607471a885092c9a.sol:AmbrosusSale:364:18\nmsg.value * STANDARD_BUYIN\n^\n../contractSrc/0xc6ad7d878e9b178a62b7309e607471a885092c9a.sol:AmbrosusSale:295:5\nsaleRevenue += _etherPaid\n^\n../contractSrc/0xc6ad7d878e9b178a62b7309e607471a885092c9a.sol:AmbrosusSale:439:25\nLOCKED_ALLOCATION_PPM * totalSold\n^\n../contractSrc/0xc6ad7d878e9b178a62b7309e607471a885092c9a.sol:AmbrosusSale:296:5\ntotalSold += _amberSold\n^\n../contractSrc/0xc6ad7d878e9b178a62b7309e607471a885092c9a.sol:AmbrosusSale:363:5\nsaleRevenue += msg.value\n^\n../contractSrc/0xc6ad7d878e9b178a62b7309e607471a885092c9a.sol:AmbrosusSale:438:25\nLIQUID_ALLOCATION_PPM * totalSold\n^\n../contractSrc/0xc6ad7d878e9b178a62b7309e607471a885092c9a.sol:AmbrosusSale:232:53\nbuyin + saleRevenue\n^", 
 "money_concurrency": false, 
 "truncation": false
},"Owned":{
 "execution_paths": "7", 
 "callstack": false, 
 "reentrancy": false, 
 "modulo": false, 
 "division": false, 
 "execution_time": "0.107077121735", 
 "signedness": false, 
 "evm_code_coverage": "99.5", 
 "underflow": false, 
 "time_dependency": false, 
 "assertion_failure": false, 
 "timeout": false, 
 "dead_code": [
  "STOP "
 ], 
 "overflow": false, 
 "money_concurrency": false, 
 "truncation": false
}}