{"ERC20Token":{
 "execution_paths": "45", 
 "callstack": false, 
 "reentrancy": false, 
 "modulo": false, 
 "division": false, 
 "execution_time": "48.3075649738", 
 "signedness": false, 
 "evm_code_coverage": "99.9", 
 "underflow": false, 
 "time_dependency": false, 
 "assertion_failure": false, 
 "timeout": false, 
 "dead_code": [
  "STOP "
 ], 
 "overflow": "\n../contractSrc/0xc789bc5fd3941ef07205f2ee4fa99ae0be1db85a.sol:ERC20Token:56:13\nbalances[_to] += _value\n^\n../contractSrc/0xc789bc5fd3941ef07205f2ee4fa99ae0be1db85a.sol:ERC20Token:66:13\nbalances[_to] += _value\n^", 
 "money_concurrency": false, 
 "truncation": false
},"StandardToken":{
 "execution_paths": "22", 
 "callstack": false, 
 "reentrancy": false, 
 "modulo": false, 
 "division": false, 
 "execution_time": "3.56640100479", 
 "signedness": false, 
 "evm_code_coverage": "99.9", 
 "underflow": false, 
 "time_dependency": false, 
 "assertion_failure": false, 
 "timeout": false, 
 "dead_code": [
  "STOP "
 ], 
 "overflow": "\n../contractSrc/0xc789bc5fd3941ef07205f2ee4fa99ae0be1db85a.sol:StandardToken:56:13\nbalances[_to] += _value\n^\n../contractSrc/0xc789bc5fd3941ef07205f2ee4fa99ae0be1db85a.sol:StandardToken:66:13\nbalances[_to] += _value\n^", 
 "money_concurrency": false, 
 "truncation": false
},"Token":{
 "execution_paths": "14", 
 "callstack": false, 
 "reentrancy": false, 
 "modulo": false, 
 "division": false, 
 "execution_time": "0.207994937897", 
 "signedness": false, 
 "evm_code_coverage": "99.8", 
 "underflow": false, 
 "time_dependency": false, 
 "assertion_failure": false, 
 "timeout": false, 
 "dead_code": [
  "STOP "
 ], 
 "overflow": false, 
 "money_concurrency": false, 
 "truncation": false
}}