{"RGXToken":{
 "execution_paths": "60", 
 "callstack": false, 
 "reentrancy": false, 
 "modulo": false, 
 "division": false, 
 "execution_time": "48.1212770939", 
 "signedness": false, 
 "evm_code_coverage": "94.7", 
 "underflow": "\n../contractSrc/0xc91c786929e86189ce1b4ab5a4ed9d892b8303d9.sol:RGXToken:155:37\n_value - frozenSupply\n^", 
 "time_dependency": false, 
 "assertion_failure": false, 
 "timeout": false, 
 "dead_code": [
  "REVERT ", 
  "JUMPDEST ", 
  "DUP1 ", 
  "PUSH1 0x01 ", 
  "PUSH1 0x00 ", 
  "PUSH1 0x07 ", 
  "PUSH1 0x00 ", 
  "SWAP1 ", 
  "SLOAD ", 
  "SWAP1 ", 
  "PUSH2 0x0100 ", 
  "EXP ", 
  "SWAP1 ", 
  "DIV ", 
  "PUSH20 0xffffffffffffffffffffffffffffffffffffffff ", 
  "AND ", 
  "PUSH20 0xffffffffffffffffffffffffffffffffffffffff ", 
  "AND ", 
  "PUSH20 0xffffffffffffffffffffffffffffffffffffffff ", 
  "AND ", 
  "DUP2 ", 
  "MSTORE ", 
  "PUSH1 0x20 ", 
  "ADD ", 
  "SWAP1 ", 
  "DUP2 ", 
  "MSTORE ", 
  "PUSH1 0x20 ", 
  "ADD ", 
  "PUSH1 0x00 ", 
  "SHA3 ", 
  "PUSH1 0x00 ", 
  "DUP3 ", 
  "DUP3 ", 
  "SLOAD ", 
  "SUB ", 
  "SWAP3 ", 
  "POP ", 
  "POP ", 
  "DUP2 ", 
  "SWAP1 ", 
  "SSTORE ", 
  "POP ", 
  "DUP1 ", 
  "PUSH1 0x01 ", 
  "PUSH1 0x00 ", 
  "CALLER ", 
  "PUSH20 0xffffffffffffffffffffffffffffffffffffffff ", 
  "AND ", 
  "PUSH20 0xffffffffffffffffffffffffffffffffffffffff ", 
  "AND ", 
  "DUP2 ", 
  "MSTORE ", 
  "PUSH1 0x20 ", 
  "ADD ", 
  "SWAP1 ", 
  "DUP2 ", 
  "MSTORE ", 
  "PUSH1 0x20 ", 
  "ADD ", 
  "PUSH1 0x00 ", 
  "SHA3 ", 
  "PUSH1 0x00 ", 
  "DUP3 ", 
  "DUP3 ", 
  "SLOAD ", 
  "ADD ", 
  "SWAP3 ", 
  "POP ", 
  "POP ", 
  "DUP2 ", 
  "SWAP1 ", 
  "SSTORE ", 
  "POP ", 
  "CALLER ", 
  "PUSH20 0xffffffffffffffffffffffffffffffffffffffff ", 
  "AND ", 
  "PUSH1 0x07 ", 
  "PUSH1 0x00 ", 
  "SWAP1 ", 
  "SLOAD ", 
  "SWAP1 ", 
  "PUSH2 0x0100 ", 
  "EXP ", 
  "SWAP1 ", 
  "DIV ", 
  "PUSH20 0xffffffffffffffffffffffffffffffffffffffff ", 
  "AND ", 
  "PUSH20 0xffffffffffffffffffffffffffffffffffffffff ", 
  "AND ", 
  "PUSH32 0xddf252ad1be2c89b69c2b068fc378daa952ba7f163c4a11628f55a4df523b3ef ", 
  "DUP4 ", 
  "PUSH1 0x40 ", 
  "MLOAD ", 
  "DUP1 ", 
  "DUP3 ", 
  "DUP2 ", 
  "MSTORE ", 
  "PUSH1 0x20 ", 
  "ADD ", 
  "SWAP2 ", 
  "POP ", 
  "POP ", 
  "PUSH1 0x40 ", 
  "MLOAD ", 
  "DUP1 ", 
  "SWAP2 ", 
  "SUB ", 
  "SWAP1 ", 
  "LOG3 ", 
  "POP ", 
  "STOP ", 
  "JUMPDEST ", 
  "STOP ", 
  "STOP ", 
  "POP ", 
  "PUSH1 0x00 ", 
  "DUP2 ", 
  "GT ", 
  "JUMPDEST ", 
  "ISZERO ", 
  "ISZERO ", 
  "PUSH2 0x0201 ", 
  "JUMPI ", 
  "PUSH1 0x00 ", 
  "DUP1 "
 ], 
 "overflow": "\n../contractSrc/0xc91c786929e86189ce1b4ab5a4ed9d892b8303d9.sol:RGXToken:70:13\nbalances[_to] += _value\n^\n../contractSrc/0xc91c786929e86189ce1b4ab5a4ed9d892b8303d9.sol:RGXToken:80:13\nbalances[_to] += _value\n^", 
 "money_concurrency": "\nFlow 1:\n../contractSrc/0xc91c786929e86189ce1b4ab5a4ed9d892b8303d9.sol:RGXToken:193:9\nmsg.sender.transfer(this.balance)\n^\nFlow 2:", 
 "truncation": false
},"StandardToken":{
 "execution_paths": "22", 
 "callstack": false, 
 "reentrancy": false, 
 "modulo": false, 
 "division": false, 
 "execution_time": "3.48715209961", 
 "signedness": false, 
 "evm_code_coverage": "99.9", 
 "underflow": false, 
 "time_dependency": false, 
 "assertion_failure": false, 
 "timeout": false, 
 "dead_code": [
  "STOP "
 ], 
 "overflow": "\n../contractSrc/0xc91c786929e86189ce1b4ab5a4ed9d892b8303d9.sol:StandardToken:70:13\nbalances[_to] += _value\n^\n../contractSrc/0xc91c786929e86189ce1b4ab5a4ed9d892b8303d9.sol:StandardToken:80:13\nbalances[_to] += _value\n^", 
 "money_concurrency": false, 
 "truncation": false
}}