{"CredoIco":{
 "execution_paths": "68", 
 "callstack": false, 
 "reentrancy": false, 
 "modulo": false, 
 "division": false, 
 "execution_time": "21.9145648479", 
 "signedness": false, 
 "evm_code_coverage": "94.1", 
 "underflow": false, 
 "time_dependency": false, 
 "assertion_failure": false, 
 "timeout": false, 
 "dead_code": [
  "LT ", 
  "ISZERO ", 
  "DUP1 ", 
  "ISZERO ", 
  "PUSH2 0x120d ", 
  "JUMPI ", 
  "POP ", 
  "DUP4 ", 
  "DUP3 ", 
  "LT ", 
  "ISZERO ", 
  "JUMPDEST ", 
  "PUSH2 0x121c ", 
  "JUMP ", 
  "JUMPDEST ", 
  "DUP1 ", 
  "JUMPDEST ", 
  "SWAP2 ", 
  "POP ", 
  "PUSH2 0x1022 ", 
  "SWAP2 ", 
  "POP ", 
  "PUSH1 0x00 ", 
  "JUMP ", 
  "SLOAD ", 
  "DUP4 ", 
  "PUSH2 0x11f2 ", 
  "JUMP ", 
  "JUMPDEST ", 
  "SWAP1 ", 
  "POP ", 
  "DUP1 ", 
  "PUSH1 0x12 ", 
  "PUSH1 0x0a ", 
  "EXP ", 
  "PUSH4 0x165d1900 ", 
  "MUL ", 
  "LT ", 
  "ISZERO ", 
  "PUSH2 0x103b ", 
  "JUMPI ", 
  "PUSH1 0x00 ", 
  "DUP1 ", 
  "REVERT ", 
  "JUMPDEST ", 
  "DUP1 ", 
  "PUSH1 0x00 ", 
  "DUP2 ", 
  "SWAP1 ", 
  "SSTORE ", 
  "POP ", 
  "DUP2 ", 
  "PUSH1 0x01 ", 
  "PUSH1 0x00 ", 
  "CALLER ", 
  "PUSH20 0xffffffffffffffffffffffffffffffffffffffff ", 
  "AND ", 
  "PUSH20 0xffffffffffffffffffffffffffffffffffffffff ", 
  "AND ", 
  "DUP2 ", 
  "MSTORE ", 
  "PUSH1 0x20 ", 
  "ADD ", 
  "SWAP1 ", 
  "DUP2 ", 
  "MSTORE ", 
  "PUSH1 0x20 ", 
  "ADD ", 
  "PUSH1 0x00 ", 
  "SHA3 ", 
  "PUSH1 0x00 ", 
  "DUP3 ", 
  "DUP3 ", 
  "SLOAD ", 
  "ADD ", 
  "SWAP3 ", 
  "POP ", 
  "POP ", 
  "DUP2 ", 
  "SWAP1 ", 
  "SSTORE ", 
  "POP ", 
  "CALLER ", 
  "PUSH20 0xffffffffffffffffffffffffffffffffffffffff ", 
  "POP ", 
  "AND ", 
  "PUSH32 0xd7ef4a04aefa1b36e780ca009cdffba0abcc167f6eb3239a475e738586585338 ", 
  "DUP4 ", 
  "PUSH1 0x40 ", 
  "MLOAD ", 
  "DUP1 ", 
  "DUP3 ", 
  "DUP2 ", 
  "MSTORE ", 
  "PUSH1 0x20 ", 
  "ADD ", 
  "SWAP2 ", 
  "POP ", 
  "POP ", 
  "PUSH1 0x40 ", 
  "MLOAD ", 
  "DUP1 ", 
  "SWAP2 ", 
  "SUB ", 
  "SWAP1 ", 
  "LOG2 ", 
  "POP ", 
  "POP ", 
  "JUMP ", 
  "SWAP2 ", 
  "STOP ", 
  "POP ", 
  "POP ", 
  "SWAP3 ", 
  "JUMPDEST ", 
  "STOP ", 
  "JUMPDEST ", 
  "STOP ", 
  "JUMPDEST ", 
  "POP ", 
  "POP ", 
  "JUMP ", 
  "JUMPDEST ", 
  "DUP1 ", 
  "SWAP2 ", 
  "POP ", 
  "POP ", 
  "SWAP3 ", 
  "SWAP2 ", 
  "POP ", 
  "POP ", 
  "JUMP ", 
  "JUMPDEST ", 
  "PUSH1 0x00 ", 
  "DUP1 ", 
  "DUP3 ", 
  "DUP5 ", 
  "ADD ", 
  "SWAP1 ", 
  "POP ", 
  "PUSH2 0x1212 ", 
  "DUP5 ", 
  "DUP3 "
 ], 
 "overflow": "\n../contractSrc/0xd6a81d7a8b4d1cc947138d9e4aca5d3cde33a170.sol:CredoIco:63:9\nbalances[_to] += _value\n^\n../contractSrc/0xd6a81d7a8b4d1cc947138d9e4aca5d3cde33a170.sol:CredoIco:73:9\nbalances[_to] += _value\n^", 
 "money_concurrency": "\nFlow 1:\n../contractSrc/0xd6a81d7a8b4d1cc947138d9e4aca5d3cde33a170.sol:CredoIco:164:12\netherProceedsAccount.send(this.balance)\n^\nFlow 2:\n../contractSrc/0xd6a81d7a8b4d1cc947138d9e4aca5d3cde33a170.sol:CredoIco:164:12\netherProceedsAccount.send(this.balance)\n^", 
 "truncation": false
},"SafeMath":{
 "execution_paths": "1", 
 "callstack": false, 
 "reentrancy": false, 
 "modulo": false, 
 "division": false, 
 "execution_time": "0.00565910339355", 
 "signedness": false, 
 "evm_code_coverage": "100.0", 
 "underflow": false, 
 "time_dependency": false, 
 "assertion_failure": false, 
 "timeout": false, 
 "dead_code": [], 
 "overflow": false, 
 "money_concurrency": false, 
 "truncation": false
},"StandardToken":{
 "execution_paths": "22", 
 "callstack": false, 
 "reentrancy": false, 
 "modulo": false, 
 "division": false, 
 "execution_time": "3.25210309029", 
 "signedness": false, 
 "evm_code_coverage": "99.9", 
 "underflow": false, 
 "time_dependency": false, 
 "assertion_failure": false, 
 "timeout": false, 
 "dead_code": [
  "STOP "
 ], 
 "overflow": "\n../contractSrc/0xd6a81d7a8b4d1cc947138d9e4aca5d3cde33a170.sol:StandardToken:63:9\nbalances[_to] += _value\n^\n../contractSrc/0xd6a81d7a8b4d1cc947138d9e4aca5d3cde33a170.sol:StandardToken:73:9\nbalances[_to] += _value\n^", 
 "money_concurrency": false, 
 "truncation": false
}}