{"Beni":{
 "execution_paths": "34", 
 "callstack": false, 
 "reentrancy": false, 
 "modulo": false, 
 "division": false, 
 "execution_time": "55.9785158634", 
 "signedness": false, 
 "evm_code_coverage": "58.4", 
 "underflow": false, 
 "time_dependency": false, 
 "assertion_failure": false, 
 "timeout": true, 
 "dead_code": [
  "JUMP ", 
  "SLOAD ", 
  "PUSH20 0xffffffffffffffffffffffffffffffffffffffff ", 
  "JUMPDEST ", 
  "PUSH1 0x00 ", 
  "DUP2 ", 
  "DUP1 ", 
  "SWAP2 ", 
  "SWAP1 ", 
  "PUSH2 0x0100 ", 
  "SUB ", 
  "JUMPDEST ", 
  "EXP ", 
  "PUSH32 0x48335238b4855f35377ed80f164e8c6f3c366e54ac00b96a6402d4a9814a03a5 ", 
  "SWAP1 ", 
  "SWAP3 ", 
  "POP ", 
  "POP ", 
  "DUP2 ", 
  "SWAP1 ", 
  "SSTORE ", 
  "POP ", 
  "CALLER ", 
  "PUSH20 0xffffffffffffffffffffffffffffffffffffffff ", 
  "AND ", 
  "PUSH1 0x00 ", 
  "DUP1 ", 
  "SWAP1 ", 
  "SLOAD ", 
  "SWAP1 ", 
  "PUSH2 0x0100 ", 
  "EXP ", 
  "SWAP1 ", 
  "DIV ", 
  "PUSH20 0xffffffffffffffffffffffffffffffffffffffff ", 
  "PUSH1 0x20 ", 
  "PUSH1 0x00 ", 
  "DUP2 ", 
  "AND ", 
  "PUSH20 0xffffffffffffffffffffffffffffffffffffffff ", 
  "DUP2 ", 
  "AND ", 
  "PUSH32 0xddf252ad1be2c89b69c2b068fc378daa952ba7f163c4a11628f55a4df523b3ef ", 
  "DUP2 ", 
  "MSTORE ", 
  "MSTORE ", 
  "PUSH1 0x20 ", 
  "DUP1 ", 
  "PUSH4 0xa9059cbb ", 
  "ADD ", 
  "EQ ", 
  "PUSH2 0x04a8 ", 
  "JUMPI ", 
  "DUP1 ", 
  "PUSH4 0xb414d4b6 ", 
  "PUSH1 0x40 ", 
  "PUSH1 0x20 ", 
  "MLOAD ", 
  "DUP1 ", 
  "EQ ", 
  "PUSH2 0x04ea ", 
  "MSTORE ", 
  "PUSH1 0x20 ", 
  "JUMPI ", 
  "DUP1 ", 
  "PUSH4 0xcae9ca51 ", 
  "POP ", 
  "POP ", 
  "PUSH1 0x40 ", 
  "EQ ", 
  "PUSH2 0x053b ", 
  "SWAP2 ", 
  "SUB ", 
  "JUMPI ", 
  "DUP1 ", 
  "PUSH4 0xcbf21837 ", 
  "JUMP ", 
  "JUMPDEST ", 
  "DUP1 ", 
  "PUSH1 0x05 ", 
  "EQ ", 
  "PUSH2 0x05d8 ", 
  "ADD ", 
  "CALLER ", 
  "JUMPI ", 
  "DUP1 ", 
  "PUSH4 0xdd62ed3e ", 
  "PUSH1 0x00 ", 
  "EQ ", 
  "PUSH2 0x0605 ", 
  "JUMPI ", 
  "DUP1 ", 
  "PUSH4 0xe724529c ", 
  "SHA3 ", 
  "EQ ", 
  "PUSH2 0x0671 ", 
  "AND ", 
  "JUMPI ", 
  "DUP1 ", 
  "PUSH4 0xf2fde38b ", 
  "EQ ", 
  "PUSH2 0x06b5 ", 
  "JUMPI ", 
  "DUP1 ", 
  "PUSH4 0xfc37987b ", 
  "SWAP2 ", 
  "EQ ", 
  "PUSH2 0x06ee ", 
  "REVERT ", 
  "AND ", 
  "JUMPI ", 
  "DUP1 ", 
  "PUSH4 0xfce3bbb5 ", 
  "ADD ", 
  "SWAP1 ", 
  "DUP2 ", 
  "EQ ", 
  "PUSH2 0x0717 ", 
  "ADD ", 
  "JUMPI ", 
  "MSTORE ", 
  "SHA3 ", 
  "SLOAD ", 
  "LT ", 
  "ISZERO ", 
  "PUSH2 0x112a ", 
  "JUMPI ", 
  "PUSH1 0x00 ", 
  "DUP1 ", 
  "REVERT ", 
  "JUMPDEST ", 
  "PUSH1 0x05 ", 
  "PUSH1 0x00 ", 
  "DUP4 ", 
  "PUSH20 0xffffffffffffffffffffffffffffffffffffffff ", 
  "MUL ", 
  "EXP ", 
  "AND ", 
  "PUSH20 0xffffffffffffffffffffffffffffffffffffffff ", 
  "AND ", 
  "SWAP1 ", 
  "DUP4 ", 
  "AND ", 
  "AND ", 
  "DUP2 ", 
  "MSTORE ", 
  "PUSH1 0x20 ", 
  "CALLER ", 
  "ADD ", 
  "SWAP1 ", 
  "DUP2 ", 
  "MSTORE ", 
  "PUSH1 0x20 ", 
  "PUSH20 0xffffffffffffffffffffffffffffffffffffffff ", 
  "ADD ", 
  "PUSH1 0x00 ", 
  "SHA3 ", 
  "SLOAD ", 
  "DUP2 ", 
  "PUSH1 0x05 ", 
  "OR ", 
  "PUSH1 0x00 ", 
  "DUP6 ", 
  "PUSH20 0xffffffffffffffffffffffffffffffffffffffff ", 
  "DIV ", 
  "SWAP1 ", 
  "JUMPI ", 
  "POP ", 
  "DUP2 ", 
  "AND ", 
  "PUSH20 0xffffffffffffffffffffffffffffffffffffffff ", 
  "AND ", 
  "DUP2 ", 
  "MSTORE ", 
  "PUSH1 0x20 ", 
  "ADD ", 
  "SWAP1 ", 
  "DUP2 ", 
  "MSTORE ", 
  "PUSH1 0x20 ", 
  "JUMPDEST ", 
  "ADD ", 
  "PUSH1 0x00 ", 
  "SHA3 ", 
  "SLOAD ", 
  "ADD ", 
  "LT ", 
  "ISZERO ", 
  "PUSH2 0x11b7 ", 
  "JUMPI ", 
  "PUSH1 0x00 ", 
  "DUP1 ", 
  "REVERT ", 
  "JUMPDEST ", 
  "PUSH1 0x09 ", 
  "PUSH1 0x00 ", 
  "PUSH20 0xffffffffffffffffffffffffffffffffffffffff ", 
  "CALLER ", 
  "PUSH20 0xffffffffffffffffffffffffffffffffffffffff ", 
  "PUSH1 0x00 ", 
  "AND ", 
  "PUSH20 0xffffffffffffffffffffffffffffffffffffffff ", 
  "CALLER ", 
  "PUSH1 0x00 ", 
  "AND ", 
  "AND ", 
  "DUP2 ", 
  "MSTORE ", 
  "PUSH1 0x20 ", 
  "ADD ", 
  "SWAP1 ", 
  "DUP2 ", 
  "MSTORE ", 
  "PUSH1 0x20 ", 
  "ADD ", 
  "PUSH1 0x00 ", 
  "SHA3 ", 
  "PUSH1 0x00 ", 
  "SWAP1 ", 
  "SLOAD ", 
  "SWAP1 ", 
  "PUSH2 0x0100 ", 
  "EXP ", 
  "SWAP1 ", 
  "DIV ", 
  "PUSH1 0xff ", 
  "AND ", 
  "ISZERO ", 
  "PUSH2 0x120e ", 
  "JUMPI ", 
  "PUSH1 0x00 ", 
  "DUP1 ", 
  "REVERT ", 
  "JUMPDEST ", 
  "DUP1 ", 
  "PUSH1 0x05 ", 
  "PUSH1 0x00 ", 
  "CALLER ", 
  "PUSH20 0xffffffffffffffffffffffffffffffffffffffff ", 
  "SWAP1 ", 
  "PUSH1 0x00 ", 
  "PUSH20 0xffffffffffffffffffffffffffffffffffffffff ", 
  "AND ", 
  "REVERT ", 
  "AND ", 
  "PUSH20 0xffffffffffffffffffffffffffffffffffffffff ", 
  "DUP1 ", 
  "DUP1 ", 
  "AND ", 
  "DUP2 ", 
  "MSTORE ", 
  "PUSH1 0x20 ", 
  "ADD ", 
  "SWAP1 ", 
  "DUP2 ", 
  "MSTORE ", 
  "PUSH1 0x20 ", 
  "ADD ", 
  "PUSH1 0x00 ", 
  "SHA3 ", 
  "PUSH1 0x00 ", 
  "DUP3 ", 
  "DUP3 ", 
  "SLOAD ", 
  "POP ", 
  "SWAP3 ", 
  "POP ", 
  "POP ", 
  "DUP2 ", 
  "SWAP1 ", 
  "SSTORE ", 
  "POP ", 
  "DUP1 ", 
  "PUSH1 0x05 ", 
  "PUSH1 0x00 ", 
  "DUP5 ", 
  "PUSH20 0xffffffffffffffffffffffffffffffffffffffff ", 
  "ISZERO ", 
  "DUP2 ", 
  "PUSH20 0xffffffffffffffffffffffffffffffffffffffff ", 
  "SLOAD ", 
  "DUP4 ", 
  "DUP2 ", 
  "POP ", 
  "PUSH20 0xffffffffffffffffffffffffffffffffffffffff ", 
  "AND ", 
  "PUSH20 0xffffffffffffffffffffffffffffffffffffffff ", 
  "PUSH1 0xff ", 
  "POP ", 
  "MUL ", 
  "NOT ", 
  "AND ", 
  "DUP2 ", 
  "MSTORE ", 
  "PUSH1 0x20 ", 
  "AND ", 
  "ADD ", 
  "SWAP1 ", 
  "DUP2 ", 
  "MSTORE ", 
  "PUSH1 0x20 ", 
  "PUSH1 0x00 ", 
  "ADD ", 
  "PUSH1 0x00 ", 
  "SHA3 ", 
  "PUSH1 0x00 ", 
  "DUP4 ", 
  "DUP3 ", 
  "DUP3 ", 
  "SLOAD ", 
  "ADD ", 
  "SWAP3 ", 
  "POP ", 
  "POP ", 
  "DUP2 ", 
  "SWAP1 ", 
  "SSTORE ", 
  "POP ", 
  "DUP2 ", 
  "PUSH20 0xffffffffffffffffffffffffffffffffffffffff ", 
  "MUL ", 
  "POP ", 
  "OR ", 
  "SWAP1 ", 
  "POP ", 
  "AND ", 
  "CALLER ", 
  "PUSH20 0xffffffffffffffffffffffffffffffffffffffff ", 
  "PUSH2 0x0100 ", 
  "JUMPDEST ", 
  "SWAP1 ", 
  "POP ", 
  "POP ", 
  "PUSH1 0x00 ", 
  "JUMP ", 
  "ISZERO ", 
  "AND ", 
  "PUSH32 0xddf252ad1be2c89b69c2b068fc378daa952ba7f163c4a11628f55a4df523b3ef ", 
  "JUMP ", 
  "SLOAD ", 
  "AND ", 
  "DUP4 ", 
  "PUSH1 0x40 ", 
  "JUMPI ", 
  "MLOAD ", 
  "DUP1 ", 
  "DUP3 ", 
  "DUP2 ", 
  "MSTORE ", 
  "PUSH1 0x20 ", 
  "ADD ", 
  "SWAP2 ", 
  "POP ", 
  "POP ", 
  "PUSH1 0x40 ", 
  "MLOAD ", 
  "PUSH1 0x00 ", 
  "SWAP2 ", 
  "SUB ", 
  "SWAP1 ", 
  "LOG3 ", 
  "POP ", 
  "POP ", 
  "JUMP ", 
  "JUMPDEST ", 
  "PUSH1 0x09 ", 
  "PUSH1 0x20 ", 
  "MSTORE ", 
  "MSTORE ", 
  "DUP1 ", 
  "PUSH1 0x00 ", 
  "MSTORE ", 
  "PUSH1 0x40 ", 
  "PUSH1 0x00 ", 
  "SHA3 ", 
  "PUSH1 0x00 ", 
  "SWAP2 ", 
  "POP ", 
  "SLOAD ", 
  "SWAP1 ", 
  "PUSH2 0x0100 ", 
  "EXP ", 
  "SWAP1 ", 
  "DIV ", 
  "PUSH1 0xff ", 
  "AND ", 
  "DUP2 ", 
  "JUMP ", 
  "JUMPDEST ", 
  "PUSH1 0x00 ", 
  "DUP1 ", 
  "DUP5 ", 
  "SWAP1 ", 
  "POP ", 
  "PUSH2 0x1341 ", 
  "DUP6 ", 
  "DUP6 ", 
  "PUSH2 0x07da ", 
  "JUMP ", 
  "JUMPDEST ", 
  "ISZERO ", 
  "PUSH2 0x14a2 ", 
  "JUMPI ", 
  "DUP1 ", 
  "PUSH20 0xffffffffffffffffffffffffffffffffffffffff ", 
  "DIV ", 
  "DUP1 ", 
  "AND ", 
  "PUSH4 0x8f4ffcb1 ", 
  "CALLER ", 
  "DUP7 ", 
  "ADDRESS ", 
  "DUP8 ", 
  "PUSH1 0x40 ", 
  "MLOAD ", 
  "DUP6 ", 
  "PUSH4 0xffffffff ", 
  "AND ", 
  "PUSH29 0x0100000000000000000000000000000000000000000000000000000000 ", 
  "DUP1 ", 
  "PUSH1 0x00 ", 
  "DUP2 ", 
  "MSTORE ", 
  "JUMP ", 
  "MUL ", 
  "DUP2 ", 
  "MSTORE ", 
  "PUSH1 0x04 ", 
  "ADD ", 
  "DUP1 ", 
  "DUP6 ", 
  "PUSH20 0xffffffffffffffffffffffffffffffffffffffff ", 
  "DUP3 ", 
  "ISZERO ", 
  "ISZERO ", 
  "SWAP1 ", 
  "AND ", 
  "PUSH20 0xffffffffffffffffffffffffffffffffffffffff ", 
  "JUMP ", 
  "ISZERO ", 
  "SWAP2 ", 
  "DUP2 ", 
  "SWAP1 ", 
  "AND ", 
  "DUP2 ", 
  "MSTORE ", 
  "PUSH1 0x20 ", 
  "ADD ", 
  "DUP5 ", 
  "DUP2 ", 
  "MSTORE ", 
  "PUSH1 0x20 ", 
  "PUSH1 0x08 ", 
  "ADD ", 
  "DUP4 ", 
  "PUSH20 0xffffffffffffffffffffffffffffffffffffffff ", 
  "PUSH1 0x20 ", 
  "SLOAD ", 
  "SWAP1 ", 
  "SWAP4 ", 
  "SWAP3 ", 
  "AND ", 
  "PUSH20 0xffffffffffffffffffffffffffffffffffffffff ", 
  "PUSH2 0x0100 ", 
  "POP ", 
  "POP ", 
  "SWAP1 ", 
  "PUSH1 0x40 ", 
  "POP ", 
  "DUP1 ", 
  "POP ", 
  "PUSH1 0x40 ", 
  "AND ", 
  "DUP2 ", 
  "MSTORE ", 
  "PUSH1 0x20 ", 
  "ADD ", 
  "DUP1 ", 
  "PUSH1 0x20 ", 
  "ADD ", 
  "DUP3 ", 
  "DUP2 ", 
  "SUB ", 
  "DUP3 ", 
  "MSTORE ", 
  "DUP4 ", 
  "DUP2 ", 
  "DUP2 ", 
  "MLOAD ", 
  "DUP2 ", 
  "MSTORE ", 
  "PUSH1 0x20 ", 
  "ADD ", 
  "SWAP2 ", 
  "POP ", 
  "DUP1 ", 
  "MLOAD ", 
  "SWAP1 ", 
  "PUSH1 0x20 ", 
  "ADD ", 
  "SWAP1 ", 
  "DUP1 ", 
  "DUP4 ", 
  "DUP4 ", 
  "PUSH1 0x00 ", 
  "SWAP3 ", 
  "JUMPDEST ", 
  "DUP4 ", 
  "DUP2 ", 
  "LT ", 
  "ISZERO ", 
  "PUSH2 0x143b ", 
  "SLOAD ", 
  "JUMPI ", 
  "DUP1 ", 
  "DUP3 ", 
  "ADD ", 
  "MLOAD ", 
  "DUP2 ", 
  "DUP5 ", 
  "ADD ", 
  "MSTORE ", 
  "PUSH1 0x20 ", 
  "MUL ", 
  "DUP2 ", 
  "ADD ", 
  "SWAP1 ", 
  "POP ", 
  "PUSH2 0x1420 ", 
  "POP ", 
  "JUMP ", 
  "JUMPDEST ", 
  "POP ", 
  "POP ", 
  "POP ", 
  "POP ", 
  "SWAP1 ", 
  "POP ", 
  "SWAP1 ", 
  "DUP2 ", 
  "ADD ", 
  "SWAP1 ", 
  "PUSH1 0x1f ", 
  "AND ", 
  "DUP1 ", 
  "ISZERO ", 
  "PUSH2 0x1468 ", 
  "JUMPI ", 
  "DUP1 ", 
  "DUP3 ", 
  "SUB ", 
  "DUP1 ", 
  "MLOAD ", 
  "PUSH1 0x01 ", 
  "SWAP1 ", 
  "DUP4 ", 
  "PUSH1 0x20 ", 
  "SUB ", 
  "PUSH2 0x0100 ", 
  "PUSH2 0x0100 ", 
  "EXP ", 
  "SUB ", 
  "NOT ", 
  "AND ", 
  "DUP2 ", 
  "MSTORE ", 
  "PUSH1 0x20 ", 
  "ADD ", 
  "SWAP2 ", 
  "POP ", 
  "JUMPDEST ", 
  "POP ", 
  "SWAP6 ", 
  "POP ", 
  "POP ", 
  "POP ", 
  "POP ", 
  "POP ", 
  "POP ", 
  "PUSH1 0x00 ", 
  "PUSH1 0x40 ", 
  "MLOAD ", 
  "DUP1 ", 
  "DUP4 ", 
  "SUB ", 
  "DUP2 ", 
  "PUSH1 0x00 ", 
  "DUP8 ", 
  "DUP1 ", 
  "EXTCODESIZE ", 
  "ISZERO ", 
  "ISZERO ", 
  "PUSH2 0x1489 ", 
  "PUSH2 0x0100 ", 
  "JUMPI ", 
  "PUSH1 0x00 ", 
  "DUP1 ", 
  "REVERT ", 
  "JUMPDEST ", 
  "GAS ", 
  "CALL ", 
  "ISZERO ", 
  "ISZERO ", 
  "PUSH2 0x1496 ", 
  "JUMPI ", 
  "PUSH1 0x00 ", 
  "MSTORE ", 
  "DUP1 ", 
  "REVERT ", 
  "JUMPDEST ", 
  "POP ", 
  "POP ", 
  "POP ", 
  "PUSH1 0x01 ", 
  "SWAP2 ", 
  "POP ", 
  "PUSH2 0x14a3 ", 
  "ADD ", 
  "JUMPDEST ", 
  "JUMPDEST ", 
  "POP ", 
  "DUP4 ", 
  "JUMPDEST ", 
  "STOP ", 
  "JUMPDEST ", 
  "CALLVALUE ", 
  "ISZERO ", 
  "PUSH2 0x04b3 ", 
  "PUSH1 0x08 ", 
  "JUMPI ", 
  "PUSH1 0x00 ", 
  "SWAP1 ", 
  "DUP1 ", 
  "REVERT ", 
  "JUMPDEST ", 
  "PUSH2 0x04e8 ", 
  "JUMPDEST ", 
  "EXP ", 
  "PUSH1 0x04 ", 
  "DIV ", 
  "DUP1 ", 
  "DUP1 ", 
  "CALLDATALOAD ", 
  "PUSH20 0xffffffffffffffffffffffffffffffffffffffff ", 
  "JUMP ", 
  "JUMPDEST ", 
  "PUSH1 0x06 ", 
  "PUSH1 0x20 ", 
  "DUP3 ", 
  "DUP2 ", 
  "PUSH1 0x00 ", 
  "MSTORE ", 
  "PUSH1 0x40 ", 
  "DUP2 ", 
  "PUSH1 0x00 ", 
  "SHA3 ", 
  "PUSH1 0x20 ", 
  "MSTORE ", 
  "DUP1 ", 
  "AND ", 
  "SWAP1 ", 
  "PUSH1 0x20 ", 
  "PUSH1 0x40 ", 
  "ADD ", 
  "SWAP1 ", 
  "SWAP2 ", 
  "SWAP1 ", 
  "DUP1 ", 
  "CALLDATALOAD ", 
  "SWAP1 ", 
  "PUSH1 0x20 ", 
  "SWAP2 ", 
  "ADD ", 
  "SWAP1 ", 
  "SWAP2 ", 
  "SWAP1 ", 
  "POP ", 
  "POP ", 
  "PUSH2 0x10de ", 
  "DUP1 ", 
  "JUMP ", 
  "JUMPDEST ", 
  "STOP ", 
  "JUMPDEST ", 
  "CALLVALUE ", 
  "ISZERO ", 
  "PUSH2 0x04f5 ", 
  "SWAP1 ", 
  "DIV ", 
  "JUMPI ", 
  "PUSH1 0x00 ", 
  "SUB ", 
  "DUP1 ", 
  "REVERT ", 
  "JUMPDEST ", 
  "PUSH2 0x0521 ", 
  "PUSH1 0x04 ", 
  "DUP1 ", 
  "DUP1 ", 
  "CALLDATALOAD ", 
  "PUSH20 0xffffffffffffffffffffffffffffffffffffffff ", 
  "DUP2 ", 
  "ADD ", 
  "MLOAD ", 
  "PUSH20 0xffffffffffffffffffffffffffffffffffffffff ", 
  "DUP1 ", 
  "PUSH1 0x00 ", 
  "SWAP1 ", 
  "SHA3 ", 
  "AND ", 
  "SWAP1 ", 
  "PUSH1 0x20 ", 
  "PUSH2 0x0100 ", 
  "ADD ", 
  "SWAP1 ", 
  "SWAP2 ", 
  "SWAP1 ", 
  "POP ", 
  "POP ", 
  "PUSH2 0x1311 ", 
  "JUMP ", 
  "JUMPDEST ", 
  "PUSH1 0x40 ", 
  "LOG3 ", 
  "MLOAD ", 
  "DUP1 ", 
  "DUP3 ", 
  "ISZERO ", 
  "ISZERO ", 
  "ISZERO ", 
  "ISZERO ", 
  "DUP2 ", 
  "MSTORE ", 
  "PUSH1 0x20 ", 
  "LOG1 ", 
  "ADD ", 
  "SWAP2 ", 
  "POP ", 
  "POP ", 
  "PUSH1 0x40 ", 
  "ISZERO ", 
  "MLOAD ", 
  "DUP1 ", 
  "SWAP2 ", 
  "SUB ", 
  "SWAP1 ", 
  "RETURN ", 
  "JUMPDEST ", 
  "CALLVALUE ", 
  "ISZERO ", 
  "PUSH2 0x0546 ", 
  "DUP1 ", 
  "PUSH1 0x09 ", 
  "JUMPI ", 
  "PUSH1 0x00 ", 
  "DUP1 ", 
  "REVERT ", 
  "JUMPDEST ", 
  "PUSH2 0x05be ", 
  "PUSH1 0x04 ", 
  "DUP1 ", 
  "DUP1 ", 
  "CALLDATALOAD ", 
  "PUSH20 0xffffffffffffffffffffffffffffffffffffffff ", 
  "JUMPDEST ", 
  "DUP3 ", 
  "PUSH1 0x00 ", 
  "AND ", 
  "PUSH20 0xffffffffffffffffffffffffffffffffffffffff ", 
  "PUSH20 0xffffffffffffffffffffffffffffffffffffffff ", 
  "AND ", 
  "SWAP1 ", 
  "PUSH1 0x20 ", 
  "ADD ", 
  "SWAP1 ", 
  "SWAP2 ", 
  "SWAP1 ", 
  "DUP1 ", 
  "CALLDATALOAD ", 
  "SWAP1 ", 
  "PUSH1 0x20 ", 
  "AND ", 
  "ADD ", 
  "SWAP1 ", 
  "SWAP2 ", 
  "SWAP1 ", 
  "DUP1 ", 
  "CALLDATALOAD ", 
  "SWAP1 ", 
  "PUSH1 0x20 ", 
  "PUSH1 0x20 ", 
  "ADD ", 
  "SWAP1 ", 
  "DUP3 ", 
  "ADD ", 
  "DUP1 ", 
  "CALLDATALOAD ", 
  "SWAP1 ", 
  "PUSH1 0x20 ", 
  "ADD ", 
  "SWAP1 ", 
  "DUP1 ", 
  "DUP1 ", 
  "PUSH1 0x1f ", 
  "PUSH1 0xff ", 
  "ADD ", 
  "PUSH1 0x20 ", 
  "NOT ", 
  "DUP1 ", 
  "SWAP2 ", 
  "DIV ", 
  "MUL ", 
  "PUSH1 0x20 ", 
  "MUL ", 
  "ADD ", 
  "PUSH1 0x40 ", 
  "SSTORE ", 
  "MLOAD ", 
  "SWAP1 ", 
  "DUP2 ", 
  "ADD ", 
  "PUSH1 0x40 ", 
  "MSTORE ", 
  "DUP1 ", 
  "SWAP4 ", 
  "SWAP3 ", 
  "SWAP2 ", 
  "SWAP1 ", 
  "DUP2 ", 
  "DUP2 ", 
  "MSTORE ", 
  "PUSH1 0x20 ", 
  "PUSH2 0x0100 ", 
  "ADD ", 
  "DUP4 ", 
  "DUP4 ", 
  "DUP1 ", 
  "DUP3 ", 
  "DUP5 ", 
  "CALLDATACOPY ", 
  "DUP3 ", 
  "ADD ", 
  "SWAP2 ", 
  "POP ", 
  "POP ", 
  "POP ", 
  "POP ", 
  "POP ", 
  "POP ", 
  "SWAP2 ", 
  "SWAP1 ", 
  "POP ", 
  "POP ", 
  "PUSH2 0x1331 ", 
  "MLOAD ", 
  "DUP1 ", 
  "JUMP ", 
  "JUMPDEST ", 
  "PUSH1 0x40 ", 
  "MLOAD ", 
  "DUP1 ", 
  "DUP3 ", 
  "ISZERO ", 
  "ISZERO ", 
  "ISZERO ", 
  "ISZERO ", 
  "DUP2 ", 
  "MSTORE ", 
  "PUSH1 0x20 ", 
  "ADD ", 
  "SWAP2 ", 
  "POP ", 
  "POP ", 
  "PUSH1 0x40 ", 
  "MLOAD ", 
  "DUP1 ", 
  "SWAP2 ", 
  "SUB ", 
  "SWAP1 ", 
  "RETURN ", 
  "JUMPDEST ", 
  "CALLVALUE ", 
  "ISZERO ", 
  "PUSH2 0x05e3 ", 
  "JUMPI ", 
  "PUSH1 0x00 ", 
  "ISZERO ", 
  "DUP1 ", 
  "REVERT ", 
  "JUMPDEST ", 
  "PUSH2 0x05eb ", 
  "PUSH2 0x14ab ", 
  "AND ", 
  "JUMP ", 
  "JUMPDEST ", 
  "PUSH1 0x40 ", 
  "MLOAD ", 
  "DUP1 ", 
  "DUP3 ", 
  "ISZERO ", 
  "ISZERO ", 
  "ISZERO ", 
  "ISZERO ", 
  "DUP2 ", 
  "MSTORE ", 
  "PUSH1 0x20 ", 
  "ADD ", 
  "ADD ", 
  "SWAP2 ", 
  "POP ", 
  "POP ", 
  "PUSH1 0x40 ", 
  "MLOAD ", 
  "DUP1 ", 
  "SWAP2 ", 
  "SUB ", 
  "SWAP1 ", 
  "RETURN ", 
  "JUMPDEST ", 
  "CALLVALUE ", 
  "ISZERO ", 
  "PUSH2 0x0610 ", 
  "PUSH1 0x00 ", 
  "JUMPI ", 
  "PUSH1 0x00 ", 
  "SLOAD ", 
  "DUP1 ", 
  "REVERT ", 
  "JUMPDEST ", 
  "PUSH2 0x065b ", 
  "EXP ", 
  "SWAP1 ", 
  "PUSH1 0x04 ", 
  "PUSH20 0xffffffffffffffffffffffffffffffffffffffff ", 
  "DUP1 ", 
  "DUP1 ", 
  "CALLDATALOAD ", 
  "PUSH20 0xffffffffffffffffffffffffffffffffffffffff ", 
  "SWAP1 ", 
  "SWAP1 ", 
  "AND ", 
  "PUSH2 0x1663 ", 
  "EXP ", 
  "PUSH20 0xffffffffffffffffffffffffffffffffffffffff ", 
  "AND ", 
  "SWAP1 ", 
  "PUSH1 0x20 ", 
  "ADD ", 
  "SWAP1 ", 
  "SWAP2 ", 
  "SWAP1 ", 
  "DUP1 ", 
  "CALLDATALOAD ", 
  "PUSH20 0xffffffffffffffffffffffffffffffffffffffff ", 
  "PUSH1 0x00 ", 
  "AND ", 
  "CALLER ", 
  "PUSH20 0xffffffffffffffffffffffffffffffffffffffff ", 
  "EXP ", 
  "DUP1 ", 
  "DUP2 ", 
  "AND ", 
  "SWAP1 ", 
  "PUSH1 0x20 ", 
  "ADD ", 
  "SWAP1 ", 
  "SWAP2 ", 
  "SWAP1 ", 
  "POP ", 
  "POP ", 
  "PUSH2 0x14be ", 
  "EQ ", 
  "PUSH1 0xff ", 
  "JUMP ", 
  "JUMPDEST ", 
  "PUSH1 0x40 ", 
  "MLOAD ", 
  "DUP1 ", 
  "DUP3 ", 
  "DUP2 ", 
  "MSTORE ", 
  "PUSH1 0x20 ", 
  "DUP1 ", 
  "ADD ", 
  "SWAP2 ", 
  "POP ", 
  "POP ", 
  "PUSH1 0x40 ", 
  "MLOAD ", 
  "DUP1 ", 
  "SWAP2 ", 
  "SUB ", 
  "SWAP1 ", 
  "RETURN ", 
  "JUMPDEST ", 
  "CALLVALUE ", 
  "ISZERO ", 
  "PUSH2 0x067c ", 
  "JUMPI ", 
  "PUSH1 0x00 ", 
  "DUP1 ", 
  "REVERT ", 
  "JUMPDEST ", 
  "PUSH2 0x06b3 ", 
  "SSTORE ", 
  "PUSH1 0x04 ", 
  "DUP1 ", 
  "DUP1 ", 
  "CALLDATALOAD ", 
  "PUSH20 0xffffffffffffffffffffffffffffffffffffffff ", 
  "AND ", 
  "SWAP1 ", 
  "DUP4 ", 
  "DUP2 ", 
  "SLOAD ", 
  "MSTORE ", 
  "AND ", 
  "PUSH1 0x20 ", 
  "AND ", 
  "SWAP1 ", 
  "PUSH1 0x20 ", 
  "POP ", 
  "ADD ", 
  "SWAP1 ", 
  "SWAP2 ", 
  "SWAP1 ", 
  "DUP1 ", 
  "CALLDATALOAD ", 
  "ISZERO ", 
  "ISZERO ", 
  "SWAP1 ", 
  "PUSH1 0x20 ", 
  "ADD ", 
  "SWAP1 ", 
  "SWAP2 ", 
  "SWAP1 ", 
  "POP ", 
  "POP ", 
  "PUSH2 0x14e3 ", 
  "SWAP1 ", 
  "SLOAD ", 
  "JUMP ", 
  "JUMPDEST ", 
  "STOP ", 
  "JUMPDEST ", 
  "CALLVALUE ", 
  "ISZERO ", 
  "PUSH2 0x06c0 ", 
  "PUSH20 0xffffffffffffffffffffffffffffffffffffffff ", 
  "JUMPI ", 
  "PUSH1 0x00 ", 
  "AND ", 
  "DUP1 ", 
  "REVERT ", 
  "JUMPDEST ", 
  "PUSH2 0x06ec ", 
  "PUSH1 0x04 ", 
  "DUP1 ", 
  "DUP1 ", 
  "CALLDATALOAD ", 
  "PUSH20 0xffffffffffffffffffffffffffffffffffffffff ", 
  "AND ", 
  "PUSH20 0xffffffffffffffffffffffffffffffffffffffff ", 
  "AND ", 
  "SWAP1 ", 
  "PUSH1 0x20 ", 
  "ADD ", 
  "SWAP1 ", 
  "SWAP2 ", 
  "SWAP1 ", 
  "POP ", 
  "POP ", 
  "PUSH2 0x1608 ", 
  "AND ", 
  "JUMP ", 
  "JUMPDEST ", 
  "STOP ", 
  "JUMPDEST ", 
  "CALLVALUE ", 
  "ISZERO ", 
  "PUSH2 0x06f9 ", 
  "JUMPI ", 
  "PUSH1 0x00 ", 
  "DUP1 ", 
  "REVERT ", 
  "JUMPDEST ", 
  "PUSH2 0x0701 ", 
  "AND ", 
  "EQ ", 
  "PUSH2 0x16a6 ", 
  "ISZERO ", 
  "PUSH2 0x1707 ", 
  "JUMP ", 
  "JUMPDEST ", 
  "PUSH1 0x40 ", 
  "PUSH1 0x00 ", 
  "MLOAD ", 
  "DUP1 ", 
  "DUP3 ", 
  "DUP2 ", 
  "MSTORE ", 
  "PUSH1 0x20 ", 
  "ADD ", 
  "SWAP2 ", 
  "POP ", 
  "POP ", 
  "PUSH1 0x40 ", 
  "EXP ", 
  "MLOAD ", 
  "DUP1 ", 
  "SWAP2 ", 
  "SUB ", 
  "SWAP1 ", 
  "RETURN ", 
  "JUMPDEST ", 
  "CALLVALUE ", 
  "ISZERO ", 
  "PUSH2 0x0722 ", 
  "ISZERO ", 
  "ISZERO ", 
  "JUMPI ", 
  "PUSH1 0x00 ", 
  "NOT ", 
  "DUP1 ", 
  "REVERT ", 
  "JUMPDEST ", 
  "PUSH2 0x073a ", 
  "STOP ", 
  "PUSH1 0x04 ", 
  "DUP1 ", 
  "DUP1 ", 
  "CALLDATALOAD ", 
  "ISZERO ", 
  "ISZERO ", 
  "SWAP1 ", 
  "PUSH1 0x20 ", 
  "ADD ", 
  "SWAP1 ", 
  "SWAP2 ", 
  "SWAP1 ", 
  "POP ", 
  "POP ", 
  "PUSH2 0x16ac ", 
  "PUSH20 0xffffffffffffffffffffffffffffffffffffffff ", 
  "JUMP ", 
  "JUMPDEST ", 
  "STOP ", 
  "DUP2 ", 
  "ISZERO ", 
  "ISZERO ", 
  "PUSH2 0x153e ", 
  "EQ ", 
  "JUMPI ", 
  "ISZERO ", 
  "PUSH1 0x00 ", 
  "DUP1 ", 
  "REVERT ", 
  "ISZERO ", 
  "JUMPDEST ", 
  "POP ", 
  "PUSH20 0xffffffffffffffffffffffffffffffffffffffff ", 
  "PUSH1 0x00 ", 
  "PUSH1 0x00 ", 
  "DUP1 ", 
  "REVERT ", 
  "DUP1 ", 
  "DUP5 ", 
  "PUSH20 0xffffffffffffffffffffffffffffffffffffffff ", 
  "MLOAD ", 
  "AND ", 
  "MUL ", 
  "DUP3 ", 
  "OR ", 
  "SWAP1 ", 
  "MSTORE ", 
  "SSTORE ", 
  "JUMP ", 
  "POP ", 
  "POP ", 
  "JUMP ", 
  "JUMPDEST ", 
  "PUSH1 0x07 ", 
  "SLOAD ", 
  "DUP2 "
 ], 
 "overflow": "\n../contractSrc/0xd69371ecd5e8e7dd09582ce88bd6bde81526f3c2.sol:Beni:160:9\nbalanceOf[msg.sender] += amount\n^\n../contractSrc/0xd69371ecd5e8e7dd09582ce88bd6bde81526f3c2.sol:Beni:159:23\nmsg.value * buyRate\n^\n../contractSrc/0xd69371ecd5e8e7dd09582ce88bd6bde81526f3c2.sol:Beni:139:9\nbalanceOf[target] += mintedAmount\n^", 
 "money_concurrency": false, 
 "truncation": false
},"owned":{
 "execution_paths": "7", 
 "callstack": false, 
 "reentrancy": false, 
 "modulo": false, 
 "division": false, 
 "execution_time": "0.166636943817", 
 "signedness": false, 
 "evm_code_coverage": "99.4", 
 "underflow": false, 
 "time_dependency": false, 
 "assertion_failure": false, 
 "timeout": false, 
 "dead_code": [
  "STOP "
 ], 
 "overflow": false, 
 "money_concurrency": false, 
 "truncation": false
},"token":{
 "execution_paths": "55", 
 "callstack": false, 
 "reentrancy": false, 
 "modulo": false, 
 "division": false, 
 "execution_time": "50.0960888863", 
 "signedness": false, 
 "evm_code_coverage": "94.7", 
 "underflow": false, 
 "time_dependency": false, 
 "assertion_failure": false, 
 "timeout": true, 
 "dead_code": [
  "JUMPDEST ", 
  "CALLVALUE ", 
  "ISZERO ", 
  "PUSH2 0x0432 ", 
  "JUMPI ", 
  "PUSH1 0x00 ", 
  "DUP1 ", 
  "REVERT ", 
  "JUMPDEST ", 
  "PUSH2 0x047d ", 
  "PUSH1 0x04 ", 
  "DUP1 ", 
  "DUP1 ", 
  "CALLDATALOAD ", 
  "PUSH20 0xffffffffffffffffffffffffffffffffffffffff ", 
  "AND ", 
  "SWAP1 ", 
  "PUSH1 0x20 ", 
  "ADD ", 
  "SWAP1 ", 
  "SWAP2 ", 
  "SWAP1 ", 
  "DUP1 ", 
  "CALLDATALOAD ", 
  "PUSH20 0xffffffffffffffffffffffffffffffffffffffff ", 
  "AND ", 
  "SWAP1 ", 
  "PUSH1 0x20 ", 
  "ADD ", 
  "SWAP1 ", 
  "SWAP2 ", 
  "SWAP1 ", 
  "POP ", 
  "POP ", 
  "PUSH2 0x0cdb ", 
  "JUMP ", 
  "JUMPDEST ", 
  "PUSH1 0x40 ", 
  "MLOAD ", 
  "DUP1 ", 
  "DUP3 ", 
  "DUP2 ", 
  "MSTORE ", 
  "PUSH1 0x20 ", 
  "ADD ", 
  "SWAP2 ", 
  "POP ", 
  "POP ", 
  "PUSH1 0x40 ", 
  "MLOAD ", 
  "DUP1 ", 
  "SWAP2 ", 
  "SUB ", 
  "SWAP1 ", 
  "RETURN ", 
  "DUP1 ", 
  "PUSH4 0xdd62ed3e ", 
  "EQ ", 
  "PUSH2 0x0427 ", 
  "JUMPI ", 
  "JUMPDEST ", 
  "JUMPDEST ", 
  "PUSH1 0x05 ", 
  "PUSH1 0x20 ", 
  "MSTORE ", 
  "DUP2 ", 
  "PUSH1 0x00 ", 
  "MSTORE ", 
  "PUSH1 0x40 ", 
  "PUSH1 0x00 ", 
  "SHA3 ", 
  "PUSH1 0x20 ", 
  "MSTORE ", 
  "DUP1 ", 
  "PUSH1 0x00 ", 
  "MSTORE ", 
  "PUSH1 0x40 ", 
  "PUSH1 0x00 ", 
  "SHA3 ", 
  "PUSH1 0x00 ", 
  "SWAP2 ", 
  "POP ", 
  "SWAP2 ", 
  "POP ", 
  "POP ", 
  "SLOAD ", 
  "DUP2 ", 
  "JUMP ", 
  "STOP ", 
  "PUSH1 0x00 ", 
  "DUP1 ", 
  "REVERT "
 ], 
 "overflow": false, 
 "money_concurrency": false, 
 "truncation": false
}}