{"Sets":{
 "execution_paths": "8", 
 "callstack": false, 
 "reentrancy": false, 
 "modulo": false, 
 "division": false, 
 "execution_time": "52.7668828964", 
 "signedness": false, 
 "evm_code_coverage": "5.7", 
 "underflow": false, 
 "time_dependency": false, 
 "assertion_failure": false, 
 "timeout": true, 
 "dead_code": [
  "DUP1 ", 
  "PUSH4 0x2a5da31a ", 
  "EQ ", 
  "PUSH2 0x01b5 ", 
  "JUMPI ", 
  "DUP1 ", 
  "PUSH4 0x31acfaba ", 
  "EQ ", 
  "PUSH2 0x01ec ", 
  "JUMPI ", 
  "DUP1 ", 
  "PUSH4 0x3c45f2b0 ", 
  "EQ ", 
  "PUSH2 0x0246 ", 
  "JUMPI ", 
  "DUP1 ", 
  "PUSH4 0x40511d61 ", 
  "EQ ", 
  "PUSH2 0x0275 ", 
  "JUMPI ", 
  "DUP1 ", 
  "PUSH4 0x463eb3a4 ", 
  "EQ ", 
  "PUSH2 0x02b7 ", 
  "JUMPI ", 
  "DUP1 ", 
  "PUSH4 0x488036f2 ", 
  "EQ ", 
  "PUSH2 0x02fb ", 
  "JUMPI ", 
  "DUP1 ", 
  "PUSH4 0x4b6871c3 ", 
  "EQ ", 
  "PUSH2 0x0327 ", 
  "JUMPI ", 
  "DUP1 ", 
  "PUSH4 0x4d69abfc ", 
  "EQ ", 
  "PUSH2 0x036e ", 
  "JUMPI ", 
  "DUP1 ", 
  "PUSH4 0x4e8127b0 ", 
  "EQ ", 
  "PUSH2 0x03a5 ", 
  "JUMPI ", 
  "DUP1 ", 
  "PUSH4 0x5778e318 ", 
  "EQ ", 
  "PUSH2 0x03d4 ", 
  "JUMPI ", 
  "DUP1 ", 
  "PUSH4 0x57bfd43e ", 
  "EQ ", 
  "PUSH2 0x040b ", 
  "JUMPI ", 
  "DUP1 ", 
  "PUSH4 0x5856638c ", 
  "EQ ", 
  "PUSH2 0x0442 ", 
  "JUMPI ", 
  "DUP1 ", 
  "PUSH4 0x87061344 ", 
  "EQ ", 
  "PUSH2 0x0472 ", 
  "JUMPI ", 
  "DUP1 ", 
  "PUSH4 0x88ad365c ", 
  "EQ ", 
  "PUSH2 0x04c0 ", 
  "JUMPI ", 
  "DUP1 ", 
  "PUSH4 0x90b13557 ", 
  "EQ ", 
  "PUSH2 0x04f7 ", 
  "JUMPI ", 
  "DUP1 ", 
  "PUSH4 0x910bb4c4 ", 
  "EQ ", 
  "PUSH2 0x055d ", 
  "JUMPI ", 
  "DUP1 ", 
  "PUSH4 0x9223d1b2 ", 
  "EQ ", 
  "PUSH2 0x0589 ", 
  "JUMPI ", 
  "DUP1 ", 
  "PUSH4 0x93d02bea ", 
  "EQ ", 
  "PUSH2 0x05cd ", 
  "JUMPI ", 
  "DUP1 ", 
  "PUSH4 0x990ec6b7 ", 
  "EQ ", 
  "PUSH2 0x061b ", 
  "JUMPI ", 
  "DUP1 ", 
  "PUSH4 0x9ada068d ", 
  "EQ ", 
  "PUSH2 0x0652 ", 
  "JUMPI ", 
  "DUP1 ", 
  "PUSH4 0xa61ecd5d ", 
  "EQ ", 
  "PUSH2 0x0699 ", 
  "JUMPI ", 
  "DUP1 ", 
  "PUSH4 0xad3010af ", 
  "EQ ", 
  "PUSH2 0x06e1 ", 
  "JUMPI ", 
  "DUP1 ", 
  "PUSH4 0xb2d83db5 ", 
  "EQ ", 
  "PUSH2 0x070d ", 
  "JUMPI ", 
  "DUP1 ", 
  "PUSH4 0xd404958d ", 
  "EQ ", 
  "PUSH2 0x073c ", 
  "JUMPI ", 
  "DUP1 ", 
  "PUSH4 0xe102e97c ", 
  "EQ ", 
  "PUSH2 0x0768 ", 
  "JUMPI ", 
  "DUP1 ", 
  "PUSH4 0xf2279f8f ", 
  "EQ ", 
  "PUSH2 0x07aa ", 
  "JUMPI ", 
  "DUP1 ", 
  "PUSH4 0xf6bf2aab ", 
  "EQ ", 
  "PUSH2 0x07e1 ", 
  "JUMPI ", 
  "PUSH1 0x00 ", 
  "DUP1 ", 
  "REVERT ", 
  "JUMPDEST ", 
  "DUP2 ", 
  "ISZERO ", 
  "PUSH2 0x01c0 ", 
  "JUMPI ", 
  "PUSH1 0x00 ", 
  "DUP1 ", 
  "REVERT ", 
  "JUMPDEST ", 
  "PUSH2 0x01d6 ", 
  "PUSH1 0x04 ", 
  "DUP1 ", 
  "DUP1 ", 
  "CALLDATALOAD ", 
  "SWAP1 ", 
  "PUSH1 0x20 ", 
  "ADD ", 
  "SWAP1 ", 
  "SWAP2 ", 
  "SWAP1 ", 
  "POP ", 
  "POP ", 
  "PUSH2 0x08e6 ", 
  "JUMP ", 
  "JUMPDEST ", 
  "PUSH1 0x40 ", 
  "MLOAD ", 
  "DUP1 ", 
  "DUP3 ", 
  "DUP2 ", 
  "MSTORE ", 
  "PUSH1 0x20 ", 
  "ADD ", 
  "SWAP2 ", 
  "POP ", 
  "POP ", 
  "PUSH1 0x40 ", 
  "MLOAD ", 
  "DUP1 ", 
  "SWAP2 ", 
  "SUB ", 
  "SWAP1 ", 
  "RETURN ", 
  "JUMPDEST ", 
  "DUP2 ", 
  "ISZERO ", 
  "PUSH2 0x01f7 ", 
  "JUMPI ", 
  "PUSH1 0x00 ", 
  "DUP1 ", 
  "REVERT ", 
  "JUMPDEST ", 
  "PUSH2 0x022c ", 
  "PUSH1 0x04 ", 
  "DUP1 ", 
  "DUP1 ", 
  "CALLDATALOAD ", 
  "SWAP1 ", 
  "PUSH1 0x20 ", 
  "ADD ", 
  "SWAP1 ", 
  "SWAP2 ", 
  "SWAP1 ", 
  "DUP1 ", 
  "CALLDATALOAD ", 
  "PUSH20 0xffffffffffffffffffffffffffffffffffffffff ", 
  "AND ", 
  "SWAP1 ", 
  "PUSH1 0x20 ", 
  "ADD ", 
  "SWAP1 ", 
  "SWAP2 ", 
  "SWAP1 ", 
  "POP ", 
  "POP ", 
  "PUSH2 0x08f7 ", 
  "JUMP ", 
  "JUMPDEST ", 
  "PUSH1 0x40 ", 
  "MLOAD ", 
  "DUP1 ", 
  "DUP3 ", 
  "ISZERO ", 
  "ISZERO ", 
  "ISZERO ", 
  "ISZERO ", 
  "DUP2 ", 
  "MSTORE ", 
  "PUSH1 0x20 ", 
  "ADD ", 
  "SWAP2 ", 
  "POP ", 
  "POP ", 
  "PUSH1 0x40 ", 
  "MLOAD ", 
  "DUP1 ", 
  "SWAP2 ", 
  "SUB ", 
  "SWAP1 ", 
  "RETURN ", 
  "JUMPDEST ", 
  "DUP2 ", 
  "ISZERO ", 
  "PUSH2 0x0251 ", 
  "JUMPI ", 
  "PUSH1 0x00 ", 
  "DUP1 ", 
  "REVERT ", 
  "JUMPDEST ", 
  "PUSH2 0x0273 ", 
  "PUSH1 0x04 ", 
  "DUP1 ", 
  "DUP1 ", 
  "CALLDATALOAD ", 
  "SWAP1 ", 
  "PUSH1 0x20 ", 
  "ADD ", 
  "SWAP1 ", 
  "SWAP2 ", 
  "SWAP1 ", 
  "DUP1 ", 
  "CALLDATALOAD ", 
  "PUSH1 0x00 ", 
  "SIGNEXTEND ", 
  "SWAP1 ", 
  "PUSH1 0x20 ", 
  "ADD ", 
  "SWAP1 ", 
  "SWAP2 ", 
  "SWAP1 ", 
  "POP ", 
  "POP ", 
  "PUSH2 0x0950 ", 
  "JUMP ", 
  "JUMPDEST ", 
  "STOP ", 
  "JUMPDEST ", 
  "DUP2 ", 
  "ISZERO ", 
  "PUSH2 0x0280 ", 
  "JUMPI ", 
  "PUSH1 0x00 ", 
  "DUP1 ", 
  "REVERT ", 
  "JUMPDEST ", 
  "PUSH2 0x02b5 ", 
  "PUSH1 0x04 ", 
  "DUP1 ", 
  "DUP1 ", 
  "CALLDATALOAD ", 
  "SWAP1 ", 
  "PUSH1 0x20 ", 
  "ADD ", 
  "SWAP1 ", 
  "SWAP2 ", 
  "SWAP1 ", 
  "DUP1 ", 
  "CALLDATALOAD ", 
  "PUSH20 0xffffffffffffffffffffffffffffffffffffffff ", 
  "AND ", 
  "SWAP1 ", 
  "PUSH1 0x20 ", 
  "ADD ", 
  "SWAP1 ", 
  "SWAP2 ", 
  "SWAP1 ", 
  "POP ", 
  "POP ", 
  "PUSH2 0x0ac3 ", 
  "JUMP ", 
  "JUMPDEST ", 
  "STOP ", 
  "JUMPDEST ", 
  "DUP2 ", 
  "ISZERO ", 
  "PUSH2 0x02c2 ", 
  "JUMPI ", 
  "PUSH1 0x00 ", 
  "DUP1 ", 
  "REVERT ", 
  "JUMPDEST ", 
  "PUSH2 0x02e1 ", 
  "PUSH1 0x04 ", 
  "DUP1 ", 
  "DUP1 ", 
  "CALLDATALOAD ", 
  "SWAP1 ", 
  "PUSH1 0x20 ", 
  "ADD ", 
  "SWAP1 ", 
  "SWAP2 ", 
  "SWAP1 ", 
  "DUP1 ", 
  "CALLDATALOAD ", 
  "SWAP1 ", 
  "PUSH1 0x20 ", 
  "ADD ", 
  "SWAP1 ", 
  "SWAP2 ", 
  "SWAP1 ", 
  "POP ", 
  "POP ", 
  "PUSH2 0x0d02 ", 
  "JUMP ", 
  "JUMPDEST ", 
  "PUSH1 0x40 ", 
  "MLOAD ", 
  "DUP1 ", 
  "DUP3 ", 
  "ISZERO ", 
  "ISZERO ", 
  "ISZERO ", 
  "ISZERO ", 
  "DUP2 ", 
  "MSTORE ", 
  "PUSH1 0x20 ", 
  "ADD ", 
  "SWAP2 ", 
  "POP ", 
  "POP ", 
  "PUSH1 0x40 ", 
  "MLOAD ", 
  "DUP1 ", 
  "SWAP2 ", 
  "SUB ", 
  "SWAP1 ", 
  "RETURN ", 
  "JUMPDEST ", 
  "DUP2 ", 
  "ISZERO ", 
  "PUSH2 0x0306 ", 
  "JUMPI ", 
  "PUSH1 0x00 ", 
  "DUP1 ", 
  "REVERT ", 
  "JUMPDEST ", 
  "PUSH2 0x0325 ", 
  "PUSH1 0x04 ", 
  "DUP1 ", 
  "DUP1 ", 
  "CALLDATALOAD ", 
  "SWAP1 ", 
  "PUSH1 0x20 ", 
  "ADD ", 
  "SWAP1 ", 
  "SWAP2 ", 
  "SWAP1 ", 
  "DUP1 ", 
  "CALLDATALOAD ", 
  "SWAP1 ", 
  "PUSH1 0x20 ", 
  "ADD ", 
  "SWAP1 ", 
  "SWAP2 ", 
  "SWAP1 ", 
  "POP ", 
  "POP ", 
  "PUSH2 0x0d2f ", 
  "JUMP ", 
  "JUMPDEST ", 
  "STOP ", 
  "JUMPDEST ", 
  "DUP2 ", 
  "ISZERO ", 
  "PUSH2 0x0332 ", 
  "JUMPI ", 
  "PUSH1 0x00 ", 
  "DUP1 ", 
  "REVERT ", 
  "JUMPDEST ", 
  "PUSH2 0x0354 ", 
  "PUSH1 0x04 ", 
  "DUP1 ", 
  "DUP1 ", 
  "CALLDATALOAD ", 
  "SWAP1 ", 
  "PUSH1 0x20 ", 
  "ADD ", 
  "SWAP1 ", 
  "SWAP2 ", 
  "SWAP1 ", 
  "DUP1 ", 
  "CALLDATALOAD ", 
  "PUSH1 0xff ", 
  "AND ", 
  "SWAP1 ", 
  "PUSH1 0x20 ", 
  "ADD ", 
  "SWAP1 ", 
  "SWAP2 ", 
  "SWAP1 ", 
  "POP ", 
  "POP ", 
  "PUSH2 0x0e44 ", 
  "JUMP ", 
  "JUMPDEST ", 
  "PUSH1 0x40 ", 
  "MLOAD ", 
  "DUP1 ", 
  "DUP3 ", 
  "ISZERO ", 
  "ISZERO ", 
  "ISZERO ", 
  "ISZERO ", 
  "DUP2 ", 
  "MSTORE ", 
  "PUSH1 0x20 ", 
  "ADD ", 
  "SWAP2 ", 
  "POP ", 
  "POP ", 
  "PUSH1 0x40 ", 
  "MLOAD ", 
  "DUP1 ", 
  "SWAP2 ", 
  "SUB ", 
  "SWAP1 ", 
  "RETURN ", 
  "JUMPDEST ", 
  "DUP2 ", 
  "ISZERO ", 
  "PUSH2 0x0379 ", 
  "JUMPI ", 
  "PUSH1 0x00 ", 
  "DUP1 ", 
  "REVERT ", 
  "JUMPDEST ", 
  "PUSH2 0x038f ", 
  "PUSH1 0x04 ", 
  "DUP1 ", 
  "DUP1 ", 
  "CALLDATALOAD ", 
  "SWAP1 ", 
  "PUSH1 0x20 ", 
  "ADD ", 
  "SWAP1 ", 
  "SWAP2 ", 
  "SWAP1 ", 
  "POP ", 
  "POP ", 
  "PUSH2 0x0e77 ", 
  "JUMP ", 
  "JUMPDEST ", 
  "PUSH1 0x40 ", 
  "MLOAD ", 
  "DUP1 ", 
  "DUP3 ", 
  "DUP2 ", 
  "MSTORE ", 
  "PUSH1 0x20 ", 
  "ADD ", 
  "SWAP2 ", 
  "POP ", 
  "POP ", 
  "PUSH1 0x40 ", 
  "MLOAD ", 
  "DUP1 ", 
  "SWAP2 ", 
  "SUB ", 
  "SWAP1 ", 
  "RETURN ", 
  "JUMPDEST ", 
  "DUP2 ", 
  "ISZERO ", 
  "PUSH2 0x03b0 ", 
  "JUMPI ", 
  "PUSH1 0x00 ", 
  "DUP1 ", 
  "REVERT ", 
  "JUMPDEST ", 
  "PUSH2 0x03d2 ", 
  "PUSH1 0x04 ", 
  "DUP1 ", 
  "DUP1 ", 
  "CALLDATALOAD ", 
  "SWAP1 ", 
  "PUSH1 0x20 ", 
  "ADD ", 
  "SWAP1 ", 
  "SWAP2 ", 
  "SWAP1 ", 
  "DUP1 ", 
  "CALLDATALOAD ", 
  "PUSH1 0xff ", 
  "AND ", 
  "SWAP1 ", 
  "PUSH1 0x20 ", 
  "ADD ", 
  "SWAP1 ", 
  "SWAP2 ", 
  "SWAP1 ", 
  "POP ", 
  "POP ", 
  "PUSH2 0x0e88 ", 
  "JUMP ", 
  "JUMPDEST ", 
  "STOP ", 
  "JUMPDEST ", 
  "DUP2 ", 
  "ISZERO ", 
  "PUSH2 0x03df ", 
  "JUMPI ", 
  "PUSH1 0x00 ", 
  "DUP1 ", 
  "REVERT ", 
  "JUMPDEST ", 
  "PUSH2 0x03f5 ", 
  "PUSH1 0x04 ", 
  "DUP1 ", 
  "DUP1 ", 
  "CALLDATALOAD ", 
  "SWAP1 ", 
  "PUSH1 0x20 ", 
  "ADD ", 
  "SWAP1 ", 
  "SWAP2 ", 
  "SWAP1 ", 
  "POP ", 
  "POP ", 
  "PUSH2 0x0ff8 ", 
  "JUMP ", 
  "JUMPDEST ", 
  "PUSH1 0x40 ", 
  "MLOAD ", 
  "DUP1 ", 
  "DUP3 ", 
  "DUP2 ", 
  "MSTORE ", 
  "PUSH1 0x20 ", 
  "ADD ", 
  "SWAP2 ", 
  "POP ", 
  "POP ", 
  "PUSH1 0x40 ", 
  "MLOAD ", 
  "DUP1 ", 
  "SWAP2 ", 
  "SUB ", 
  "SWAP1 ", 
  "RETURN ", 
  "JUMPDEST ", 
  "DUP2 ", 
  "ISZERO ", 
  "PUSH2 0x0416 ", 
  "JUMPI ", 
  "PUSH1 0x00 ", 
  "DUP1 ", 
  "REVERT ", 
  "JUMPDEST ", 
  "PUSH2 0x042c ", 
  "PUSH1 0x04 ", 
  "DUP1 ", 
  "DUP1 ", 
  "CALLDATALOAD ", 
  "SWAP1 ", 
  "PUSH1 0x20 ", 
  "ADD ", 
  "SWAP1 ", 
  "SWAP2 ", 
  "SWAP1 ", 
  "POP ", 
  "POP ", 
  "PUSH2 0x1009 ", 
  "JUMP ", 
  "JUMPDEST ", 
  "PUSH1 0x40 ", 
  "MLOAD ", 
  "DUP1 ", 
  "DUP3 ", 
  "DUP2 ", 
  "MSTORE ", 
  "PUSH1 0x20 ", 
  "ADD ", 
  "SWAP2 ", 
  "POP ", 
  "POP ", 
  "PUSH1 0x40 ", 
  "MLOAD ", 
  "DUP1 ", 
  "SWAP2 ", 
  "SUB ", 
  "SWAP1 ", 
  "RETURN ", 
  "JUMPDEST ", 
  "DUP2 ", 
  "ISZERO ", 
  "PUSH2 0x044d ", 
  "JUMPI ", 
  "PUSH1 0x00 ", 
  "DUP1 ", 
  "REVERT ", 
  "JUMPDEST ", 
  "PUSH2 0x0470 ", 
  "PUSH1 0x04 ", 
  "DUP1 ", 
  "DUP1 ", 
  "CALLDATALOAD ", 
  "SWAP1 ", 
  "PUSH1 0x20 ", 
  "ADD ", 
  "SWAP1 ", 
  "SWAP2 ", 
  "SWAP1 ", 
  "DUP1 ", 
  "CALLDATALOAD ", 
  "PUSH1 0x00 ", 
  "NOT ", 
  "AND ", 
  "SWAP1 ", 
  "PUSH1 0x20 ", 
  "ADD ", 
  "SWAP1 ", 
  "SWAP2 ", 
  "SWAP1 ", 
  "POP ", 
  "POP ", 
  "PUSH2 0x101a ", 
  "JUMP ", 
  "JUMPDEST ", 
  "STOP ", 
  "JUMPDEST ", 
  "DUP2 ", 
  "ISZERO ", 
  "PUSH2 0x047d ", 
  "JUMPI ", 
  "PUSH1 0x00 ", 
  "DUP1 ", 
  "REVERT ", 
  "JUMPDEST ", 
  "PUSH2 0x04be ", 
  "PUSH1 0x04 ", 
  "DUP1 ", 
  "DUP1 ", 
  "CALLDATALOAD ", 
  "SWAP1 ", 
  "PUSH1 0x20 ", 
  "ADD ", 
  "SWAP1 ", 
  "SWAP2 ", 
  "SWAP1 ", 
  "DUP1 ", 
  "CALLDATALOAD ", 
  "PUSH31 0xffffffffffffffffffffffffffffffffffffffffffffffffffffffffffffff ", 
  "NOT ", 
  "AND ", 
  "SWAP1 ", 
  "PUSH1 0x20 ", 
  "ADD ", 
  "SWAP1 ", 
  "SWAP2 ", 
  "SWAP1 ", 
  "POP ", 
  "POP ", 
  "PUSH2 0x10e0 ", 
  "JUMP ", 
  "JUMPDEST ", 
  "STOP ", 
  "JUMPDEST ", 
  "DUP2 ", 
  "ISZERO ", 
  "PUSH2 0x04cb ", 
  "JUMPI ", 
  "PUSH1 0x00 ", 
  "DUP1 ", 
  "REVERT ", 
  "JUMPDEST ", 
  "PUSH2 0x04e1 ", 
  "PUSH1 0x04 ", 
  "DUP1 ", 
  "DUP1 ", 
  "CALLDATALOAD ", 
  "SWAP1 ", 
  "PUSH1 0x20 ", 
  "ADD ", 
  "SWAP1 ", 
  "SWAP2 ", 
  "SWAP1 ", 
  "POP ", 
  "POP ", 
  "PUSH2 0x128f ", 
  "JUMP ", 
  "JUMPDEST ", 
  "PUSH1 0x40 ", 
  "MLOAD ", 
  "DUP1 ", 
  "DUP3 ", 
  "DUP2 ", 
  "MSTORE ", 
  "PUSH1 0x20 ", 
  "ADD ", 
  "SWAP2 ", 
  "POP ", 
  "POP ", 
  "PUSH1 0x40 ", 
  "MLOAD ", 
  "DUP1 ", 
  "SWAP2 ", 
  "SUB ", 
  "SWAP1 ", 
  "RETURN ", 
  "JUMPDEST ", 
  "DUP2 ", 
  "ISZERO ", 
  "PUSH2 0x0502 ", 
  "JUMPI ", 
  "PUSH1 0x00 ", 
  "DUP1 ", 
  "REVERT ", 
  "JUMPDEST ", 
  "PUSH2 0x0543 ", 
  "PUSH1 0x04 ", 
  "DUP1 ", 
  "DUP1 ", 
  "CALLDATALOAD ", 
  "SWAP1 ", 
  "PUSH1 0x20 ", 
  "ADD ", 
  "SWAP1 ", 
  "SWAP2 ", 
  "SWAP1 ", 
  "DUP1 ", 
  "CALLDATALOAD ", 
  "PUSH31 0xffffffffffffffffffffffffffffffffffffffffffffffffffffffffffffff ", 
  "NOT ", 
  "AND ", 
  "SWAP1 ", 
  "PUSH1 0x20 ", 
  "ADD ", 
  "SWAP1 ", 
  "SWAP2 ", 
  "SWAP1 ", 
  "POP ", 
  "POP ", 
  "PUSH2 0x12a0 ", 
  "JUMP ", 
  "JUMPDEST ", 
  "PUSH1 0x40 ", 
  "MLOAD ", 
  "DUP1 ", 
  "DUP3 ", 
  "ISZERO ", 
  "ISZERO ", 
  "ISZERO ", 
  "ISZERO ", 
  "DUP2 ", 
  "MSTORE ", 
  "PUSH1 0x20 ", 
  "ADD ", 
  "SWAP2 ", 
  "POP ", 
  "POP ", 
  "PUSH1 0x40 ", 
  "MLOAD ", 
  "DUP1 ", 
  "SWAP2 ", 
  "SUB ", 
  "SWAP1 ", 
  "RETURN ", 
  "JUMPDEST ", 
  "DUP2 ", 
  "ISZERO ", 
  "PUSH2 0x0568 ", 
  "JUMPI ", 
  "PUSH1 0x00 ", 
  "DUP1 ", 
  "REVERT ", 
  "JUMPDEST ", 
  "PUSH2 0x0587 ", 
  "PUSH1 0x04 ", 
  "DUP1 ", 
  "DUP1 ", 
  "CALLDATALOAD ", 
  "SWAP1 ", 
  "PUSH1 0x20 ", 
  "ADD ", 
  "SWAP1 ", 
  "SWAP2 ", 
  "SWAP1 ", 
  "DUP1 ", 
  "CALLDATALOAD ", 
  "SWAP1 ", 
  "PUSH1 0x20 ", 
  "ADD ", 
  "SWAP1 ", 
  "SWAP2 ", 
  "SWAP1 ", 
  "POP ", 
  "POP ", 
  "PUSH2 0x1311 ", 
  "JUMP ", 
  "JUMPDEST ", 
  "STOP ", 
  "JUMPDEST ", 
  "DUP2 ", 
  "ISZERO ", 
  "PUSH2 0x0594 ", 
  "JUMPI ", 
  "PUSH1 0x00 ", 
  "DUP1 ", 
  "REVERT ", 
  "JUMPDEST ", 
  "PUSH2 0x05b3 ", 
  "PUSH1 0x04 ", 
  "DUP1 ", 
  "DUP1 ", 
  "CALLDATALOAD ", 
  "SWAP1 ", 
  "PUSH1 0x20 ", 
  "ADD ", 
  "SWAP1 ", 
  "SWAP2 ", 
  "SWAP1 ", 
  "DUP1 ", 
  "CALLDATALOAD ", 
  "SWAP1 ", 
  "PUSH1 0x20 ", 
  "ADD ", 
  "SWAP1 ", 
  "SWAP2 ", 
  "SWAP1 ", 
  "POP ", 
  "POP ", 
  "PUSH2 0x1426 ", 
  "JUMP ", 
  "JUMPDEST ", 
  "PUSH1 0x40 ", 
  "MLOAD ", 
  "DUP1 ", 
  "DUP3 ", 
  "ISZERO ", 
  "ISZERO ", 
  "ISZERO ", 
  "ISZERO ", 
  "DUP2 ", 
  "MSTORE ", 
  "PUSH1 0x20 ", 
  "ADD ", 
  "SWAP2 ", 
  "POP ", 
  "POP ", 
  "PUSH1 0x40 ", 
  "MLOAD ", 
  "DUP1 ", 
  "SWAP2 ", 
  "SUB ", 
  "SWAP1 ", 
  "RETURN ", 
  "JUMPDEST ", 
  "DUP2 ", 
  "ISZERO ", 
  "PUSH2 0x05d8 ", 
  "JUMPI ", 
  "PUSH1 0x00 ", 
  "DUP1 ", 
  "REVERT ", 
  "JUMPDEST ", 
  "PUSH2 0x0619 ", 
  "PUSH1 0x04 ", 
  "DUP1 ", 
  "DUP1 ", 
  "CALLDATALOAD ", 
  "SWAP1 ", 
  "PUSH1 0x20 ", 
  "ADD ", 
  "SWAP1 ", 
  "SWAP2 ", 
  "SWAP1 ", 
  "DUP1 ", 
  "CALLDATALOAD ", 
  "PUSH31 0xffffffffffffffffffffffffffffffffffffffffffffffffffffffffffffff ", 
  "NOT ", 
  "AND ", 
  "SWAP1 ", 
  "PUSH1 0x20 ", 
  "ADD ", 
  "SWAP1 ", 
  "SWAP2 ", 
  "SWAP1 ", 
  "POP ", 
  "POP ", 
  "PUSH2 0x1453 ", 
  "JUMP ", 
  "JUMPDEST ", 
  "STOP ", 
  "JUMPDEST ", 
  "DUP2 ", 
  "ISZERO ", 
  "PUSH2 0x0626 ", 
  "JUMPI ", 
  "PUSH1 0x00 ", 
  "DUP1 ", 
  "REVERT ", 
  "JUMPDEST ", 
  "PUSH2 0x063c ", 
  "PUSH1 0x04 ", 
  "DUP1 ", 
  "DUP1 ", 
  "CALLDATALOAD ", 
  "SWAP1 ", 
  "PUSH1 0x20 ", 
  "ADD ", 
  "SWAP1 ", 
  "SWAP2 ", 
  "SWAP1 ", 
  "POP ", 
  "POP ", 
  "PUSH2 0x1719 ", 
  "JUMP ", 
  "JUMPDEST ", 
  "PUSH1 0x40 ", 
  "MLOAD ", 
  "DUP1 ", 
  "DUP3 ", 
  "DUP2 ", 
  "MSTORE ", 
  "PUSH1 0x20 ", 
  "ADD ", 
  "SWAP2 ", 
  "POP ", 
  "POP ", 
  "PUSH1 0x40 ", 
  "MLOAD ", 
  "DUP1 ", 
  "SWAP2 ", 
  "SUB ", 
  "SWAP1 ", 
  "RETURN ", 
  "JUMPDEST ", 
  "DUP2 ", 
  "ISZERO ", 
  "PUSH2 0x065d ", 
  "JUMPI ", 
  "PUSH1 0x00 ", 
  "DUP1 ", 
  "REVERT ", 
  "JUMPDEST ", 
  "PUSH2 0x067f ", 
  "PUSH1 0x04 ", 
  "DUP1 ", 
  "DUP1 ", 
  "CALLDATALOAD ", 
  "SWAP1 ", 
  "PUSH1 0x20 ", 
  "ADD ", 
  "SWAP1 ", 
  "SWAP2 ", 
  "SWAP1 ", 
  "DUP1 ", 
  "CALLDATALOAD ", 
  "PUSH1 0x00 ", 
  "SIGNEXTEND ", 
  "SWAP1 ", 
  "PUSH1 0x20 ", 
  "ADD ", 
  "SWAP1 ", 
  "SWAP2 ", 
  "SWAP1 ", 
  "POP ", 
  "POP ", 
  "PUSH2 0x172a ", 
  "JUMP ", 
  "JUMPDEST ", 
  "PUSH1 0x40 ", 
  "MLOAD ", 
  "DUP1 ", 
  "DUP3 ", 
  "ISZERO ", 
  "ISZERO ", 
  "ISZERO ", 
  "ISZERO ", 
  "DUP2 ", 
  "MSTORE ", 
  "PUSH1 0x20 ", 
  "ADD ", 
  "SWAP2 ", 
  "POP ", 
  "POP ", 
  "PUSH1 0x40 ", 
  "MLOAD ", 
  "DUP1 ", 
  "SWAP2 ", 
  "SUB ", 
  "SWAP1 ", 
  "RETURN ", 
  "JUMPDEST ", 
  "DUP2 ", 
  "ISZERO ", 
  "PUSH2 0x06a4 ", 
  "JUMPI ", 
  "PUSH1 0x00 ", 
  "DUP1 ", 
  "REVERT ", 
  "JUMPDEST ", 
  "PUSH2 0x06c7 ", 
  "PUSH1 0x04 ", 
  "DUP1 ", 
  "DUP1 ", 
  "CALLDATALOAD ", 
  "SWAP1 ", 
  "PUSH1 0x20 ", 
  "ADD ", 
  "SWAP1 ", 
  "SWAP2 ", 
  "SWAP1 ", 
  "DUP1 ", 
  "CALLDATALOAD ", 
  "PUSH1 0x00 ", 
  "NOT ", 
  "AND ", 
  "SWAP1 ", 
  "PUSH1 0x20 ", 
  "ADD ", 
  "SWAP1 ", 
  "SWAP2 ", 
  "SWAP1 ", 
  "POP ", 
  "POP ", 
  "PUSH2 0x175d ", 
  "JUMP ", 
  "JUMPDEST ", 
  "PUSH1 0x40 ", 
  "MLOAD ", 
  "DUP1 ", 
  "DUP3 ", 
  "ISZERO ", 
  "ISZERO ", 
  "ISZERO ", 
  "ISZERO ", 
  "DUP2 ", 
  "MSTORE ", 
  "PUSH1 0x20 ", 
  "ADD ", 
  "SWAP2 ", 
  "POP ", 
  "POP ", 
  "PUSH1 0x40 ", 
  "MLOAD ", 
  "DUP1 ", 
  "SWAP2 ", 
  "SUB ", 
  "SWAP1 ", 
  "RETURN ", 
  "JUMPDEST ", 
  "DUP2 ", 
  "ISZERO ", 
  "PUSH2 0x06ec ", 
  "JUMPI ", 
  "PUSH1 0x00 ", 
  "DUP1 ", 
  "REVERT ", 
  "JUMPDEST ", 
  "PUSH2 0x070b ", 
  "PUSH1 0x04 ", 
  "DUP1 ", 
  "DUP1 ", 
  "CALLDATALOAD ", 
  "SWAP1 ", 
  "PUSH1 0x20 ", 
  "ADD ", 
  "SWAP1 ", 
  "SWAP2 ", 
  "SWAP1 ", 
  "DUP1 ", 
  "CALLDATALOAD ", 
  "SWAP1 ", 
  "PUSH1 0x20 ", 
  "ADD ", 
  "SWAP1 ", 
  "SWAP2 ", 
  "SWAP1 ", 
  "POP ", 
  "POP ", 
  "PUSH2 0x1792 ", 
  "JUMP ", 
  "JUMPDEST ", 
  "STOP ", 
  "JUMPDEST ", 
  "DUP2 ", 
  "ISZERO ", 
  "PUSH2 0x0718 ", 
  "JUMPI ", 
  "PUSH1 0x00 ", 
  "DUP1 ", 
  "REVERT ", 
  "JUMPDEST ", 
  "PUSH2 0x073a ", 
  "PUSH1 0x04 ", 
  "DUP1 ", 
  "DUP1 ", 
  "CALLDATALOAD ", 
  "SWAP1 ", 
  "PUSH1 0x20 ", 
  "ADD ", 
  "SWAP1 ", 
  "SWAP2 ", 
  "SWAP1 ", 
  "DUP1 ", 
  "CALLDATALOAD ", 
  "PUSH1 0x00 ", 
  "SIGNEXTEND ", 
  "SWAP1 ", 
  "PUSH1 0x20 ", 
  "ADD ", 
  "SWAP1 ", 
  "SWAP2 ", 
  "SWAP1 ", 
  "POP ", 
  "POP ", 
  "PUSH2 0x183a ", 
  "JUMP ", 
  "JUMPDEST ", 
  "STOP ", 
  "JUMPDEST ", 
  "DUP2 ", 
  "ISZERO ", 
  "PUSH2 0x0747 ", 
  "JUMPI ", 
  "PUSH1 0x00 ", 
  "DUP1 ", 
  "REVERT ", 
  "JUMPDEST ", 
  "PUSH2 0x0766 ", 
  "PUSH1 0x04 ", 
  "DUP1 ", 
  "DUP1 ", 
  "CALLDATALOAD ", 
  "SWAP1 ", 
  "PUSH1 0x20 ", 
  "ADD ", 
  "SWAP1 ", 
  "SWAP2 ", 
  "SWAP1 ", 
  "DUP1 ", 
  "CALLDATALOAD ", 
  "SWAP1 ", 
  "PUSH1 0x20 ", 
  "ADD ", 
  "SWAP1 ", 
  "SWAP2 ", 
  "SWAP1 ", 
  "POP ", 
  "POP ", 
  "PUSH2 0x1912 ", 
  "JUMP ", 
  "JUMPDEST ", 
  "STOP ", 
  "JUMPDEST ", 
  "DUP2 ", 
  "ISZERO ", 
  "PUSH2 0x0773 ", 
  "JUMPI ", 
  "PUSH1 0x00 ", 
  "DUP1 ", 
  "REVERT ", 
  "JUMPDEST ", 
  "PUSH2 0x07a8 ", 
  "PUSH1 0x04 ", 
  "DUP1 ", 
  "DUP1 ", 
  "CALLDATALOAD ", 
  "SWAP1 ", 
  "PUSH1 0x20 ", 
  "ADD ", 
  "SWAP1 ", 
  "SWAP2 ", 
  "SWAP1 ", 
  "DUP1 ", 
  "CALLDATALOAD ", 
  "PUSH20 0xffffffffffffffffffffffffffffffffffffffff ", 
  "AND ", 
  "SWAP1 ", 
  "PUSH1 0x20 ", 
  "ADD ", 
  "SWAP1 ", 
  "SWAP2 ", 
  "SWAP1 ", 
  "POP ", 
  "POP ", 
  "PUSH2 0x19ba ", 
  "JUMP ", 
  "JUMPDEST ", 
  "STOP ", 
  "JUMPDEST ", 
  "DUP2 ", 
  "ISZERO ", 
  "PUSH2 0x07b5 ", 
  "JUMPI ", 
  "PUSH1 0x00 ", 
  "DUP1 ", 
  "REVERT ", 
  "JUMPDEST ", 
  "PUSH2 0x07cb ", 
  "PUSH1 0x04 ", 
  "DUP1 ", 
  "DUP1 ", 
  "CALLDATALOAD ", 
  "SWAP1 ", 
  "PUSH1 0x20 ", 
  "ADD ", 
  "SWAP1 ", 
  "SWAP2 ", 
  "SWAP1 ", 
  "POP ", 
  "POP ", 
  "PUSH2 0x1b20 ", 
  "JUMP ", 
  "JUMPDEST ", 
  "PUSH1 0x40 ", 
  "MLOAD ", 
  "DUP1 ", 
  "DUP3 ", 
  "DUP2 ", 
  "MSTORE ", 
  "PUSH1 0x20 ", 
  "ADD ", 
  "SWAP2 ", 
  "POP ", 
  "POP ", 
  "PUSH1 0x40 ", 
  "MLOAD ", 
  "DUP1 ", 
  "SWAP2 ", 
  "SUB ", 
  "SWAP1 ", 
  "RETURN ", 
  "JUMPDEST ", 
  "DUP2 ", 
  "ISZERO ", 
  "PUSH2 0x07ec ", 
  "JUMPI ", 
  "PUSH1 0x00 ", 
  "DUP1 ", 
  "REVERT ", 
  "JUMPDEST ", 
  "PUSH2 0x080f ", 
  "PUSH1 0x04 ", 
  "DUP1 ", 
  "DUP1 ", 
  "CALLDATALOAD ", 
  "SWAP1 ", 
  "PUSH1 0x20 ", 
  "ADD ", 
  "SWAP1 ", 
  "SWAP2 ", 
  "SWAP1 ", 
  "DUP1 ", 
  "CALLDATALOAD ", 
  "PUSH1 0x00 ", 
  "NOT ", 
  "AND ", 
  "SWAP1 ", 
  "PUSH1 0x20 ", 
  "ADD ", 
  "SWAP1 ", 
  "SWAP2 ", 
  "SWAP1 ", 
  "POP ", 
  "POP ", 
  "PUSH2 0x1b31 ", 
  "JUMP ", 
  "JUMPDEST ", 
  "STOP ", 
  "JUMPDEST ", 
  "PUSH1 0x00 ", 
  "DUP2 ", 
  "PUSH1 0x00 ", 
  "ADD ", 
  "DUP1 ", 
  "SLOAD ", 
  "SWAP1 ", 
  "POP ", 
  "SWAP1 ", 
  "POP ", 
  "SWAP2 ", 
  "SWAP1 ", 
  "POP ", 
  "JUMP ", 
  "JUMPDEST ", 
  "PUSH1 0x00 ", 
  "DUP3 ", 
  "PUSH1 0x01 ", 
  "ADD ", 
  "PUSH1 0x00 ", 
  "DUP4 ", 
  "PUSH20 0xffffffffffffffffffffffffffffffffffffffff ", 
  "AND ", 
  "PUSH20 0xffffffffffffffffffffffffffffffffffffffff ", 
  "AND ", 
  "DUP2 ", 
  "MSTORE ", 
  "PUSH1 0x20 ", 
  "ADD ", 
  "SWAP1 ", 
  "DUP2 ", 
  "MSTORE ", 
  "PUSH1 0x20 ", 
  "ADD ", 
  "PUSH1 0x00 ", 
  "SHA3 ", 
  "PUSH1 0x00 ", 
  "SWAP1 ", 
  "SLOAD ", 
  "SWAP1 ", 
  "PUSH2 0x0100 ", 
  "EXP ", 
  "SWAP1 ", 
  "DIV ", 
  "PUSH1 0xff ", 
  "AND ", 
  "SWAP1 ", 
  "POP ", 
  "SWAP3 ", 
  "SWAP2 ", 
  "POP ", 
  "POP ", 
  "JUMP ", 
  "JUMPDEST ", 
  "PUSH1 0x00 ", 
  "DUP3 ", 
  "PUSH1 0x01 ", 
  "ADD ", 
  "PUSH1 0x00 ", 
  "DUP4 ", 
  "PUSH1 0x00 ", 
  "SIGNEXTEND ", 
  "PUSH1 0x00 ", 
  "SIGNEXTEND ", 
  "DUP2 ", 
  "MSTORE ", 
  "PUSH1 0x20 ", 
  "ADD ", 
  "SWAP1 ", 
  "DUP2 ", 
  "MSTORE ", 
  "PUSH1 0x20 ", 
  "ADD ", 
  "PUSH1 0x00 ", 
  "SHA3 ", 
  "PUSH1 0x00 ", 
  "SWAP1 ", 
  "SLOAD ", 
  "SWAP1 ", 
  "PUSH2 0x0100 ", 
  "EXP ", 
  "SWAP1 ", 
  "DIV ", 
  "PUSH1 0xff ", 
  "AND ", 
  "ISZERO ", 
  "PUSH2 0x0abe ", 
  "JUMPI ", 
  "PUSH1 0x00 ", 
  "DUP4 ", 
  "PUSH1 0x01 ", 
  "ADD ", 
  "PUSH1 0x00 ", 
  "DUP5 ", 
  "PUSH1 0x00 ", 
  "SIGNEXTEND ", 
  "PUSH1 0x00 ", 
  "SIGNEXTEND ", 
  "DUP2 ", 
  "MSTORE ", 
  "PUSH1 0x20 ", 
  "ADD ", 
  "SWAP1 ", 
  "DUP2 ", 
  "MSTORE ", 
  "PUSH1 0x20 ", 
  "ADD ", 
  "PUSH1 0x00 ", 
  "SHA3 ", 
  "PUSH1 0x00 ", 
  "PUSH2 0x0100 ", 
  "EXP ", 
  "DUP2 ", 
  "SLOAD ", 
  "DUP2 ", 
  "PUSH1 0xff ", 
  "MUL ", 
  "NOT ", 
  "AND ", 
  "SWAP1 ", 
  "DUP4 ", 
  "ISZERO ", 
  "ISZERO ", 
  "MUL ", 
  "OR ", 
  "SWAP1 ", 
  "SSTORE ", 
  "POP ", 
  "DUP3 ", 
  "PUSH1 0x02 ", 
  "ADD ", 
  "PUSH1 0x00 ", 
  "DUP4 ", 
  "PUSH1 0x00 ", 
  "SIGNEXTEND ", 
  "PUSH1 0x00 ", 
  "SIGNEXTEND ", 
  "DUP2 ", 
  "MSTORE ", 
  "PUSH1 0x20 ", 
  "ADD ", 
  "SWAP1 ", 
  "DUP2 ", 
  "MSTORE ", 
  "PUSH1 0x20 ", 
  "ADD ", 
  "PUSH1 0x00 ", 
  "SHA3 ", 
  "SLOAD ", 
  "SWAP1 ", 
  "POP ", 
  "DUP1 ", 
  "DUP4 ", 
  "PUSH1 0x02 ", 
  "ADD ", 
  "PUSH1 0x00 ", 
  "DUP6 ", 
  "PUSH1 0x00 ", 
  "ADD ", 
  "PUSH1 0x01 ", 
  "DUP8 ", 
  "PUSH1 0x00 ", 
  "ADD ", 
  "DUP1 ", 
  "SLOAD ", 
  "SWAP1 ", 
  "POP ", 
  "SUB ", 
  "DUP2 ", 
  "SLOAD ", 
  "DUP2 ", 
  "LT ", 
  "ISZERO ", 
  "ISZERO ", 
  "PUSH2 0x09f4 ", 
  "JUMPI ", 
  "ASSERTFAIL ", 
  "JUMPDEST ", 
  "SWAP1 ", 
  "PUSH1 0x00 ", 
  "MSTORE ", 
  "PUSH1 0x20 ", 
  "PUSH1 0x00 ", 
  "SHA3 ", 
  "SWAP1 ", 
  "PUSH1 0x20 ", 
  "SWAP2 ", 
  "DUP3 ", 
  "DUP3 ", 
  "DIV ", 
  "ADD ", 
  "SWAP2 ", 
  "SWAP1 ", 
  "MOD ", 
  "SWAP1 ", 
  "SLOAD ", 
  "SWAP1 ", 
  "PUSH2 0x0100 ", 
  "EXP ", 
  "SWAP1 ", 
  "DIV ", 
  "PUSH1 0x00 ", 
  "SIGNEXTEND ", 
  "PUSH1 0x00 ", 
  "SIGNEXTEND ", 
  "PUSH1 0x00 ", 
  "SIGNEXTEND ", 
  "DUP2 ", 
  "MSTORE ", 
  "PUSH1 0x20 ", 
  "ADD ", 
  "SWAP1 ", 
  "DUP2 ", 
  "MSTORE ", 
  "PUSH1 0x20 ", 
  "ADD ", 
  "PUSH1 0x00 ", 
  "SHA3 ", 
  "DUP2 ", 
  "SWAP1 ", 
  "SSTORE ", 
  "POP ", 
  "DUP3 ", 
  "PUSH1 0x00 ", 
  "ADD ", 
  "PUSH1 0x01 ", 
  "DUP5 ", 
  "PUSH1 0x00 ", 
  "ADD ", 
  "DUP1 ", 
  "SLOAD ", 
  "SWAP1 ", 
  "POP ", 
  "SUB ", 
  "DUP2 ", 
  "SLOAD ", 
  "DUP2 ", 
  "LT ", 
  "ISZERO ", 
  "ISZERO ", 
  "PUSH2 0x0a47 ", 
  "JUMPI ", 
  "ASSERTFAIL ", 
  "JUMPDEST ", 
  "SWAP1 ", 
  "PUSH1 0x00 ", 
  "MSTORE ", 
  "PUSH1 0x20 ", 
  "PUSH1 0x00 ", 
  "SHA3 ", 
  "SWAP1 ", 
  "PUSH1 0x20 ", 
  "SWAP2 ", 
  "DUP3 ", 
  "DUP3 ", 
  "DIV ", 
  "ADD ", 
  "SWAP2 ", 
  "SWAP1 ", 
  "MOD ", 
  "SWAP1 ", 
  "SLOAD ", 
  "SWAP1 ", 
  "PUSH2 0x0100 ", 
  "EXP ", 
  "SWAP1 ", 
  "DIV ", 
  "PUSH1 0x00 ", 
  "SIGNEXTEND ", 
  "DUP4 ", 
  "PUSH1 0x00 ", 
  "ADD ", 
  "DUP3 ", 
  "DUP2 ", 
  "SLOAD ", 
  "DUP2 ", 
  "LT ", 
  "ISZERO ", 
  "ISZERO ", 
  "PUSH2 0x0a78 ", 
  "JUMPI ", 
  "ASSERTFAIL ", 
  "JUMPDEST ", 
  "SWAP1 ", 
  "PUSH1 0x00 ", 
  "MSTORE ", 
  "PUSH1 0x20 ", 
  "PUSH1 0x00 ", 
  "SHA3 ", 
  "SWAP1 ", 
  "PUSH1 0x20 ", 
  "SWAP2 ", 
  "DUP3 ", 
  "DUP3 ", 
  "DIV ", 
  "ADD ", 
  "SWAP2 ", 
  "SWAP1 ", 
  "MOD ", 
  "PUSH2 0x0100 ", 
  "EXP ", 
  "DUP2 ", 
  "SLOAD ", 
  "DUP2 ", 
  "PUSH1 0xff ", 
  "MUL ", 
  "NOT ", 
  "AND ", 
  "SWAP1 ", 
  "DUP4 ", 
  "PUSH1 0x00 ", 
  "SIGNEXTEND ", 
  "PUSH1 0xff ", 
  "AND ", 
  "MUL ", 
  "OR ", 
  "SWAP1 ", 
  "SSTORE ", 
  "POP ", 
  "DUP3 ", 
  "PUSH1 0x00 ", 
  "ADD ", 
  "DUP1 ", 
  "SLOAD ", 
  "DUP1 ", 
  "SWAP2 ", 
  "SWAP1 ", 
  "PUSH1 0x01 ", 
  "SWAP1 ", 
  "SUB ", 
  "PUSH2 0x0abc ", 
  "SWAP2 ", 
  "SWAP1 ", 
  "PUSH2 0x1ca4 ", 
  "JUMP ", 
  "JUMPDEST ", 
  "POP ", 
  "JUMPDEST ", 
  "POP ", 
  "POP ", 
  "POP ", 
  "JUMP ", 
  "JUMPDEST ", 
  "PUSH1 0x00 ", 
  "DUP3 ", 
  "PUSH1 0x01 ", 
  "ADD ", 
  "PUSH1 0x00 ", 
  "DUP4 ", 
  "PUSH20 0xffffffffffffffffffffffffffffffffffffffff ", 
  "AND ", 
  "PUSH20 0xffffffffffffffffffffffffffffffffffffffff ", 
  "AND ", 
  "DUP2 ", 
  "MSTORE ", 
  "PUSH1 0x20 ", 
  "ADD ", 
  "SWAP1 ", 
  "DUP2 ", 
  "MSTORE ", 
  "PUSH1 0x20 ", 
  "ADD ", 
  "PUSH1 0x00 ", 
  "SHA3 ", 
  "PUSH1 0x00 ", 
  "SWAP1 ", 
  "SLOAD ", 
  "SWAP1 ", 
  "PUSH2 0x0100 ", 
  "EXP ", 
  "SWAP1 ", 
  "DIV ", 
  "PUSH1 0xff ", 
  "AND ", 
  "ISZERO ", 
  "PUSH2 0x0cfd ", 
  "JUMPI ", 
  "PUSH1 0x00 ", 
  "DUP4 ", 
  "PUSH1 0x01 ", 
  "ADD ", 
  "PUSH1 0x00 ", 
  "DUP5 ", 
  "PUSH20 0xffffffffffffffffffffffffffffffffffffffff ", 
  "AND ", 
  "PUSH20 0xffffffffffffffffffffffffffffffffffffffff ", 
  "AND ", 
  "DUP2 ", 
  "MSTORE ", 
  "PUSH1 0x20 ", 
  "ADD ", 
  "SWAP1 ", 
  "DUP2 ", 
  "MSTORE ", 
  "PUSH1 0x20 ", 
  "ADD ", 
  "PUSH1 0x00 ", 
  "SHA3 ", 
  "PUSH1 0x00 ", 
  "PUSH2 0x0100 ", 
  "EXP ", 
  "DUP2 ", 
  "SLOAD ", 
  "DUP2 ", 
  "PUSH1 0xff ", 
  "MUL ", 
  "NOT ", 
  "AND ", 
  "SWAP1 ", 
  "DUP4 ", 
  "ISZERO ", 
  "ISZERO ", 
  "MUL ", 
  "OR ", 
  "SWAP1 ", 
  "SSTORE ", 
  "POP ", 
  "DUP3 ", 
  "PUSH1 0x02 ", 
  "ADD ", 
  "PUSH1 0x00 ", 
  "DUP4 ", 
  "PUSH20 0xffffffffffffffffffffffffffffffffffffffff ", 
  "AND ", 
  "PUSH20 0xffffffffffffffffffffffffffffffffffffffff ", 
  "AND ", 
  "DUP2 ", 
  "MSTORE ", 
  "PUSH1 0x20 ", 
  "ADD ", 
  "SWAP1 ", 
  "DUP2 ", 
  "MSTORE ", 
  "PUSH1 0x20 ", 
  "ADD ", 
  "PUSH1 0x00 ", 
  "SHA3 ", 
  "SLOAD ", 
  "SWAP1 ", 
  "POP ", 
  "DUP1 ", 
  "DUP4 ", 
  "PUSH1 0x02 ", 
  "ADD ", 
  "PUSH1 0x00 ", 
  "DUP6 ", 
  "PUSH1 0x00 ", 
  "ADD ", 
  "PUSH1 0x01 ", 
  "DUP8 ", 
  "PUSH1 0x00 ", 
  "ADD ", 
  "DUP1 ", 
  "SLOAD ", 
  "SWAP1 ", 
  "POP ", 
  "SUB ", 
  "DUP2 ", 
  "SLOAD ", 
  "DUP2 ", 
  "LT ", 
  "ISZERO ", 
  "ISZERO ", 
  "PUSH2 0x0bd9 ", 
  "JUMPI ", 
  "ASSERTFAIL ", 
  "JUMPDEST ", 
  "SWAP1 ", 
  "PUSH1 0x00 ", 
  "MSTORE ", 
  "PUSH1 0x20 ", 
  "PUSH1 0x00 ", 
  "SHA3 ", 
  "SWAP1 ", 
  "ADD ", 
  "PUSH1 0x00 ", 
  "SWAP1 ", 
  "SLOAD ", 
  "SWAP1 ", 
  "PUSH2 0x0100 ", 
  "EXP ", 
  "SWAP1 ", 
  "DIV ", 
  "PUSH20 0xffffffffffffffffffffffffffffffffffffffff ", 
  "AND ", 
  "PUSH20 0xffffffffffffffffffffffffffffffffffffffff ", 
  "AND ", 
  "PUSH20 0xffffffffffffffffffffffffffffffffffffffff ", 
  "AND ", 
  "DUP2 ", 
  "MSTORE ", 
  "PUSH1 0x20 ", 
  "ADD ", 
  "SWAP1 ", 
  "DUP2 ", 
  "MSTORE ", 
  "PUSH1 0x20 ", 
  "ADD ", 
  "PUSH1 0x00 ", 
  "SHA3 ", 
  "DUP2 ", 
  "SWAP1 ", 
  "SSTORE ", 
  "POP ", 
  "DUP3 ", 
  "PUSH1 0x00 ", 
  "ADD ", 
  "PUSH1 0x01 ", 
  "DUP5 ", 
  "PUSH1 0x00 ", 
  "ADD ", 
  "DUP1 ", 
  "SLOAD ", 
  "SWAP1 ", 
  "POP ", 
  "SUB ", 
  "DUP2 ", 
  "SLOAD ", 
  "DUP2 ", 
  "LT ", 
  "ISZERO ", 
  "ISZERO ", 
  "PUSH2 0x0c5e ", 
  "JUMPI ", 
  "ASSERTFAIL ", 
  "JUMPDEST ", 
  "SWAP1 ", 
  "PUSH1 0x00 ", 
  "MSTORE ", 
  "PUSH1 0x20 ", 
  "PUSH1 0x00 ", 
  "SHA3 ", 
  "SWAP1 ", 
  "ADD ", 
  "PUSH1 0x00 ", 
  "SWAP1 ", 
  "SLOAD ", 
  "SWAP1 ", 
  "PUSH2 0x0100 ", 
  "EXP ", 
  "SWAP1 ", 
  "DIV ", 
  "PUSH20 0xffffffffffffffffffffffffffffffffffffffff ", 
  "AND ", 
  "DUP4 ", 
  "PUSH1 0x00 ", 
  "ADD ", 
  "DUP3 ", 
  "DUP2 ", 
  "SLOAD ", 
  "DUP2 ", 
  "LT ", 
  "ISZERO ", 
  "ISZERO ", 
  "PUSH2 0x0c9b ", 
  "JUMPI ", 
  "ASSERTFAIL ", 
  "JUMPDEST ", 
  "SWAP1 ", 
  "PUSH1 0x00 ", 
  "MSTORE ", 
  "PUSH1 0x20 ", 
  "PUSH1 0x00 ", 
  "SHA3 ", 
  "SWAP1 ", 
  "ADD ", 
  "PUSH1 0x00 ", 
  "PUSH2 0x0100 ", 
  "EXP ", 
  "DUP2 ", 
  "SLOAD ", 
  "DUP2 ", 
  "PUSH20 0xffffffffffffffffffffffffffffffffffffffff ", 
  "MUL ", 
  "NOT ", 
  "AND ", 
  "SWAP1 ", 
  "DUP4 ", 
  "PUSH20 0xffffffffffffffffffffffffffffffffffffffff ", 
  "AND ", 
  "MUL ", 
  "OR ", 
  "SWAP1 ", 
  "SSTORE ", 
  "POP ", 
  "DUP3 ", 
  "PUSH1 0x00 ", 
  "ADD ", 
  "DUP1 ", 
  "SLOAD ", 
  "DUP1 ", 
  "SWAP2 ", 
  "SWAP1 ", 
  "PUSH1 0x01 ", 
  "SWAP1 ", 
  "SUB ", 
  "PUSH2 0x0cfb ", 
  "SWAP2 ", 
  "SWAP1 ", 
  "PUSH2 0x1cde ", 
  "JUMP ", 
  "JUMPDEST ", 
  "POP ", 
  "JUMPDEST ", 
  "POP ", 
  "POP ", 
  "POP ", 
  "JUMP ", 
  "JUMPDEST ", 
  "PUSH1 0x00 ", 
  "DUP3 ", 
  "PUSH1 0x01 ", 
  "ADD ", 
  "PUSH1 0x00 ", 
  "DUP4 ", 
  "DUP2 ", 
  "MSTORE ", 
  "PUSH1 0x20 ", 
  "ADD ", 
  "SWAP1 ", 
  "DUP2 ", 
  "MSTORE ", 
  "PUSH1 0x20 ", 
  "ADD ", 
  "PUSH1 0x00 ", 
  "SHA3 ", 
  "PUSH1 0x00 ", 
  "SWAP1 ", 
  "SLOAD ", 
  "SWAP1 ", 
  "PUSH2 0x0100 ", 
  "EXP ", 
  "SWAP1 ", 
  "DIV ", 
  "PUSH1 0xff ", 
  "AND ", 
  "SWAP1 ", 
  "POP ", 
  "SWAP3 ", 
  "SWAP2 ", 
  "POP ", 
  "POP ", 
  "JUMP ", 
  "JUMPDEST ", 
  "PUSH1 0x00 ", 
  "DUP3 ", 
  "PUSH1 0x01 ", 
  "ADD ", 
  "PUSH1 0x00 ", 
  "DUP4 ", 
  "DUP2 ", 
  "MSTORE ", 
  "PUSH1 0x20 ", 
  "ADD ", 
  "SWAP1 ", 
  "DUP2 ", 
  "MSTORE ", 
  "PUSH1 0x20 ", 
  "ADD ", 
  "PUSH1 0x00 ", 
  "SHA3 ", 
  "PUSH1 0x00 ", 
  "SWAP1 ", 
  "SLOAD ", 
  "SWAP1 ", 
  "PUSH2 0x0100 ", 
  "EXP ", 
  "SWAP1 ", 
  "DIV ", 
  "PUSH1 0xff ", 
  "AND ", 
  "ISZERO ", 
  "PUSH2 0x0e3f ", 
  "JUMPI ", 
  "PUSH1 0x00 ", 
  "DUP4 ", 
  "PUSH1 0x01 ", 
  "ADD ", 
  "PUSH1 0x00 ", 
  "DUP5 ", 
  "DUP2 ", 
  "MSTORE ", 
  "PUSH1 0x20 ", 
  "ADD ", 
  "SWAP1 ", 
  "DUP2 ", 
  "MSTORE ", 
  "PUSH1 0x20 ", 
  "ADD ", 
  "PUSH1 0x00 ", 
  "SHA3 ", 
  "PUSH1 0x00 ", 
  "PUSH2 0x0100 ", 
  "EXP ", 
  "DUP2 ", 
  "SLOAD ", 
  "DUP2 ", 
  "PUSH1 0xff ", 
  "MUL ", 
  "NOT ", 
  "AND ", 
  "SWAP1 ", 
  "DUP4 ", 
  "ISZERO ", 
  "ISZERO ", 
  "MUL ", 
  "OR ", 
  "SWAP1 ", 
  "SSTORE ", 
  "POP ", 
  "DUP3 ", 
  "PUSH1 0x02 ", 
  "ADD ", 
  "PUSH1 0x00 ", 
  "DUP4 ", 
  "DUP2 ", 
  "MSTORE ", 
  "PUSH1 0x20 ", 
  "ADD ", 
  "SWAP1 ", 
  "DUP2 ", 
  "MSTORE ", 
  "PUSH1 0x20 ", 
  "ADD ", 
  "PUSH1 0x00 ", 
  "SHA3 ", 
  "SLOAD ", 
  "SWAP1 ", 
  "POP ", 
  "DUP1 ", 
  "DUP4 ", 
  "PUSH1 0x02 ", 
  "ADD ", 
  "PUSH1 0x00 ", 
  "DUP6 ", 
  "PUSH1 0x00 ", 
  "ADD ", 
  "PUSH1 0x01 ", 
  "DUP8 ", 
  "PUSH1 0x00 ", 
  "ADD ", 
  "DUP1 ", 
  "SLOAD ", 
  "SWAP1 ", 
  "POP ", 
  "SUB ", 
  "DUP2 ", 
  "SLOAD ", 
  "DUP2 ", 
  "LT ", 
  "ISZERO ", 
  "ISZERO ", 
  "PUSH2 0x0dc1 ", 
  "JUMPI ", 
  "ASSERTFAIL ", 
  "JUMPDEST ", 
  "SWAP1 ", 
  "PUSH1 0x00 ", 
  "MSTORE ", 
  "PUSH1 0x20 ", 
  "PUSH1 0x00 ", 
  "SHA3 ", 
  "SWAP1 ", 
  "ADD ", 
  "SLOAD ", 
  "DUP2 ", 
  "MSTORE ", 
  "PUSH1 0x20 ", 
  "ADD ", 
  "SWAP1 ", 
  "DUP2 ", 
  "MSTORE ", 
  "PUSH1 0x20 ", 
  "ADD ", 
  "PUSH1 0x00 ", 
  "SHA3 ", 
  "DUP2 ", 
  "SWAP1 ", 
  "SSTORE ", 
  "POP ", 
  "DUP3 ", 
  "PUSH1 0x00 ", 
  "ADD ", 
  "PUSH1 0x01 ", 
  "DUP5 ", 
  "PUSH1 0x00 ", 
  "ADD ", 
  "DUP1 ", 
  "SLOAD ", 
  "SWAP1 ", 
  "POP ", 
  "SUB ", 
  "DUP2 ", 
  "SLOAD ", 
  "DUP2 ", 
  "LT ", 
  "ISZERO ", 
  "ISZERO ", 
  "PUSH2 0x0dfa ", 
  "JUMPI ", 
  "ASSERTFAIL ", 
  "JUMPDEST ", 
  "SWAP1 ", 
  "PUSH1 0x00 ", 
  "MSTORE ", 
  "PUSH1 0x20 ", 
  "PUSH1 0x00 ", 
  "SHA3 ", 
  "SWAP1 ", 
  "ADD ", 
  "SLOAD ", 
  "DUP4 ", 
  "PUSH1 0x00 ", 
  "ADD ", 
  "DUP3 ", 
  "DUP2 ", 
  "SLOAD ", 
  "DUP2 ", 
  "LT ", 
  "ISZERO ", 
  "ISZERO ", 
  "PUSH2 0x0e17 ", 
  "JUMPI ", 
  "ASSERTFAIL ", 
  "JUMPDEST ", 
  "SWAP1 ", 
  "PUSH1 0x00 ", 
  "MSTORE ", 
  "PUSH1 0x20 ", 
  "PUSH1 0x00 ", 
  "SHA3 ", 
  "SWAP1 ", 
  "ADD ", 
  "DUP2 ", 
  "SWAP1 ", 
  "SSTORE ", 
  "POP ", 
  "DUP3 ", 
  "PUSH1 0x00 ", 
  "ADD ", 
  "DUP1 ", 
  "SLOAD ", 
  "DUP1 ", 
  "SWAP2 ", 
  "SWAP1 ", 
  "PUSH1 0x01 ", 
  "SWAP1 ", 
  "SUB ", 
  "PUSH2 0x0e3d ", 
  "SWAP2 ", 
  "SWAP1 ", 
  "PUSH2 0x1d0a ", 
  "JUMP ", 
  "JUMPDEST ", 
  "POP ", 
  "JUMPDEST ", 
  "POP ", 
  "POP ", 
  "POP ", 
  "JUMP ", 
  "JUMPDEST ", 
  "PUSH1 0x00 ", 
  "DUP3 ", 
  "PUSH1 0x01 ", 
  "ADD ", 
  "PUSH1 0x00 ", 
  "DUP4 ", 
  "PUSH1 0xff ", 
  "AND ", 
  "PUSH1 0xff ", 
  "AND ", 
  "DUP2 ", 
  "MSTORE ", 
  "PUSH1 0x20 ", 
  "ADD ", 
  "SWAP1 ", 
  "DUP2 ", 
  "MSTORE ", 
  "PUSH1 0x20 ", 
  "ADD ", 
  "PUSH1 0x00 ", 
  "SHA3 ", 
  "PUSH1 0x00 ", 
  "SWAP1 ", 
  "SLOAD ", 
  "SWAP1 ", 
  "PUSH2 0x0100 ", 
  "EXP ", 
  "SWAP1 ", 
  "DIV ", 
  "PUSH1 0xff ", 
  "AND ", 
  "SWAP1 ", 
  "POP ", 
  "SWAP3 ", 
  "SWAP2 ", 
  "POP ", 
  "POP ", 
  "JUMP ", 
  "JUMPDEST ", 
  "PUSH1 0x00 ", 
  "DUP2 ", 
  "PUSH1 0x00 ", 
  "ADD ", 
  "DUP1 ", 
  "SLOAD ", 
  "SWAP1 ", 
  "POP ", 
  "SWAP1 ", 
  "POP ", 
  "SWAP2 ", 
  "SWAP1 ", 
  "POP ", 
  "JUMP ", 
  "JUMPDEST ", 
  "PUSH1 0x00 ", 
  "DUP3 ", 
  "PUSH1 0x01 ", 
  "ADD ", 
  "PUSH1 0x00 ", 
  "DUP4 ", 
  "PUSH1 0xff ", 
  "AND ", 
  "PUSH1 0xff ", 
  "AND ", 
  "DUP2 ", 
  "MSTORE ", 
  "PUSH1 0x20 ", 
  "ADD ", 
  "SWAP1 ", 
  "DUP2 ", 
  "MSTORE ", 
  "PUSH1 0x20 ", 
  "ADD ", 
  "PUSH1 0x00 ", 
  "SHA3 ", 
  "PUSH1 0x00 ", 
  "SWAP1 ", 
  "SLOAD ", 
  "SWAP1 ", 
  "PUSH2 0x0100 ", 
  "EXP ", 
  "SWAP1 ", 
  "DIV ", 
  "PUSH1 0xff ", 
  "AND ", 
  "ISZERO ", 
  "PUSH2 0x0ff3 ", 
  "JUMPI ", 
  "PUSH1 0x00 ", 
  "DUP4 ", 
  "PUSH1 0x01 ", 
  "ADD ", 
  "PUSH1 0x00 ", 
  "DUP5 ", 
  "PUSH1 0xff ", 
  "AND ", 
  "PUSH1 0xff ", 
  "AND ", 
  "DUP2 ", 
  "MSTORE ", 
  "PUSH1 0x20 ", 
  "ADD ", 
  "SWAP1 ", 
  "DUP2 ", 
  "MSTORE ", 
  "PUSH1 0x20 ", 
  "ADD ", 
  "PUSH1 0x00 ", 
  "SHA3 ", 
  "PUSH1 0x00 ", 
  "PUSH2 0x0100 ", 
  "EXP ", 
  "DUP2 ", 
  "SLOAD ", 
  "DUP2 ", 
  "PUSH1 0xff ", 
  "MUL ", 
  "NOT ", 
  "AND ", 
  "SWAP1 ", 
  "DUP4 ", 
  "ISZERO ", 
  "ISZERO ", 
  "MUL ", 
  "OR ", 
  "SWAP1 ", 
  "SSTORE ", 
  "POP ", 
  "DUP3 ", 
  "PUSH1 0x02 ", 
  "ADD ", 
  "PUSH1 0x00 ", 
  "DUP4 ", 
  "PUSH1 0xff ", 
  "AND ", 
  "PUSH1 0xff ", 
  "AND ", 
  "DUP2 ", 
  "MSTORE ", 
  "PUSH1 0x20 ", 
  "ADD ", 
  "SWAP1 ", 
  "DUP2 ", 
  "MSTORE ", 
  "PUSH1 0x20 ", 
  "ADD ", 
  "PUSH1 0x00 ", 
  "SHA3 ", 
  "SLOAD ", 
  "SWAP1 ", 
  "POP ", 
  "DUP1 ", 
  "DUP4 ", 
  "PUSH1 0x02 ", 
  "ADD ", 
  "PUSH1 0x00 ", 
  "DUP6 ", 
  "PUSH1 0x00 ", 
  "ADD ", 
  "PUSH1 0x01 ", 
  "DUP8 ", 
  "PUSH1 0x00 ", 
  "ADD ", 
  "DUP1 ", 
  "SLOAD ", 
  "SWAP1 ", 
  "POP ", 
  "SUB ", 
  "DUP2 ", 
  "SLOAD ", 
  "DUP2 ", 
  "LT ", 
  "ISZERO ", 
  "ISZERO ", 
  "PUSH2 0x0f2c ", 
  "JUMPI ", 
  "ASSERTFAIL ", 
  "JUMPDEST ", 
  "SWAP1 ", 
  "PUSH1 0x00 ", 
  "MSTORE ", 
  "PUSH1 0x20 ", 
  "PUSH1 0x00 ", 
  "SHA3 ", 
  "SWAP1 ", 
  "PUSH1 0x20 ", 
  "SWAP2 ", 
  "DUP3 ", 
  "DUP3 ", 
  "DIV ", 
  "ADD ", 
  "SWAP2 ", 
  "SWAP1 ", 
  "MOD ", 
  "SWAP1 ", 
  "SLOAD ", 
  "SWAP1 ", 
  "PUSH2 0x0100 ", 
  "EXP ", 
  "SWAP1 ", 
  "DIV ", 
  "PUSH1 0xff ", 
  "AND ", 
  "PUSH1 0xff ", 
  "AND ", 
  "PUSH1 0xff ", 
  "AND ", 
  "DUP2 ", 
  "MSTORE ", 
  "PUSH1 0x20 ", 
  "ADD ", 
  "SWAP1 ", 
  "DUP2 ", 
  "MSTORE ", 
  "PUSH1 0x20 ", 
  "ADD ", 
  "PUSH1 0x00 ", 
  "SHA3 ", 
  "DUP2 ", 
  "SWAP1 ", 
  "SSTORE ", 
  "POP ", 
  "DUP3 ", 
  "PUSH1 0x00 ", 
  "ADD ", 
  "PUSH1 0x01 ", 
  "DUP5 ", 
  "PUSH1 0x00 ", 
  "ADD ", 
  "DUP1 ", 
  "SLOAD ", 
  "SWAP1 ", 
  "POP ", 
  "SUB ", 
  "DUP2 ", 
  "SLOAD ", 
  "DUP2 ", 
  "LT ", 
  "ISZERO ", 
  "ISZERO ", 
  "PUSH2 0x0f7f ", 
  "JUMPI ", 
  "ASSERTFAIL ", 
  "JUMPDEST ", 
  "SWAP1 ", 
  "PUSH1 0x00 ", 
  "MSTORE ", 
  "PUSH1 0x20 ", 
  "PUSH1 0x00 ", 
  "SHA3 ", 
  "SWAP1 ", 
  "PUSH1 0x20 ", 
  "SWAP2 ", 
  "DUP3 ", 
  "DUP3 ", 
  "DIV ", 
  "ADD ", 
  "SWAP2 ", 
  "SWAP1 ", 
  "MOD ", 
  "SWAP1 ", 
  "SLOAD ", 
  "SWAP1 ", 
  "PUSH2 0x0100 ", 
  "EXP ", 
  "SWAP1 ", 
  "DIV ", 
  "PUSH1 0xff ", 
  "AND ", 
  "DUP4 ", 
  "PUSH1 0x00 ", 
  "ADD ", 
  "DUP3 ", 
  "DUP2 ", 
  "SLOAD ", 
  "DUP2 ", 
  "LT ", 
  "ISZERO ", 
  "ISZERO ", 
  "PUSH2 0x0fb0 ", 
  "JUMPI ", 
  "ASSERTFAIL ", 
  "JUMPDEST ", 
  "SWAP1 ", 
  "PUSH1 0x00 ", 
  "MSTORE ", 
  "PUSH1 0x20 ", 
  "PUSH1 0x00 ", 
  "SHA3 ", 
  "SWAP1 ", 
  "PUSH1 0x20 ", 
  "SWAP2 ", 
  "DUP3 ", 
  "DUP3 ", 
  "DIV ", 
  "ADD ", 
  "SWAP2 ", 
  "SWAP1 ", 
  "MOD ", 
  "PUSH2 0x0100 ", 
  "EXP ", 
  "DUP2 ", 
  "SLOAD ", 
  "DUP2 ", 
  "PUSH1 0xff ", 
  "MUL ", 
  "NOT ", 
  "AND ", 
  "SWAP1 ", 
  "DUP4 ", 
  "PUSH1 0xff ", 
  "AND ", 
  "MUL ", 
  "OR ", 
  "SWAP1 ", 
  "SSTORE ", 
  "POP ", 
  "DUP3 ", 
  "PUSH1 0x00 ", 
  "ADD ", 
  "DUP1 ", 
  "SLOAD ", 
  "DUP1 ", 
  "SWAP2 ", 
  "SWAP1 ", 
  "PUSH1 0x01 ", 
  "SWAP1 ", 
  "SUB ", 
  "PUSH2 0x0ff1 ", 
  "SWAP2 ", 
  "SWAP1 ", 
  "PUSH2 0x1d36 ", 
  "JUMP ", 
  "JUMPDEST ", 
  "POP ", 
  "JUMPDEST ", 
  "POP ", 
  "POP ", 
  "POP ", 
  "JUMP ", 
  "JUMPDEST ", 
  "PUSH1 0x00 ", 
  "DUP2 ", 
  "PUSH1 0x00 ", 
  "ADD ", 
  "DUP1 ", 
  "SLOAD ", 
  "SWAP1 ", 
  "POP ", 
  "SWAP1 ", 
  "POP ", 
  "SWAP2 ", 
  "SWAP1 ", 
  "POP ", 
  "JUMP ", 
  "JUMPDEST ", 
  "PUSH1 0x00 ", 
  "DUP2 ", 
  "PUSH1 0x00 ", 
  "ADD ", 
  "DUP1 ", 
  "SLOAD ", 
  "SWAP1 ", 
  "POP ", 
  "SWAP1 ", 
  "POP ", 
  "SWAP2 ", 
  "SWAP1 ", 
  "POP ", 
  "JUMP ", 
  "JUMPDEST ", 
  "DUP2 ", 
  "PUSH1 0x01 ", 
  "ADD ", 
  "PUSH1 0x00 ", 
  "DUP3 ", 
  "PUSH1 0x00 ", 
  "NOT ", 
  "AND ", 
  "PUSH1 0x00 ", 
  "NOT ", 
  "AND ", 
  "DUP2 ", 
  "MSTORE ", 
  "PUSH1 0x20 ", 
  "ADD ", 
  "SWAP1 ", 
  "DUP2 ", 
  "MSTORE ", 
  "PUSH1 0x20 ", 
  "ADD ", 
  "PUSH1 0x00 ", 
  "SHA3 ", 
  "PUSH1 0x00 ", 
  "SWAP1 ", 
  "SLOAD ", 
  "SWAP1 ", 
  "PUSH2 0x0100 ", 
  "EXP ", 
  "SWAP1 ", 
  "DIV ", 
  "PUSH1 0xff ", 
  "AND ", 
  "ISZERO ", 
  "ISZERO ", 
  "PUSH2 0x10dc ", 
  "JUMPI ", 
  "PUSH1 0x01 ", 
  "DUP3 ", 
  "PUSH1 0x01 ", 
  "ADD ", 
  "PUSH1 0x00 ", 
  "DUP4 ", 
  "PUSH1 0x00 ", 
  "NOT ", 
  "AND ", 
  "PUSH1 0x00 ", 
  "NOT ", 
  "AND ", 
  "DUP2 ", 
  "MSTORE ", 
  "PUSH1 0x20 ", 
  "ADD ", 
  "SWAP1 ", 
  "DUP2 ", 
  "MSTORE ", 
  "PUSH1 0x20 ", 
  "ADD ", 
  "PUSH1 0x00 ", 
  "SHA3 ", 
  "PUSH1 0x00 ", 
  "PUSH2 0x0100 ", 
  "EXP ", 
  "DUP2 ", 
  "SLOAD ", 
  "DUP2 ", 
  "PUSH1 0xff ", 
  "MUL ", 
  "NOT ", 
  "AND ", 
  "SWAP1 ", 
  "DUP4 ", 
  "ISZERO ", 
  "ISZERO ", 
  "MUL ", 
  "OR ", 
  "SWAP1 ", 
  "SSTORE ", 
  "POP ", 
  "DUP2 ", 
  "PUSH1 0x00 ", 
  "ADD ", 
  "DUP1 ", 
  "SLOAD ", 
  "SWAP1 ", 
  "POP ", 
  "DUP3 ", 
  "PUSH1 0x02 ", 
  "ADD ", 
  "PUSH1 0x00 ", 
  "DUP4 ", 
  "PUSH1 0x00 ", 
  "NOT ", 
  "AND ", 
  "PUSH1 0x00 ", 
  "NOT ", 
  "AND ", 
  "DUP2 ", 
  "MSTORE ", 
  "PUSH1 0x20 ", 
  "ADD ", 
  "SWAP1 ", 
  "DUP2 ", 
  "MSTORE ", 
  "PUSH1 0x20 ", 
  "ADD ", 
  "PUSH1 0x00 ", 
  "SHA3 ", 
  "DUP2 ", 
  "SWAP1 ", 
  "SSTORE ", 
  "POP ", 
  "DUP2 ", 
  "PUSH1 0x00 ", 
  "ADD ", 
  "DUP1 ", 
  "SLOAD ", 
  "DUP1 ", 
  "PUSH1 0x01 ", 
  "ADD ", 
  "DUP3 ", 
  "DUP2 ", 
  "PUSH2 0x10c0 ", 
  "SWAP2 ", 
  "SWAP1 ", 
  "PUSH2 0x1d70 ", 
  "JUMP ", 
  "JUMPDEST ", 
  "SWAP2 ", 
  "PUSH1 0x00 ", 
  "MSTORE ", 
  "PUSH1 0x20 ", 
  "PUSH1 0x00 ", 
  "SHA3 ", 
  "SWAP1 ", 
  "ADD ", 
  "PUSH1 0x00 ", 
  "DUP4 ", 
  "SWAP1 ", 
  "SWAP2 ", 
  "SWAP1 ", 
  "SWAP2 ", 
  "POP ", 
  "SWAP1 ", 
  "PUSH1 0x00 ", 
  "NOT ", 
  "AND ", 
  "SWAP1 ", 
  "SSTORE ", 
  "POP ", 
  "JUMPDEST ", 
  "POP ", 
  "POP ", 
  "JUMP ", 
  "JUMPDEST ", 
  "DUP2 ", 
  "PUSH1 0x01 ", 
  "ADD ", 
  "PUSH1 0x00 ", 
  "DUP3 ", 
  "PUSH31 0xffffffffffffffffffffffffffffffffffffffffffffffffffffffffffffff ", 
  "NOT ", 
  "AND ", 
  "PUSH31 0xffffffffffffffffffffffffffffffffffffffffffffffffffffffffffffff ", 
  "NOT ", 
  "AND ", 
  "DUP2 ", 
  "MSTORE ", 
  "PUSH1 0x20 ", 
  "ADD ", 
  "SWAP1 ", 
  "DUP2 ", 
  "MSTORE ", 
  "PUSH1 0x20 ", 
  "ADD ", 
  "PUSH1 0x00 ", 
  "SHA3 ", 
  "PUSH1 0x00 ", 
  "SWAP1 ", 
  "SLOAD ", 
  "SWAP1 ", 
  "PUSH2 0x0100 ", 
  "EXP ", 
  "SWAP1 ", 
  "DIV ", 
  "PUSH1 0xff ", 
  "AND ", 
  "ISZERO ", 
  "ISZERO ", 
  "PUSH2 0x128b ", 
  "JUMPI ", 
  "PUSH1 0x01 ", 
  "DUP3 ", 
  "PUSH1 0x01 ", 
  "ADD ", 
  "PUSH1 0x00 ", 
  "DUP4 ", 
  "PUSH31 0xffffffffffffffffffffffffffffffffffffffffffffffffffffffffffffff ", 
  "NOT ", 
  "AND ", 
  "PUSH31 0xffffffffffffffffffffffffffffffffffffffffffffffffffffffffffffff ", 
  "NOT ", 
  "AND ", 
  "DUP2 ", 
  "MSTORE ", 
  "PUSH1 0x20 ", 
  "ADD ", 
  "SWAP1 ", 
  "DUP2 ", 
  "MSTORE ", 
  "PUSH1 0x20 ", 
  "ADD ", 
  "PUSH1 0x00 ", 
  "SHA3 ", 
  "PUSH1 0x00 ", 
  "PUSH2 0x0100 ", 
  "EXP ", 
  "DUP2 ", 
  "SLOAD ", 
  "DUP2 ", 
  "PUSH1 0xff ", 
  "MUL ", 
  "NOT ", 
  "AND ", 
  "SWAP1 ", 
  "DUP4 ", 
  "ISZERO ", 
  "ISZERO ", 
  "MUL ", 
  "OR ", 
  "SWAP1 ", 
  "SSTORE ", 
  "POP ", 
  "DUP2 ", 
  "PUSH1 0x00 ", 
  "ADD ", 
  "DUP1 ", 
  "SLOAD ", 
  "SWAP1 ", 
  "POP ", 
  "DUP3 ", 
  "PUSH1 0x02 ", 
  "ADD ", 
  "PUSH1 0x00 ", 
  "DUP4 ", 
  "PUSH31 0xffffffffffffffffffffffffffffffffffffffffffffffffffffffffffffff ", 
  "NOT ", 
  "AND ", 
  "PUSH31 0xffffffffffffffffffffffffffffffffffffffffffffffffffffffffffffff ", 
  "NOT ", 
  "AND ", 
  "DUP2 ", 
  "MSTORE ", 
  "PUSH1 0x20 ", 
  "ADD ", 
  "SWAP1 ", 
  "DUP2 ", 
  "MSTORE ", 
  "PUSH1 0x20 ", 
  "ADD ", 
  "PUSH1 0x00 ", 
  "SHA3 ", 
  "DUP2 ", 
  "SWAP1 ", 
  "SSTORE ", 
  "POP ", 
  "DUP2 ", 
  "PUSH1 0x00 ", 
  "ADD ", 
  "DUP1 ", 
  "SLOAD ", 
  "DUP1 ", 
  "PUSH1 0x01 ", 
  "ADD ", 
  "DUP3 ", 
  "DUP2 ", 
  "PUSH2 0x123a ", 
  "SWAP2 ", 
  "SWAP1 ", 
  "PUSH2 0x1d9c ", 
  "JUMP ", 
  "JUMPDEST ", 
  "SWAP2 ", 
  "PUSH1 0x00 ", 
  "MSTORE ", 
  "PUSH1 0x20 ", 
  "PUSH1 0x00 ", 
  "SHA3 ", 
  "SWAP1 ", 
  "PUSH1 0x20 ", 
  "SWAP2 ", 
  "DUP3 ", 
  "DUP3 ", 
  "DIV ", 
  "ADD ", 
  "SWAP2 ", 
  "SWAP1 ", 
  "MOD ", 
  "DUP4 ", 
  "SWAP1 ", 
  "SWAP2 ", 
  "SWAP1 ", 
  "SWAP2 ", 
  "PUSH2 0x0100 ", 
  "EXP ", 
  "DUP2 ", 
  "SLOAD ", 
  "DUP2 ", 
  "PUSH1 0xff ", 
  "MUL ", 
  "NOT ", 
  "AND ", 
  "SWAP1 ", 
  "DUP4 ", 
  "PUSH32 0x0100000000000000000000000000000000000000000000000000000000000000 ", 
  "SWAP1 ", 
  "DIV ", 
  "MUL ", 
  "OR ", 
  "SWAP1 ", 
  "SSTORE ", 
  "POP ", 
  "POP ", 
  "JUMPDEST ", 
  "POP ", 
  "POP ", 
  "JUMP ", 
  "JUMPDEST ", 
  "PUSH1 0x00 ", 
  "DUP2 ", 
  "PUSH1 0x00 ", 
  "ADD ", 
  "DUP1 ", 
  "SLOAD ", 
  "SWAP1 ", 
  "POP ", 
  "SWAP1 ", 
  "POP ", 
  "SWAP2 ", 
  "SWAP1 ", 
  "POP ", 
  "JUMP ", 
  "JUMPDEST ", 
  "PUSH1 0x00 ", 
  "DUP3 ", 
  "PUSH1 0x01 ", 
  "ADD ", 
  "PUSH1 0x00 ", 
  "DUP4 ", 
  "PUSH31 0xffffffffffffffffffffffffffffffffffffffffffffffffffffffffffffff ", 
  "NOT ", 
  "AND ", 
  "PUSH31 0xffffffffffffffffffffffffffffffffffffffffffffffffffffffffffffff ", 
  "NOT ", 
  "AND ", 
  "DUP2 ", 
  "MSTORE ", 
  "PUSH1 0x20 ", 
  "ADD ", 
  "SWAP1 ", 
  "DUP2 ", 
  "MSTORE ", 
  "PUSH1 0x20 ", 
  "ADD ", 
  "PUSH1 0x00 ", 
  "SHA3 ", 
  "PUSH1 0x00 ", 
  "SWAP1 ", 
  "SLOAD ", 
  "SWAP1 ", 
  "PUSH2 0x0100 ", 
  "EXP ", 
  "SWAP1 ", 
  "DIV ", 
  "PUSH1 0xff ", 
  "AND ", 
  "SWAP1 ", 
  "POP ", 
  "SWAP3 ", 
  "SWAP2 ", 
  "POP ", 
  "POP ", 
  "JUMP ", 
  "JUMPDEST ", 
  "PUSH1 0x00 ", 
  "DUP3 ", 
  "PUSH1 0x01 ", 
  "ADD ", 
  "PUSH1 0x00 ", 
  "DUP4 ", 
  "DUP2 ", 
  "MSTORE ", 
  "PUSH1 0x20 ", 
  "ADD ", 
  "SWAP1 ", 
  "DUP2 ", 
  "MSTORE ", 
  "PUSH1 0x20 ", 
  "ADD ", 
  "PUSH1 0x00 ", 
  "SHA3 ", 
  "PUSH1 0x00 ", 
  "SWAP1 ", 
  "SLOAD ", 
  "SWAP1 ", 
  "PUSH2 0x0100 ", 
  "EXP ", 
  "SWAP1 ", 
  "DIV ", 
  "PUSH1 0xff ", 
  "AND ", 
  "ISZERO ", 
  "PUSH2 0x1421 ", 
  "JUMPI ", 
  "PUSH1 0x00 ", 
  "DUP4 ", 
  "PUSH1 0x01 ", 
  "ADD ", 
  "PUSH1 0x00 ", 
  "DUP5 ", 
  "DUP2 ", 
  "MSTORE ", 
  "PUSH1 0x20 ", 
  "ADD ", 
  "SWAP1 ", 
  "DUP2 ", 
  "MSTORE ", 
  "PUSH1 0x20 ", 
  "ADD ", 
  "PUSH1 0x00 ", 
  "SHA3 ", 
  "PUSH1 0x00 ", 
  "PUSH2 0x0100 ", 
  "EXP ", 
  "DUP2 ", 
  "SLOAD ", 
  "DUP2 ", 
  "PUSH1 0xff ", 
  "MUL ", 
  "NOT ", 
  "AND ", 
  "SWAP1 ", 
  "DUP4 ", 
  "ISZERO ", 
  "ISZERO ", 
  "MUL ", 
  "OR ", 
  "SWAP1 ", 
  "SSTORE ", 
  "POP ", 
  "DUP3 ", 
  "PUSH1 0x02 ", 
  "ADD ", 
  "PUSH1 0x00 ", 
  "DUP4 ", 
  "DUP2 ", 
  "MSTORE ", 
  "PUSH1 0x20 ", 
  "ADD ", 
  "SWAP1 ", 
  "DUP2 ", 
  "MSTORE ", 
  "PUSH1 0x20 ", 
  "ADD ", 
  "PUSH1 0x00 ", 
  "SHA3 ", 
  "SLOAD ", 
  "SWAP1 ", 
  "POP ", 
  "DUP1 ", 
  "DUP4 ", 
  "PUSH1 0x02 ", 
  "ADD ", 
  "PUSH1 0x00 ", 
  "DUP6 ", 
  "PUSH1 0x00 ", 
  "ADD ", 
  "PUSH1 0x01 ", 
  "DUP8 ", 
  "PUSH1 0x00 ", 
  "ADD ", 
  "DUP1 ", 
  "SLOAD ", 
  "SWAP1 ", 
  "POP ", 
  "SUB ", 
  "DUP2 ", 
  "SLOAD ", 
  "DUP2 ", 
  "LT ", 
  "ISZERO ", 
  "ISZERO ", 
  "PUSH2 0x13a3 ", 
  "JUMPI ", 
  "ASSERTFAIL ", 
  "JUMPDEST ", 
  "SWAP1 ", 
  "PUSH1 0x00 ", 
  "MSTORE ", 
  "PUSH1 0x20 ", 
  "PUSH1 0x00 ", 
  "SHA3 ", 
  "SWAP1 ", 
  "ADD ", 
  "SLOAD ", 
  "DUP2 ", 
  "MSTORE ", 
  "PUSH1 0x20 ", 
  "ADD ", 
  "SWAP1 ", 
  "DUP2 ", 
  "MSTORE ", 
  "PUSH1 0x20 ", 
  "ADD ", 
  "PUSH1 0x00 ", 
  "SHA3 ", 
  "DUP2 ", 
  "SWAP1 ", 
  "SSTORE ", 
  "POP ", 
  "DUP3 ", 
  "PUSH1 0x00 ", 
  "ADD ", 
  "PUSH1 0x01 ", 
  "DUP5 ", 
  "PUSH1 0x00 ", 
  "ADD ", 
  "DUP1 ", 
  "SLOAD ", 
  "SWAP1 ", 
  "POP ", 
  "SUB ", 
  "DUP2 ", 
  "SLOAD ", 
  "DUP2 ", 
  "LT ", 
  "ISZERO ", 
  "ISZERO ", 
  "PUSH2 0x13dc ", 
  "JUMPI ", 
  "ASSERTFAIL ", 
  "JUMPDEST ", 
  "SWAP1 ", 
  "PUSH1 0x00 ", 
  "MSTORE ", 
  "PUSH1 0x20 ", 
  "PUSH1 0x00 ", 
  "SHA3 ", 
  "SWAP1 ", 
  "ADD ", 
  "SLOAD ", 
  "DUP4 ", 
  "PUSH1 0x00 ", 
  "ADD ", 
  "DUP3 ", 
  "DUP2 ", 
  "SLOAD ", 
  "DUP2 ", 
  "LT ", 
  "ISZERO ", 
  "ISZERO ", 
  "PUSH2 0x13f9 ", 
  "JUMPI ", 
  "ASSERTFAIL ", 
  "JUMPDEST ", 
  "SWAP1 ", 
  "PUSH1 0x00 ", 
  "MSTORE ", 
  "PUSH1 0x20 ", 
  "PUSH1 0x00 ", 
  "SHA3 ", 
  "SWAP1 ", 
  "ADD ", 
  "DUP2 ", 
  "SWAP1 ", 
  "SSTORE ", 
  "POP ", 
  "DUP3 ", 
  "PUSH1 0x00 ", 
  "ADD ", 
  "DUP1 ", 
  "SLOAD ", 
  "DUP1 ", 
  "SWAP2 ", 
  "SWAP1 ", 
  "PUSH1 0x01 ", 
  "SWAP1 ", 
  "SUB ", 
  "PUSH2 0x141f ", 
  "SWAP2 ", 
  "SWAP1 ", 
  "PUSH2 0x1dd6 ", 
  "JUMP ", 
  "JUMPDEST ", 
  "POP ", 
  "JUMPDEST ", 
  "POP ", 
  "POP ", 
  "POP ", 
  "JUMP ", 
  "JUMPDEST ", 
  "PUSH1 0x00 ", 
  "DUP3 ", 
  "PUSH1 0x01 ", 
  "ADD ", 
  "PUSH1 0x00 ", 
  "DUP4 ", 
  "DUP2 ", 
  "MSTORE ", 
  "PUSH1 0x20 ", 
  "ADD ", 
  "SWAP1 ", 
  "DUP2 ", 
  "MSTORE ", 
  "PUSH1 0x20 ", 
  "ADD ", 
  "PUSH1 0x00 ", 
  "SHA3 ", 
  "PUSH1 0x00 ", 
  "SWAP1 ", 
  "SLOAD ", 
  "SWAP1 ", 
  "PUSH2 0x0100 ", 
  "EXP ", 
  "SWAP1 ", 
  "DIV ", 
  "PUSH1 0xff ", 
  "AND ", 
  "SWAP1 ", 
  "POP ", 
  "SWAP3 ", 
  "SWAP2 ", 
  "POP ", 
  "POP ", 
  "JUMP ", 
  "JUMPDEST ", 
  "PUSH1 0x00 ", 
  "DUP3 ", 
  "PUSH1 0x01 ", 
  "ADD ", 
  "PUSH1 0x00 ", 
  "DUP4 ", 
  "PUSH31 0xffffffffffffffffffffffffffffffffffffffffffffffffffffffffffffff ", 
  "NOT ", 
  "AND ", 
  "PUSH31 0xffffffffffffffffffffffffffffffffffffffffffffffffffffffffffffff ", 
  "NOT ", 
  "AND ", 
  "DUP2 ", 
  "MSTORE ", 
  "PUSH1 0x20 ", 
  "ADD ", 
  "SWAP1 ", 
  "DUP2 ", 
  "MSTORE ", 
  "PUSH1 0x20 ", 
  "ADD ", 
  "PUSH1 0x00 ", 
  "SHA3 ", 
  "PUSH1 0x00 ", 
  "SWAP1 ", 
  "SLOAD ", 
  "SWAP1 ", 
  "PUSH2 0x0100 ", 
  "EXP ", 
  "SWAP1 ", 
  "DIV ", 
  "PUSH1 0xff ", 
  "AND ", 
  "ISZERO ", 
  "PUSH2 0x1714 ", 
  "JUMPI ", 
  "PUSH1 0x00 ", 
  "DUP4 ", 
  "PUSH1 0x01 ", 
  "ADD ", 
  "PUSH1 0x00 ", 
  "DUP5 ", 
  "PUSH31 0xffffffffffffffffffffffffffffffffffffffffffffffffffffffffffffff ", 
  "NOT ", 
  "AND ", 
  "PUSH31 0xffffffffffffffffffffffffffffffffffffffffffffffffffffffffffffff ", 
  "NOT ", 
  "AND ", 
  "DUP2 ", 
  "MSTORE ", 
  "PUSH1 0x20 ", 
  "ADD ", 
  "SWAP1 ", 
  "DUP2 ", 
  "MSTORE ", 
  "PUSH1 0x20 ", 
  "ADD ", 
  "PUSH1 0x00 ", 
  "SHA3 ", 
  "PUSH1 0x00 ", 
  "PUSH2 0x0100 ", 
  "EXP ", 
  "DUP2 ", 
  "SLOAD ", 
  "DUP2 ", 
  "PUSH1 0xff ", 
  "MUL ", 
  "NOT ", 
  "AND ", 
  "SWAP1 ", 
  "DUP4 ", 
  "ISZERO ", 
  "ISZERO ", 
  "MUL ", 
  "OR ", 
  "SWAP1 ", 
  "SSTORE ", 
  "POP ", 
  "DUP3 ", 
  "PUSH1 0x02 ", 
  "ADD ", 
  "PUSH1 0x00 ", 
  "DUP4 ", 
  "PUSH31 0xffffffffffffffffffffffffffffffffffffffffffffffffffffffffffffff ", 
  "NOT ", 
  "AND ", 
  "PUSH31 0xffffffffffffffffffffffffffffffffffffffffffffffffffffffffffffff ", 
  "NOT ", 
  "AND ", 
  "DUP2 ", 
  "MSTORE ", 
  "PUSH1 0x20 ", 
  "ADD ", 
  "SWAP1 ", 
  "DUP2 ", 
  "MSTORE ", 
  "PUSH1 0x20 ", 
  "ADD ", 
  "PUSH1 0x00 ", 
  "SHA3 ", 
  "SLOAD ", 
  "SWAP1 ", 
  "POP ", 
  "DUP1 ", 
  "DUP4 ", 
  "PUSH1 0x02 ", 
  "ADD ", 
  "PUSH1 0x00 ", 
  "DUP6 ", 
  "PUSH1 0x00 ", 
  "ADD ", 
  "PUSH1 0x01 ", 
  "DUP8 ", 
  "PUSH1 0x00 ", 
  "ADD ", 
  "DUP1 ", 
  "SLOAD ", 
  "SWAP1 ", 
  "POP ", 
  "SUB ", 
  "DUP2 ", 
  "SLOAD ", 
  "DUP2 ", 
  "LT ", 
  "ISZERO ", 
  "ISZERO ", 
  "PUSH2 0x15b1 ", 
  "JUMPI ", 
  "ASSERTFAIL ", 
  "JUMPDEST ", 
  "SWAP1 ", 
  "PUSH1 0x00 ", 
  "MSTORE ", 
  "PUSH1 0x20 ", 
  "PUSH1 0x00 ", 
  "SHA3 ", 
  "SWAP1 ", 
  "PUSH1 0x20 ", 
  "SWAP2 ", 
  "DUP3 ", 
  "DUP3 ", 
  "DIV ", 
  "ADD ", 
  "SWAP2 ", 
  "SWAP1 ", 
  "MOD ", 
  "SWAP1 ", 
  "SLOAD ", 
  "SWAP1 ", 
  "PUSH2 0x0100 ", 
  "EXP ", 
  "SWAP1 ", 
  "DIV ", 
  "PUSH32 0x0100000000000000000000000000000000000000000000000000000000000000 ", 
  "MUL ", 
  "PUSH31 0xffffffffffffffffffffffffffffffffffffffffffffffffffffffffffffff ", 
  "NOT ", 
  "AND ", 
  "PUSH31 0xffffffffffffffffffffffffffffffffffffffffffffffffffffffffffffff ", 
  "NOT ", 
  "AND ", 
  "DUP2 ", 
  "MSTORE ", 
  "PUSH1 0x20 ", 
  "ADD ", 
  "SWAP1 ", 
  "DUP2 ", 
  "MSTORE ", 
  "PUSH1 0x20 ", 
  "ADD ", 
  "PUSH1 0x00 ", 
  "SHA3 ", 
  "DUP2 ", 
  "SWAP1 ", 
  "SSTORE ", 
  "POP ", 
  "DUP3 ", 
  "PUSH1 0x00 ", 
  "ADD ", 
  "PUSH1 0x01 ", 
  "DUP5 ", 
  "PUSH1 0x00 ", 
  "ADD ", 
  "DUP1 ", 
  "SLOAD ", 
  "SWAP1 ", 
  "POP ", 
  "SUB ", 
  "DUP2 ", 
  "SLOAD ", 
  "DUP2 ", 
  "LT ", 
  "ISZERO ", 
  "ISZERO ", 
  "PUSH2 0x1661 ", 
  "JUMPI ", 
  "ASSERTFAIL ", 
  "JUMPDEST ", 
  "SWAP1 ", 
  "PUSH1 0x00 ", 
  "MSTORE ", 
  "PUSH1 0x20 ", 
  "PUSH1 0x00 ", 
  "SHA3 ", 
  "SWAP1 ", 
  "PUSH1 0x20 ", 
  "SWAP2 ", 
  "DUP3 ", 
  "DUP3 ", 
  "DIV ", 
  "ADD ", 
  "SWAP2 ", 
  "SWAP1 ", 
  "MOD ", 
  "SWAP1 ", 
  "SLOAD ", 
  "SWAP1 ", 
  "PUSH2 0x0100 ", 
  "EXP ", 
  "SWAP1 ", 
  "DIV ", 
  "PUSH32 0x0100000000000000000000000000000000000000000000000000000000000000 ", 
  "MUL ", 
  "DUP4 ", 
  "PUSH1 0x00 ", 
  "ADD ", 
  "DUP3 ", 
  "DUP2 ", 
  "SLOAD ", 
  "DUP2 ", 
  "LT ", 
  "ISZERO ", 
  "ISZERO ", 
  "PUSH2 0x16b1 ", 
  "JUMPI ", 
  "ASSERTFAIL ", 
  "JUMPDEST ", 
  "SWAP1 ", 
  "PUSH1 0x00 ", 
  "MSTORE ", 
  "PUSH1 0x20 ", 
  "PUSH1 0x00 ", 
  "SHA3 ", 
  "SWAP1 ", 
  "PUSH1 0x20 ", 
  "SWAP2 ", 
  "DUP3 ", 
  "DUP3 ", 
  "DIV ", 
  "ADD ", 
  "SWAP2 ", 
  "SWAP1 ", 
  "MOD ", 
  "PUSH2 0x0100 ", 
  "EXP ", 
  "DUP2 ", 
  "SLOAD ", 
  "DUP2 ", 
  "PUSH1 0xff ", 
  "MUL ", 
  "NOT ", 
  "AND ", 
  "SWAP1 ", 
  "DUP4 ", 
  "PUSH32 0x0100000000000000000000000000000000000000000000000000000000000000 ", 
  "SWAP1 ", 
  "DIV ", 
  "MUL ", 
  "OR ", 
  "SWAP1 ", 
  "SSTORE ", 
  "POP ", 
  "DUP3 ", 
  "PUSH1 0x00 ", 
  "ADD ", 
  "DUP1 ", 
  "SLOAD ", 
  "DUP1 ", 
  "SWAP2 ", 
  "SWAP1 ", 
  "PUSH1 0x01 ", 
  "SWAP1 ", 
  "SUB ", 
  "PUSH2 0x1712 ", 
  "SWAP2 ", 
  "SWAP1 ", 
  "PUSH2 0x1e02 ", 
  "JUMP ", 
  "JUMPDEST ", 
  "POP ", 
  "JUMPDEST ", 
  "POP ", 
  "POP ", 
  "POP ", 
  "JUMP ", 
  "JUMPDEST ", 
  "PUSH1 0x00 ", 
  "DUP2 ", 
  "PUSH1 0x00 ", 
  "ADD ", 
  "DUP1 ", 
  "SLOAD ", 
  "SWAP1 ", 
  "POP ", 
  "SWAP1 ", 
  "POP ", 
  "SWAP2 ", 
  "SWAP1 ", 
  "POP ", 
  "JUMP ", 
  "JUMPDEST ", 
  "PUSH1 0x00 ", 
  "DUP3 ", 
  "PUSH1 0x01 ", 
  "ADD ", 
  "PUSH1 0x00 ", 
  "DUP4 ", 
  "PUSH1 0x00 ", 
  "SIGNEXTEND ", 
  "PUSH1 0x00 ", 
  "SIGNEXTEND ", 
  "DUP2 ", 
  "MSTORE ", 
  "PUSH1 0x20 ", 
  "ADD ", 
  "SWAP1 ", 
  "DUP2 ", 
  "MSTORE ", 
  "PUSH1 0x20 ", 
  "ADD ", 
  "PUSH1 0x00 ", 
  "SHA3 ", 
  "PUSH1 0x00 ", 
  "SWAP1 ", 
  "SLOAD ", 
  "SWAP1 ", 
  "PUSH2 0x0100 ", 
  "EXP ", 
  "SWAP1 ", 
  "DIV ", 
  "PUSH1 0xff ", 
  "AND ", 
  "SWAP1 ", 
  "POP ", 
  "SWAP3 ", 
  "SWAP2 ", 
  "POP ", 
  "POP ", 
  "JUMP ", 
  "JUMPDEST ", 
  "PUSH1 0x00 ", 
  "DUP3 ", 
  "PUSH1 0x01 ", 
  "ADD ", 
  "PUSH1 0x00 ", 
  "DUP4 ", 
  "PUSH1 0x00 ", 
  "NOT ", 
  "AND ", 
  "PUSH1 0x00 ", 
  "NOT ", 
  "AND ", 
  "DUP2 ", 
  "MSTORE ", 
  "PUSH1 0x20 ", 
  "ADD ", 
  "SWAP1 ", 
  "DUP2 ", 
  "MSTORE ", 
  "PUSH1 0x20 ", 
  "ADD ", 
  "PUSH1 0x00 ", 
  "SHA3 ", 
  "PUSH1 0x00 ", 
  "SWAP1 ", 
  "SLOAD ", 
  "SWAP1 ", 
  "PUSH2 0x0100 ", 
  "EXP ", 
  "SWAP1 ", 
  "DIV ", 
  "PUSH1 0xff ", 
  "AND ", 
  "SWAP1 ", 
  "POP ", 
  "SWAP3 ", 
  "SWAP2 ", 
  "POP ", 
  "POP ", 
  "JUMP ", 
  "JUMPDEST ", 
  "DUP2 ", 
  "PUSH1 0x01 ", 
  "ADD ", 
  "PUSH1 0x00 ", 
  "DUP3 ", 
  "DUP2 ", 
  "MSTORE ", 
  "PUSH1 0x20 ", 
  "ADD ", 
  "SWAP1 ", 
  "DUP2 ", 
  "MSTORE ", 
  "PUSH1 0x20 ", 
  "ADD ", 
  "PUSH1 0x00 ", 
  "SHA3 ", 
  "PUSH1 0x00 ", 
  "SWAP1 ", 
  "SLOAD ", 
  "SWAP1 ", 
  "PUSH2 0x0100 ", 
  "EXP ", 
  "SWAP1 ", 
  "DIV ", 
  "PUSH1 0xff ", 
  "AND ", 
  "ISZERO ", 
  "ISZERO ", 
  "PUSH2 0x1836 ", 
  "JUMPI ", 
  "PUSH1 0x01 ", 
  "DUP3 ", 
  "PUSH1 0x01 ", 
  "ADD ", 
  "PUSH1 0x00 ", 
  "DUP4 ", 
  "DUP2 ", 
  "MSTORE ", 
  "PUSH1 0x20 ", 
  "ADD ", 
  "SWAP1 ", 
  "DUP2 ", 
  "MSTORE ", 
  "PUSH1 0x20 ", 
  "ADD ", 
  "PUSH1 0x00 ", 
  "SHA3 ", 
  "PUSH1 0x00 ", 
  "PUSH2 0x0100 ", 
  "EXP ", 
  "DUP2 ", 
  "SLOAD ", 
  "DUP2 ", 
  "PUSH1 0xff ", 
  "MUL ", 
  "NOT ", 
  "AND ", 
  "SWAP1 ", 
  "DUP4 ", 
  "ISZERO ", 
  "ISZERO ", 
  "MUL ", 
  "OR ", 
  "SWAP1 ", 
  "SSTORE ", 
  "POP ", 
  "DUP2 ", 
  "PUSH1 0x00 ", 
  "ADD ", 
  "DUP1 ", 
  "SLOAD ", 
  "SWAP1 ", 
  "POP ", 
  "DUP3 ", 
  "PUSH1 0x02 ", 
  "ADD ", 
  "PUSH1 0x00 ", 
  "DUP4 ", 
  "DUP2 ", 
  "MSTORE ", 
  "PUSH1 0x20 ", 
  "ADD ", 
  "SWAP1 ", 
  "DUP2 ", 
  "MSTORE ", 
  "PUSH1 0x20 ", 
  "ADD ", 
  "PUSH1 0x00 ", 
  "SHA3 ", 
  "DUP2 ", 
  "SWAP1 ", 
  "SSTORE ", 
  "POP ", 
  "DUP2 ", 
  "PUSH1 0x00 ", 
  "ADD ", 
  "DUP1 ", 
  "SLOAD ", 
  "DUP1 ", 
  "PUSH1 0x01 ", 
  "ADD ", 
  "DUP3 ", 
  "DUP2 ", 
  "PUSH2 0x1820 ", 
  "SWAP2 ", 
  "SWAP1 ", 
  "PUSH2 0x1e3c ", 
  "JUMP ", 
  "JUMPDEST ", 
  "SWAP2 ", 
  "PUSH1 0x00 ", 
  "MSTORE ", 
  "PUSH1 0x20 ", 
  "PUSH1 0x00 ", 
  "SHA3 ", 
  "SWAP1 ", 
  "ADD ", 
  "PUSH1 0x00 ", 
  "DUP4 ", 
  "SWAP1 ", 
  "SWAP2 ", 
  "SWAP1 ", 
  "SWAP2 ", 
  "POP ", 
  "SSTORE ", 
  "POP ", 
  "JUMPDEST ", 
  "POP ", 
  "POP ", 
  "JUMP ", 
  "JUMPDEST ", 
  "DUP2 ", 
  "PUSH1 0x01 ", 
  "ADD ", 
  "PUSH1 0x00 ", 
  "DUP3 ", 
  "PUSH1 0x00 ", 
  "SIGNEXTEND ", 
  "PUSH1 0x00 ", 
  "SIGNEXTEND ", 
  "DUP2 ", 
  "MSTORE ", 
  "PUSH1 0x20 ", 
  "ADD ", 
  "SWAP1 ", 
  "DUP2 ", 
  "MSTORE ", 
  "PUSH1 0x20 ", 
  "ADD ", 
  "PUSH1 0x00 ", 
  "SHA3 ", 
  "PUSH1 0x00 ", 
  "SWAP1 ", 
  "SLOAD ", 
  "SWAP1 ", 
  "PUSH2 0x0100 ", 
  "EXP ", 
  "SWAP1 ", 
  "DIV ", 
  "PUSH1 0xff ", 
  "AND ", 
  "ISZERO ", 
  "ISZERO ", 
  "PUSH2 0x190e ", 
  "JUMPI ", 
  "PUSH1 0x01 ", 
  "DUP3 ", 
  "PUSH1 0x01 ", 
  "ADD ", 
  "PUSH1 0x00 ", 
  "DUP4 ", 
  "PUSH1 0x00 ", 
  "SIGNEXTEND ", 
  "PUSH1 0x00 ", 
  "SIGNEXTEND ", 
  "DUP2 ", 
  "MSTORE ", 
  "PUSH1 0x20 ", 
  "ADD ", 
  "SWAP1 ", 
  "DUP2 ", 
  "MSTORE ", 
  "PUSH1 0x20 ", 
  "ADD ", 
  "PUSH1 0x00 ", 
  "SHA3 ", 
  "PUSH1 0x00 ", 
  "PUSH2 0x0100 ", 
  "EXP ", 
  "DUP2 ", 
  "SLOAD ", 
  "DUP2 ", 
  "PUSH1 0xff ", 
  "MUL ", 
  "NOT ", 
  "AND ", 
  "SWAP1 ", 
  "DUP4 ", 
  "ISZERO ", 
  "ISZERO ", 
  "MUL ", 
  "OR ", 
  "SWAP1 ", 
  "SSTORE ", 
  "POP ", 
  "DUP2 ", 
  "PUSH1 0x00 ", 
  "ADD ", 
  "DUP1 ", 
  "SLOAD ", 
  "SWAP1 ", 
  "POP ", 
  "DUP3 ", 
  "PUSH1 0x02 ", 
  "ADD ", 
  "PUSH1 0x00 ", 
  "DUP4 ", 
  "PUSH1 0x00 ", 
  "SIGNEXTEND ", 
  "PUSH1 0x00 ", 
  "SIGNEXTEND ", 
  "DUP2 ", 
  "MSTORE ", 
  "PUSH1 0x20 ", 
  "ADD ", 
  "SWAP1 ", 
  "DUP2 ", 
  "MSTORE ", 
  "PUSH1 0x20 ", 
  "ADD ", 
  "PUSH1 0x00 ", 
  "SHA3 ", 
  "DUP2 ", 
  "SWAP1 ", 
  "SSTORE ", 
  "POP ", 
  "DUP2 ", 
  "PUSH1 0x00 ", 
  "ADD ", 
  "DUP1 ", 
  "SLOAD ", 
  "DUP1 ", 
  "PUSH1 0x01 ", 
  "ADD ", 
  "DUP3 ", 
  "DUP2 ", 
  "PUSH2 0x18da ", 
  "SWAP2 ", 
  "SWAP1 ", 
  "PUSH2 0x1e68 ", 
  "JUMP ", 
  "JUMPDEST ", 
  "SWAP2 ", 
  "PUSH1 0x00 ", 
  "MSTORE ", 
  "PUSH1 0x20 ", 
  "PUSH1 0x00 ", 
  "SHA3 ", 
  "SWAP1 ", 
  "PUSH1 0x20 ", 
  "SWAP2 ", 
  "DUP3 ", 
  "DUP3 ", 
  "DIV ", 
  "ADD ", 
  "SWAP2 ", 
  "SWAP1 ", 
  "MOD ", 
  "DUP4 ", 
  "SWAP1 ", 
  "SWAP2 ", 
  "SWAP1 ", 
  "SWAP2 ", 
  "PUSH2 0x0100 ", 
  "EXP ", 
  "DUP2 ", 
  "SLOAD ", 
  "DUP2 ", 
  "PUSH1 0xff ", 
  "MUL ", 
  "NOT ", 
  "AND ", 
  "SWAP1 ", 
  "DUP4 ", 
  "PUSH1 0x00 ", 
  "SIGNEXTEND ", 
  "PUSH1 0xff ", 
  "AND ", 
  "MUL ", 
  "OR ", 
  "SWAP1 ", 
  "SSTORE ", 
  "POP ", 
  "POP ", 
  "JUMPDEST ", 
  "POP ", 
  "POP ", 
  "JUMP ", 
  "JUMPDEST ", 
  "DUP2 ", 
  "PUSH1 0x01 ", 
  "ADD ", 
  "PUSH1 0x00 ", 
  "DUP3 ", 
  "DUP2 ", 
  "MSTORE ", 
  "PUSH1 0x20 ", 
  "ADD ", 
  "SWAP1 ", 
  "DUP2 ", 
  "MSTORE ", 
  "PUSH1 0x20 ", 
  "ADD ", 
  "PUSH1 0x00 ", 
  "SHA3 ", 
  "PUSH1 0x00 ", 
  "SWAP1 ", 
  "SLOAD ", 
  "SWAP1 ", 
  "PUSH2 0x0100 ", 
  "EXP ", 
  "SWAP1 ", 
  "DIV ", 
  "PUSH1 0xff ", 
  "AND ", 
  "ISZERO ", 
  "ISZERO ", 
  "PUSH2 0x19b6 ", 
  "JUMPI ", 
  "PUSH1 0x01 ", 
  "DUP3 ", 
  "PUSH1 0x01 ", 
  "ADD ", 
  "PUSH1 0x00 ", 
  "DUP4 ", 
  "DUP2 ", 
  "MSTORE ", 
  "PUSH1 0x20 ", 
  "ADD ", 
  "SWAP1 ", 
  "DUP2 ", 
  "MSTORE ", 
  "PUSH1 0x20 ", 
  "ADD ", 
  "PUSH1 0x00 ", 
  "SHA3 ", 
  "PUSH1 0x00 ", 
  "PUSH2 0x0100 ", 
  "EXP ", 
  "DUP2 ", 
  "SLOAD ", 
  "DUP2 ", 
  "PUSH1 0xff ", 
  "MUL ", 
  "NOT ", 
  "AND ", 
  "SWAP1 ", 
  "DUP4 ", 
  "ISZERO ", 
  "ISZERO ", 
  "MUL ", 
  "OR ", 
  "SWAP1 ", 
  "SSTORE ", 
  "POP ", 
  "DUP2 ", 
  "PUSH1 0x00 ", 
  "ADD ", 
  "DUP1 ", 
  "SLOAD ", 
  "SWAP1 ", 
  "POP ", 
  "DUP3 ", 
  "PUSH1 0x02 ", 
  "ADD ", 
  "PUSH1 0x00 ", 
  "DUP4 ", 
  "DUP2 ", 
  "MSTORE ", 
  "PUSH1 0x20 ", 
  "ADD ", 
  "SWAP1 ", 
  "DUP2 ", 
  "MSTORE ", 
  "PUSH1 0x20 ", 
  "ADD ", 
  "PUSH1 0x00 ", 
  "SHA3 ", 
  "DUP2 ", 
  "SWAP1 ", 
  "SSTORE ", 
  "POP ", 
  "DUP2 ", 
  "PUSH1 0x00 ", 
  "ADD ", 
  "DUP1 ", 
  "SLOAD ", 
  "DUP1 ", 
  "PUSH1 0x01 ", 
  "ADD ", 
  "DUP3 ", 
  "DUP2 ", 
  "PUSH2 0x19a0 ", 
  "SWAP2 ", 
  "SWAP1 ", 
  "PUSH2 0x1ea2 ", 
  "JUMP ", 
  "JUMPDEST ", 
  "SWAP2 ", 
  "PUSH1 0x00 ", 
  "MSTORE ", 
  "PUSH1 0x20 ", 
  "PUSH1 0x00 ", 
  "SHA3 ", 
  "SWAP1 ", 
  "ADD ", 
  "PUSH1 0x00 ", 
  "DUP4 ", 
  "SWAP1 ", 
  "SWAP2 ", 
  "SWAP1 ", 
  "SWAP2 ", 
  "POP ", 
  "SSTORE ", 
  "POP ", 
  "JUMPDEST ", 
  "POP ", 
  "POP ", 
  "JUMP ", 
  "JUMPDEST ", 
  "DUP2 ", 
  "PUSH1 0x01 ", 
  "ADD ", 
  "PUSH1 0x00 ", 
  "DUP3 ", 
  "PUSH20 0xffffffffffffffffffffffffffffffffffffffff ", 
  "AND ", 
  "PUSH20 0xffffffffffffffffffffffffffffffffffffffff ", 
  "AND ", 
  "DUP2 ", 
  "MSTORE ", 
  "PUSH1 0x20 ", 
  "ADD ", 
  "SWAP1 ", 
  "DUP2 ", 
  "MSTORE ", 
  "PUSH1 0x20 ", 
  "ADD ", 
  "PUSH1 0x00 ", 
  "SHA3 ", 
  "PUSH1 0x00 ", 
  "SWAP1 ", 
  "SLOAD ", 
  "SWAP1 ", 
  "PUSH2 0x0100 ", 
  "EXP ", 
  "SWAP1 ", 
  "DIV ", 
  "PUSH1 0xff ", 
  "AND ", 
  "ISZERO ", 
  "ISZERO ", 
  "PUSH2 0x1b1c ", 
  "JUMPI ", 
  "PUSH1 0x01 ", 
  "DUP3 ", 
  "PUSH1 0x01 ", 
  "ADD ", 
  "PUSH1 0x00 ", 
  "DUP4 ", 
  "PUSH20 0xffffffffffffffffffffffffffffffffffffffff ", 
  "AND ", 
  "PUSH20 0xffffffffffffffffffffffffffffffffffffffff ", 
  "AND ", 
  "DUP2 ", 
  "MSTORE ", 
  "PUSH1 0x20 ", 
  "ADD ", 
  "SWAP1 ", 
  "DUP2 ", 
  "MSTORE ", 
  "PUSH1 0x20 ", 
  "ADD ", 
  "PUSH1 0x00 ", 
  "SHA3 ", 
  "PUSH1 0x00 ", 
  "PUSH2 0x0100 ", 
  "EXP ", 
  "DUP2 ", 
  "SLOAD ", 
  "DUP2 ", 
  "PUSH1 0xff ", 
  "MUL ", 
  "NOT ", 
  "AND ", 
  "SWAP1 ", 
  "DUP4 ", 
  "ISZERO ", 
  "ISZERO ", 
  "MUL ", 
  "OR ", 
  "SWAP1 ", 
  "SSTORE ", 
  "POP ", 
  "DUP2 ", 
  "PUSH1 0x00 ", 
  "ADD ", 
  "DUP1 ", 
  "SLOAD ", 
  "SWAP1 ", 
  "POP ", 
  "DUP3 ", 
  "PUSH1 0x02 ", 
  "ADD ", 
  "PUSH1 0x00 ", 
  "DUP4 ", 
  "PUSH20 0xffffffffffffffffffffffffffffffffffffffff ", 
  "AND ", 
  "PUSH20 0xffffffffffffffffffffffffffffffffffffffff ", 
  "AND ", 
  "DUP2 ", 
  "MSTORE ", 
  "PUSH1 0x20 ", 
  "ADD ", 
  "SWAP1 ", 
  "DUP2 ", 
  "MSTORE ", 
  "PUSH1 0x20 ", 
  "ADD ", 
  "PUSH1 0x00 ", 
  "SHA3 ", 
  "DUP2 ", 
  "SWAP1 ", 
  "SSTORE ", 
  "POP ", 
  "DUP2 ", 
  "PUSH1 0x00 ", 
  "ADD ", 
  "DUP1 ", 
  "SLOAD ", 
  "DUP1 ", 
  "PUSH1 0x01 ", 
  "ADD ", 
  "DUP3 ", 
  "DUP2 ", 
  "PUSH2 0x1acc ", 
  "SWAP2 ", 
  "SWAP1 ", 
  "PUSH2 0x1ece ", 
  "JUMP ", 
  "JUMPDEST ", 
  "SWAP2 ", 
  "PUSH1 0x00 ", 
  "MSTORE ", 
  "PUSH1 0x20 ", 
  "PUSH1 0x00 ", 
  "SHA3 ", 
  "SWAP1 ", 
  "ADD ", 
  "PUSH1 0x00 ", 
  "DUP4 ", 
  "SWAP1 ", 
  "SWAP2 ", 
  "SWAP1 ", 
  "SWAP2 ", 
  "PUSH2 0x0100 ", 
  "EXP ", 
  "DUP2 ", 
  "SLOAD ", 
  "DUP2 ", 
  "PUSH20 0xffffffffffffffffffffffffffffffffffffffff ", 
  "MUL ", 
  "NOT ", 
  "AND ", 
  "SWAP1 ", 
  "DUP4 ", 
  "PUSH20 0xffffffffffffffffffffffffffffffffffffffff ", 
  "AND ", 
  "MUL ", 
  "OR ", 
  "SWAP1 ", 
  "SSTORE ", 
  "POP ", 
  "POP ", 
  "JUMPDEST ", 
  "POP ", 
  "POP ", 
  "JUMP ", 
  "JUMPDEST ", 
  "PUSH1 0x00 ", 
  "DUP2 ", 
  "PUSH1 0x00 ", 
  "ADD ", 
  "DUP1 ", 
  "SLOAD ", 
  "SWAP1 ", 
  "POP ", 
  "SWAP1 ", 
  "POP ", 
  "SWAP2 ", 
  "SWAP1 ", 
  "POP ", 
  "JUMP ", 
  "JUMPDEST ", 
  "PUSH1 0x00 ", 
  "DUP3 ", 
  "PUSH1 0x01 ", 
  "ADD ", 
  "PUSH1 0x00 ", 
  "DUP4 ", 
  "PUSH1 0x00 ", 
  "NOT ", 
  "AND ", 
  "PUSH1 0x00 ", 
  "NOT ", 
  "AND ", 
  "DUP2 ", 
  "MSTORE ", 
  "PUSH1 0x20 ", 
  "ADD ", 
  "SWAP1 ", 
  "DUP2 ", 
  "MSTORE ", 
  "PUSH1 0x20 ", 
  "ADD ", 
  "PUSH1 0x00 ", 
  "SHA3 ", 
  "PUSH1 0x00 ", 
  "SWAP1 ", 
  "SLOAD ", 
  "SWAP1 ", 
  "PUSH2 0x0100 ", 
  "EXP ", 
  "SWAP1 ", 
  "DIV ", 
  "PUSH1 0xff ", 
  "AND ", 
  "ISZERO ", 
  "PUSH2 0x1c65 ", 
  "JUMPI ", 
  "PUSH1 0x00 ", 
  "DUP4 ", 
  "PUSH1 0x01 ", 
  "ADD ", 
  "PUSH1 0x00 ", 
  "DUP5 ", 
  "PUSH1 0x00 ", 
  "NOT ", 
  "AND ", 
  "PUSH1 0x00 ", 
  "NOT ", 
  "AND ", 
  "DUP2 ", 
  "MSTORE ", 
  "PUSH1 0x20 ", 
  "ADD ", 
  "SWAP1 ", 
  "DUP2 ", 
  "MSTORE ", 
  "PUSH1 0x20 ", 
  "ADD ", 
  "PUSH1 0x00 ", 
  "SHA3 ", 
  "PUSH1 0x00 ", 
  "PUSH2 0x0100 ", 
  "EXP ", 
  "DUP2 ", 
  "SLOAD ", 
  "DUP2 ", 
  "PUSH1 0xff ", 
  "MUL ", 
  "NOT ", 
  "AND ", 
  "SWAP1 ", 
  "DUP4 ", 
  "ISZERO ", 
  "ISZERO ", 
  "MUL ", 
  "OR ", 
  "SWAP1 ", 
  "SSTORE ", 
  "POP ", 
  "DUP3 ", 
  "PUSH1 0x02 ", 
  "ADD ", 
  "PUSH1 0x00 ", 
  "DUP4 ", 
  "PUSH1 0x00 ", 
  "NOT ", 
  "AND ", 
  "PUSH1 0x00 ", 
  "NOT ", 
  "AND ", 
  "DUP2 ", 
  "MSTORE ", 
  "PUSH1 0x20 ", 
  "ADD ", 
  "SWAP1 ", 
  "DUP2 ", 
  "MSTORE ", 
  "PUSH1 0x20 ", 
  "ADD ", 
  "PUSH1 0x00 ", 
  "SHA3 ", 
  "SLOAD ", 
  "SWAP1 ", 
  "POP ", 
  "DUP1 ", 
  "DUP4 ", 
  "PUSH1 0x02 ", 
  "ADD ", 
  "PUSH1 0x00 ", 
  "DUP6 ", 
  "PUSH1 0x00 ", 
  "ADD ", 
  "PUSH1 0x01 ", 
  "DUP8 ", 
  "PUSH1 0x00 ", 
  "ADD ", 
  "DUP1 ", 
  "SLOAD ", 
  "SWAP1 ", 
  "POP ", 
  "SUB ", 
  "DUP2 ", 
  "SLOAD ", 
  "DUP2 ", 
  "LT ", 
  "ISZERO ", 
  "ISZERO ", 
  "PUSH2 0x1bdb ", 
  "JUMPI ", 
  "ASSERTFAIL ", 
  "JUMPDEST ", 
  "SWAP1 ", 
  "PUSH1 0x00 ", 
  "MSTORE ", 
  "PUSH1 0x20 ", 
  "PUSH1 0x00 ", 
  "SHA3 ", 
  "SWAP1 ", 
  "ADD ", 
  "SLOAD ", 
  "PUSH1 0x00 ", 
  "NOT ", 
  "AND ", 
  "PUSH1 0x00 ", 
  "NOT ", 
  "AND ", 
  "DUP2 ", 
  "MSTORE ", 
  "PUSH1 0x20 ", 
  "ADD ", 
  "SWAP1 ", 
  "DUP2 ", 
  "MSTORE ", 
  "PUSH1 0x20 ", 
  "ADD ", 
  "PUSH1 0x00 ", 
  "SHA3 ", 
  "DUP2 ", 
  "SWAP1 ", 
  "SSTORE ", 
  "POP ", 
  "DUP3 ", 
  "PUSH1 0x00 ", 
  "ADD ", 
  "PUSH1 0x01 ", 
  "DUP5 ", 
  "PUSH1 0x00 ", 
  "ADD ", 
  "DUP1 ", 
  "SLOAD ", 
  "SWAP1 ", 
  "POP ", 
  "SUB ", 
  "DUP2 ", 
  "SLOAD ", 
  "DUP2 ", 
  "LT ", 
  "ISZERO ", 
  "ISZERO ", 
  "PUSH2 0x1c1c ", 
  "JUMPI ", 
  "ASSERTFAIL ", 
  "JUMPDEST ", 
  "SWAP1 ", 
  "PUSH1 0x00 ", 
  "MSTORE ", 
  "PUSH1 0x20 ", 
  "PUSH1 0x00 ", 
  "SHA3 ", 
  "SWAP1 ", 
  "ADD ", 
  "SLOAD ", 
  "DUP4 ", 
  "PUSH1 0x00 ", 
  "ADD ", 
  "DUP3 ", 
  "DUP2 ", 
  "SLOAD ", 
  "DUP2 ", 
  "LT ", 
  "ISZERO ", 
  "ISZERO ", 
  "PUSH2 0x1c39 ", 
  "JUMPI ", 
  "ASSERTFAIL ", 
  "JUMPDEST ", 
  "SWAP1 ", 
  "PUSH1 0x00 ", 
  "MSTORE ", 
  "PUSH1 0x20 ", 
  "PUSH1 0x00 ", 
  "SHA3 ", 
  "SWAP1 ", 
  "ADD ", 
  "DUP2 ", 
  "PUSH1 0x00 ", 
  "NOT ", 
  "AND ", 
  "SWAP1 ", 
  "SSTORE ", 
  "POP ", 
  "DUP3 ", 
  "PUSH1 0x00 ", 
  "ADD ", 
  "DUP1 ", 
  "SLOAD ", 
  "DUP1 ", 
  "SWAP2 ", 
  "SWAP1 ", 
  "PUSH1 0x01 ", 
  "SWAP1 ", 
  "SUB ", 
  "PUSH2 0x1c63 ", 
  "SWAP2 ", 
  "SWAP1 ", 
  "PUSH2 0x1efa ", 
  "JUMP ", 
  "JUMPDEST ", 
  "POP ", 
  "JUMPDEST ", 
  "POP ", 
  "POP ", 
  "POP ", 
  "JUMP ", 
  "JUMPDEST ", 
  "DUP2 ", 
  "SLOAD ", 
  "DUP2 ", 
  "DUP4 ", 
  "SSTORE ", 
  "DUP2 ", 
  "DUP2 ", 
  "ISZERO ", 
  "GT ", 
  "PUSH2 0x1cd9 ", 
  "JUMPI ", 
  "PUSH1 0x1f ", 
  "ADD ", 
  "PUSH1 0x20 ", 
  "SWAP1 ", 
  "DIV ", 
  "DUP2 ", 
  "PUSH1 0x1f ", 
  "ADD ", 
  "PUSH1 0x20 ", 
  "SWAP1 ", 
  "DIV ", 
  "DUP4 ", 
  "PUSH1 0x00 ", 
  "MSTORE ", 
  "PUSH1 0x20 ", 
  "PUSH1 0x00 ", 
  "SHA3 ", 
  "SWAP2 ", 
  "DUP3 ", 
  "ADD ", 
  "SWAP2 ", 
  "ADD ", 
  "PUSH2 0x1cd8 ", 
  "SWAP2 ", 
  "SWAP1 ", 
  "PUSH2 0x1f26 ", 
  "JUMP ", 
  "JUMPDEST ", 
  "JUMPDEST ", 
  "POP ", 
  "POP ", 
  "POP ", 
  "JUMP ", 
  "JUMPDEST ", 
  "DUP2 ", 
  "SLOAD ", 
  "DUP2 ", 
  "DUP4 ", 
  "SSTORE ", 
  "DUP2 ", 
  "DUP2 ", 
  "ISZERO ", 
  "GT ", 
  "PUSH2 0x1d05 ", 
  "JUMPI ", 
  "DUP2 ", 
  "DUP4 ", 
  "PUSH1 0x00 ", 
  "MSTORE ", 
  "PUSH1 0x20 ", 
  "PUSH1 0x00 ", 
  "SHA3 ", 
  "SWAP2 ", 
  "DUP3 ", 
  "ADD ", 
  "SWAP2 ", 
  "ADD ", 
  "PUSH2 0x1d04 ", 
  "SWAP2 ", 
  "SWAP1 ", 
  "PUSH2 0x1f26 ", 
  "JUMP ", 
  "JUMPDEST ", 
  "JUMPDEST ", 
  "POP ", 
  "POP ", 
  "POP ", 
  "JUMP ", 
  "JUMPDEST ", 
  "DUP2 ", 
  "SLOAD ", 
  "DUP2 ", 
  "DUP4 ", 
  "SSTORE ", 
  "DUP2 ", 
  "DUP2 ", 
  "ISZERO ", 
  "GT ", 
  "PUSH2 0x1d31 ", 
  "JUMPI ", 
  "DUP2 ", 
  "DUP4 ", 
  "PUSH1 0x00 ", 
  "MSTORE ", 
  "PUSH1 0x20 ", 
  "PUSH1 0x00 ", 
  "SHA3 ", 
  "SWAP2 ", 
  "DUP3 ", 
  "ADD ", 
  "SWAP2 ", 
  "ADD ", 
  "PUSH2 0x1d30 ", 
  "SWAP2 ", 
  "SWAP1 ", 
  "PUSH2 0x1f4b ", 
  "JUMP ", 
  "JUMPDEST ", 
  "JUMPDEST ", 
  "POP ", 
  "POP ", 
  "POP ", 
  "JUMP ", 
  "JUMPDEST ", 
  "DUP2 ", 
  "SLOAD ", 
  "DUP2 ", 
  "DUP4 ", 
  "SSTORE ", 
  "DUP2 ", 
  "DUP2 ", 
  "ISZERO ", 
  "GT ", 
  "PUSH2 0x1d6b ", 
  "JUMPI ", 
  "PUSH1 0x1f ", 
  "ADD ", 
  "PUSH1 0x20 ", 
  "SWAP1 ", 
  "DIV ", 
  "DUP2 ", 
  "PUSH1 0x1f ", 
  "ADD ", 
  "PUSH1 0x20 ", 
  "SWAP1 ", 
  "DIV ", 
  "DUP4 ", 
  "PUSH1 0x00 ", 
  "MSTORE ", 
  "PUSH1 0x20 ", 
  "PUSH1 0x00 ", 
  "SHA3 ", 
  "SWAP2 ", 
  "DUP3 ", 
  "ADD ", 
  "SWAP2 ", 
  "ADD ", 
  "PUSH2 0x1d6a ", 
  "SWAP2 ", 
  "SWAP1 ", 
  "PUSH2 0x1f26 ", 
  "JUMP ", 
  "JUMPDEST ", 
  "JUMPDEST ", 
  "POP ", 
  "POP ", 
  "POP ", 
  "JUMP ", 
  "JUMPDEST ", 
  "DUP2 ", 
  "SLOAD ", 
  "DUP2 ", 
  "DUP4 ", 
  "SSTORE ", 
  "DUP2 ", 
  "DUP2 ", 
  "ISZERO ", 
  "GT ", 
  "PUSH2 0x1d97 ", 
  "JUMPI ", 
  "DUP2 ", 
  "DUP4 ", 
  "PUSH1 0x00 ", 
  "MSTORE ", 
  "PUSH1 0x20 ", 
  "PUSH1 0x00 ", 
  "SHA3 ", 
  "SWAP2 ", 
  "DUP3 ", 
  "ADD ", 
  "SWAP2 ", 
  "ADD ", 
  "PUSH2 0x1d96 ", 
  "SWAP2 ", 
  "SWAP1 ", 
  "PUSH2 0x1f70 ", 
  "JUMP ", 
  "JUMPDEST ", 
  "JUMPDEST ", 
  "POP ", 
  "POP ", 
  "POP ", 
  "JUMP ", 
  "JUMPDEST ", 
  "DUP2 ", 
  "SLOAD ", 
  "DUP2 ", 
  "DUP4 ", 
  "SSTORE ", 
  "DUP2 ", 
  "DUP2 ", 
  "ISZERO ", 
  "GT ", 
  "PUSH2 0x1dd1 ", 
  "JUMPI ", 
  "PUSH1 0x1f ", 
  "ADD ", 
  "PUSH1 0x20 ", 
  "SWAP1 ", 
  "DIV ", 
  "DUP2 ", 
  "PUSH1 0x1f ", 
  "ADD ", 
  "PUSH1 0x20 ", 
  "SWAP1 ", 
  "DIV ", 
  "DUP4 ", 
  "PUSH1 0x00 ", 
  "MSTORE ", 
  "PUSH1 0x20 ", 
  "PUSH1 0x00 ", 
  "SHA3 ", 
  "SWAP2 ", 
  "DUP3 ", 
  "ADD ", 
  "SWAP2 ", 
  "ADD ", 
  "PUSH2 0x1dd0 ", 
  "SWAP2 ", 
  "SWAP1 ", 
  "PUSH2 0x1f26 ", 
  "JUMP ", 
  "JUMPDEST ", 
  "JUMPDEST ", 
  "POP ", 
  "POP ", 
  "POP ", 
  "JUMP ", 
  "JUMPDEST ", 
  "DUP2 ", 
  "SLOAD ", 
  "DUP2 ", 
  "DUP4 ", 
  "SSTORE ", 
  "DUP2 ", 
  "DUP2 ", 
  "ISZERO ", 
  "GT ", 
  "PUSH2 0x1dfd ", 
  "JUMPI ", 
  "DUP2 ", 
  "DUP4 ", 
  "PUSH1 0x00 ", 
  "MSTORE ", 
  "PUSH1 0x20 ", 
  "PUSH1 0x00 ", 
  "SHA3 ", 
  "SWAP2 ", 
  "DUP3 ", 
  "ADD ", 
  "SWAP2 ", 
  "ADD ", 
  "PUSH2 0x1dfc ", 
  "SWAP2 ", 
  "SWAP1 ", 
  "PUSH2 0x1f26 ", 
  "JUMP ", 
  "JUMPDEST ", 
  "JUMPDEST ", 
  "POP ", 
  "POP ", 
  "POP ", 
  "JUMP ", 
  "JUMPDEST ", 
  "DUP2 ", 
  "SLOAD ", 
  "DUP2 ", 
  "DUP4 ", 
  "SSTORE ", 
  "DUP2 ", 
  "DUP2 ", 
  "ISZERO ", 
  "GT ", 
  "PUSH2 0x1e37 ", 
  "JUMPI ", 
  "PUSH1 0x1f ", 
  "ADD ", 
  "PUSH1 0x20 ", 
  "SWAP1 ", 
  "DIV ", 
  "DUP2 ", 
  "PUSH1 0x1f ", 
  "ADD ", 
  "PUSH1 0x20 ", 
  "SWAP1 ", 
  "DIV ", 
  "DUP4 ", 
  "PUSH1 0x00 ", 
  "MSTORE ", 
  "PUSH1 0x20 ", 
  "PUSH1 0x00 ", 
  "SHA3 ", 
  "SWAP2 ", 
  "DUP3 ", 
  "ADD ", 
  "SWAP2 ", 
  "ADD ", 
  "PUSH2 0x1e36 ", 
  "SWAP2 ", 
  "SWAP1 ", 
  "PUSH2 0x1f26 ", 
  "JUMP ", 
  "JUMPDEST ", 
  "JUMPDEST ", 
  "POP ", 
  "POP ", 
  "POP ", 
  "JUMP ", 
  "JUMPDEST ", 
  "DUP2 ", 
  "SLOAD ", 
  "DUP2 ", 
  "DUP4 ", 
  "SSTORE ", 
  "DUP2 ", 
  "DUP2 ", 
  "ISZERO ", 
  "GT ", 
  "PUSH2 0x1e63 ", 
  "JUMPI ", 
  "DUP2 ", 
  "DUP4 ", 
  "PUSH1 0x00 ", 
  "MSTORE ", 
  "PUSH1 0x20 ", 
  "PUSH1 0x00 ", 
  "SHA3 ", 
  "SWAP2 ", 
  "DUP3 ", 
  "ADD ", 
  "SWAP2 ", 
  "ADD ", 
  "PUSH2 0x1e62 ", 
  "SWAP2 ", 
  "SWAP1 ", 
  "PUSH2 0x1f4b ", 
  "JUMP ", 
  "JUMPDEST ", 
  "JUMPDEST ", 
  "POP ", 
  "POP ", 
  "POP ", 
  "JUMP ", 
  "JUMPDEST ", 
  "DUP2 ", 
  "SLOAD ", 
  "DUP2 ", 
  "DUP4 ", 
  "SSTORE ", 
  "DUP2 ", 
  "DUP2 ", 
  "ISZERO ", 
  "GT ", 
  "PUSH2 0x1e9d ", 
  "JUMPI ", 
  "PUSH1 0x1f ", 
  "ADD ", 
  "PUSH1 0x20 ", 
  "SWAP1 ", 
  "DIV ", 
  "DUP2 ", 
  "PUSH1 0x1f ", 
  "ADD ", 
  "PUSH1 0x20 ", 
  "SWAP1 ", 
  "DIV ", 
  "DUP4 ", 
  "PUSH1 0x00 ", 
  "MSTORE ", 
  "PUSH1 0x20 ", 
  "PUSH1 0x00 ", 
  "SHA3 ", 
  "SWAP2 ", 
  "DUP3 ", 
  "ADD ", 
  "SWAP2 ", 
  "ADD ", 
  "PUSH2 0x1e9c ", 
  "SWAP2 ", 
  "SWAP1 ", 
  "PUSH2 0x1f26 ", 
  "JUMP ", 
  "JUMPDEST ", 
  "JUMPDEST ", 
  "POP ", 
  "POP ", 
  "POP ", 
  "JUMP ", 
  "JUMPDEST ", 
  "DUP2 ", 
  "SLOAD ", 
  "DUP2 ", 
  "DUP4 ", 
  "SSTORE ", 
  "DUP2 ", 
  "DUP2 ", 
  "ISZERO ", 
  "GT ", 
  "PUSH2 0x1ec9 ", 
  "JUMPI ", 
  "DUP2 ", 
  "DUP4 ", 
  "PUSH1 0x00 ", 
  "MSTORE ", 
  "PUSH1 0x20 ", 
  "PUSH1 0x00 ", 
  "SHA3 ", 
  "SWAP2 ", 
  "DUP3 ", 
  "ADD ", 
  "SWAP2 ", 
  "ADD ", 
  "PUSH2 0x1ec8 ", 
  "SWAP2 ", 
  "SWAP1 ", 
  "PUSH2 0x1f26 ", 
  "JUMP ", 
  "JUMPDEST ", 
  "JUMPDEST ", 
  "POP ", 
  "POP ", 
  "POP ", 
  "JUMP ", 
  "JUMPDEST ", 
  "DUP2 ", 
  "SLOAD ", 
  "DUP2 ", 
  "DUP4 ", 
  "SSTORE ", 
  "DUP2 ", 
  "DUP2 ", 
  "ISZERO ", 
  "GT ", 
  "PUSH2 0x1ef5 ", 
  "JUMPI ", 
  "DUP2 ", 
  "DUP4 ", 
  "PUSH1 0x00 ", 
  "MSTORE ", 
  "PUSH1 0x20 ", 
  "PUSH1 0x00 ", 
  "SHA3 ", 
  "SWAP2 ", 
  "DUP3 ", 
  "ADD ", 
  "SWAP2 ", 
  "ADD ", 
  "PUSH2 0x1ef4 ", 
  "SWAP2 ", 
  "SWAP1 ", 
  "PUSH2 0x1f26 ", 
  "JUMP ", 
  "JUMPDEST ", 
  "JUMPDEST ", 
  "POP ", 
  "POP ", 
  "POP ", 
  "JUMP ", 
  "JUMPDEST ", 
  "DUP2 ", 
  "SLOAD ", 
  "DUP2 ", 
  "DUP4 ", 
  "SSTORE ", 
  "DUP2 ", 
  "DUP2 ", 
  "ISZERO ", 
  "GT ", 
  "PUSH2 0x1f21 ", 
  "JUMPI ", 
  "DUP2 ", 
  "DUP4 ", 
  "PUSH1 0x00 ", 
  "MSTORE ", 
  "PUSH1 0x20 ", 
  "PUSH1 0x00 ", 
  "SHA3 ", 
  "SWAP2 ", 
  "DUP3 ", 
  "ADD ", 
  "SWAP2 ", 
  "ADD ", 
  "PUSH2 0x1f20 ", 
  "SWAP2 ", 
  "SWAP1 ", 
  "PUSH2 0x1f70 ", 
  "JUMP ", 
  "JUMPDEST ", 
  "JUMPDEST ", 
  "POP ", 
  "POP ", 
  "POP ", 
  "JUMP ", 
  "JUMPDEST ", 
  "PUSH2 0x1f6d ", 
  "SWAP2 ", 
  "SWAP1 ", 
  "JUMPDEST ", 
  "DUP1 ", 
  "DUP3 ", 
  "GT ", 
  "ISZERO ", 
  "PUSH2 0x1f69 ", 
  "JUMPI ", 
  "PUSH1 0x00 ", 
  "DUP2 ", 
  "PUSH1 0x00 ", 
  "SWAP1 ", 
  "SSTORE ", 
  "POP ", 
  "PUSH1 0x01 ", 
  "ADD ", 
  "PUSH2 0x1f51 ", 
  "JUMP ", 
  "JUMPDEST ", 
  "POP ", 
  "SWAP1 ", 
  "JUMP ", 
  "JUMPDEST ", 
  "SWAP1 ", 
  "JUMP ", 
  "JUMPDEST ", 
  "PUSH2 0x1f92 ", 
  "SWAP2 ", 
  "SWAP1 ", 
  "JUMPDEST ", 
  "DUP1 ", 
  "DUP3 ", 
  "GT ", 
  "ISZERO ", 
  "PUSH2 0x1f8e ", 
  "JUMPI ", 
  "PUSH1 0x00 ", 
  "DUP2 ", 
  "PUSH1 0x00 ", 
  "SWAP1 ", 
  "SSTORE ", 
  "POP ", 
  "PUSH1 0x01 ", 
  "ADD ", 
  "PUSH2 0x1f76 ", 
  "JUMP ", 
  "JUMPDEST ", 
  "POP ", 
  "SWAP1 ", 
  "JUMP ", 
  "JUMPDEST ", 
  "SWAP1 ", 
  "JUMP ", 
  "STOP "
 ], 
 "overflow": "\n../contractSrc/0xd71d1864e5ec4c0754e38c5b0353cf9f883f4c5a.sol:Sets:92:13\nself.members.push(other)\n^", 
 "money_concurrency": false, 
 "truncation": "\n../contractSrc/0xd71d1864e5ec4c0754e38c5b0353cf9f883f4c5a.sol:Sets:92:13\nself.members.push(other)\n^"
}}