{"MyToken":{
 "execution_paths": "66", 
 "callstack": false, 
 "reentrancy": false, 
 "modulo": false, 
 "division": false, 
 "execution_time": "50.2293679714", 
 "signedness": false, 
 "evm_code_coverage": "96.1", 
 "underflow": "\n../contractSrc/0xd8231786bf2d4691fbf2c1a02c93558c4b26c7d8.sol:MyToken:84:9\ntotalSupply -= _value\n^\n../contractSrc/0xd8231786bf2d4691fbf2c1a02c93558c4b26c7d8.sol:MyToken:93:9\ntotalSupply -= _value\n^", 
 "time_dependency": false, 
 "assertion_failure": false, 
 "timeout": true, 
 "dead_code": [
  "STOP ", 
  "CALLVALUE ", 
  "PUSH1 0x00 ", 
  "CALLDATALOAD ", 
  "DUP1 ", 
  "PUSH4 0xdd62ed3e ", 
  "EQ ", 
  "PUSH2 0x0560 ", 
  "JUMPI ", 
  "PUSH1 0x00 ", 
  "DUP1 ", 
  "REVERT ", 
  "PUSH1 0x20 ", 
  "DUP2 ", 
  "PUSH1 0x00 ", 
  "JUMPDEST ", 
  "MSTORE ", 
  "ISZERO ", 
  "PUSH2 0x056b ", 
  "JUMPI ", 
  "PUSH1 0x40 ", 
  "DUP1 ", 
  "REVERT ", 
  "JUMPDEST ", 
  "PUSH2 0x05b6 ", 
  "PUSH1 0x04 ", 
  "DUP1 ", 
  "DUP1 ", 
  "PUSH20 0xffffffffffffffffffffffffffffffffffffffff ", 
  "PUSH20 0xffffffffffffffffffffffffffffffffffffffff ", 
  "JUMPDEST ", 
  "JUMPDEST ", 
  "PUSH1 0x06 ", 
  "AND ", 
  "SWAP1 ", 
  "PUSH1 0x20 ", 
  "MSTORE ", 
  "ADD ", 
  "SWAP1 ", 
  "SWAP2 ", 
  "SWAP1 ", 
  "DUP1 ", 
  "CALLDATALOAD ", 
  "PUSH1 0x00 ", 
  "SHA3 ", 
  "PUSH1 0x20 ", 
  "MSTORE ", 
  "DUP1 ", 
  "PUSH1 0x00 ", 
  "MSTORE ", 
  "PUSH1 0x40 ", 
  "PUSH1 0x00 ", 
  "SHA3 ", 
  "PUSH1 0x00 ", 
  "SWAP2 ", 
  "POP ", 
  "SWAP2 ", 
  "POP ", 
  "AND ", 
  "SWAP1 ", 
  "PUSH1 0x20 ", 
  "JUMP ", 
  "ADD ", 
  "SWAP1 ", 
  "SWAP2 ", 
  "SWAP1 ", 
  "POP ", 
  "POP ", 
  "PUSH2 0x1187 ", 
  "JUMP ", 
  "JUMPDEST ", 
  "PUSH1 0x40 ", 
  "MLOAD ", 
  "DUP1 ", 
  "DUP3 ", 
  "DUP2 ", 
  "MSTORE ", 
  "PUSH1 0x20 ", 
  "ADD ", 
  "SWAP2 ", 
  "POP ", 
  "POP ", 
  "PUSH1 0x40 ", 
  "MLOAD ", 
  "DUP1 ", 
  "SWAP2 ", 
  "SUB ", 
  "SWAP1 ", 
  "RETURN ", 
  "POP ", 
  "SLOAD ", 
  "DUP2 "
 ], 
 "overflow": false, 
 "money_concurrency": false, 
 "truncation": false
}}