{"bet_various":{
 "execution_paths": "117", 
 "callstack": false, 
 "reentrancy": false, 
 "modulo": false, 
 "division": false, 
 "execution_time": "54.3181829453", 
 "signedness": "\n../contractSrc/0xda8432d2bea887e8901e0223ae39f82fd19d60fc.sol:bet_various:75:10\ndiff<0\n^\n../contractSrc/0xda8432d2bea887e8901e0223ae39f82fd19d60fc.sol:bet_various:77:10\nlastdiff>(uint)(diff)\n^\n../contractSrc/0xda8432d2bea887e8901e0223ae39f82fd19d60fc.sol:bet_various:85:10\ndiff<0\n^", 
 "evm_code_coverage": "72.2", 
 "underflow": "\n../contractSrc/0xda8432d2bea887e8901e0223ae39f82fd19d60fc.sol:bet_various:74:20\n(int)(value)-(int)(guesses[i].guess)\n^\n../contractSrc/0xda8432d2bea887e8901e0223ae39f82fd19d60fc.sol:bet_various:84:20\n(int)(value)-(int)(guesses[i].guess)\n^", 
 "time_dependency": false, 
 "assertion_failure": false, 
 "timeout": true, 
 "dead_code": [
  "ASSERTFAIL ", 
  "JUMPDEST ", 
  "DIV ", 
  "SWAP2 ", 
  "POP ", 
  "PUSH2 0x07d5 ", 
  "SLOAD ", 
  "DUP3 ", 
  "LT ", 
  "ISZERO ", 
  "ISZERO ", 
  "PUSH2 0x0909 ", 
  "JUMPI ", 
  "PUSH1 0x01 ", 
  "PUSH2 0x07d5 ", 
  "SLOAD ", 
  "SUB ", 
  "SWAP2 ", 
  "POP ", 
  "JUMPDEST ", 
  "PUSH2 0x07d6 ", 
  "DUP3 ", 
  "PUSH1 0x14 ", 
  "DUP2 ", 
  "LT ", 
  "ISZERO ", 
  "ISZERO ", 
  "PUSH2 0x0919 ", 
  "JUMPI ", 
  "ASSERTFAIL ", 
  "JUMPDEST ", 
  "ADD ", 
  "PUSH1 0x00 ", 
  "DUP2 ", 
  "SLOAD ", 
  "DUP1 ", 
  "SWAP3 ", 
  "SWAP2 ", 
  "SWAP1 ", 
  "PUSH1 0x01 ", 
  "ADD ", 
  "SWAP2 ", 
  "SWAP1 ", 
  "POP ", 
  "SSTORE ", 
  "POP ", 
  "PUSH1 0x01 ", 
  "SLOAD ", 
  "PUSH2 0x07d3 ", 
  "SLOAD ", 
  "LT ", 
  "ISZERO ", 
  "ISZERO ", 
  "PUSH2 0x0941 ", 
  "JUMPI ", 
  "PUSH2 0x0940 ", 
  "PUSH2 0x0948 ", 
  "JUMP ", 
  "JUMPDEST ", 
  "JUMPDEST ", 
  "ASSERTFAIL ", 
  "ASSERTFAIL ", 
  "JUMPDEST ", 
  "SWAP5 ", 
  "POP ", 
  "PUSH2 0x09a4 ", 
  "PUSH2 0x064e ", 
  "JUMP ", 
  "JUMPDEST ", 
  "SWAP4 ", 
  "POP ", 
  "PUSH2 0x0bd3 ", 
  "SLOAD ", 
  "DUP5 ", 
  "MUL ", 
  "ADDRESS ", 
  "PUSH20 0xffffffffffffffffffffffffffffffffffffffff ", 
  "AND ", 
  "BALANCE ", 
  "SUB ", 
  "SWAP3 ", 
  "POP ", 
  "PUSH1 0x00 ", 
  "SWAP2 ", 
  "POP ", 
  "JUMPDEST ", 
  "PUSH2 0x0bd3 ", 
  "SLOAD ", 
  "DUP3 ", 
  "LT ", 
  "ISZERO ", 
  "PUSH2 0x0aea ", 
  "JUMPI ", 
  "PUSH2 0x07eb ", 
  "DUP3 ", 
  "PUSH2 0x03e8 ", 
  "DUP2 ", 
  "LT ", 
  "ISZERO ", 
  "ISZERO ", 
  "PUSH2 0x09e8 ", 
  "JUMPI ", 
  "ASSERTFAIL ", 
  "JUMPDEST ", 
  "ADD ", 
  "PUSH1 0x00 ", 
  "ADD ", 
  "PUSH1 0x00 ", 
  "SWAP1 ", 
  "SLOAD ", 
  "SWAP1 ", 
  "PUSH2 0x0100 ", 
  "EXP ", 
  "SWAP1 ", 
  "DIV ", 
  "PUSH20 0xffffffffffffffffffffffffffffffffffffffff ", 
  "DUP1 ", 
  "DUP3 ", 
  "PUSH1 0x14 ", 
  "PUSH1 0x20 ", 
  "MUL ", 
  "DUP1 ", 
  "DUP4 ", 
  "DUP4 ", 
  "PUSH1 0x00 ", 
  "JUMPDEST ", 
  "DUP4 ", 
  "DUP2 ", 
  "LT ", 
  "ISZERO ", 
  "PUSH2 0x0220 ", 
  "JUMPI ", 
  "DUP1 ", 
  "DUP3 ", 
  "ADD ", 
  "MLOAD ", 
  "DUP2 ", 
  "DUP5 ", 
  "ADD ", 
  "MSTORE ", 
  "PUSH1 0x20 ", 
  "DUP2 ", 
  "ADD ", 
  "SWAP1 ", 
  "POP ", 
  "PUSH2 0x0205 ", 
  "JUMP ", 
  "JUMPDEST ", 
  "POP ", 
  "POP ", 
  "POP ", 
  "POP ", 
  "SWAP1 ", 
  "POP ", 
  "ADD ", 
  "SWAP2 ", 
  "POP ", 
  "POP ", 
  "PUSH1 0x40 ", 
  "DUP2 ", 
  "MLOAD ", 
  "DUP1 ", 
  "SWAP2 ", 
  "SUB ", 
  "SWAP1 ", 
  "RETURN ", 
  "PUSH1 0x00 ", 
  "PUSH1 0x40 ", 
  "MLOAD ", 
  "DUP1 ", 
  "DUP4 ", 
  "SUB ", 
  "DUP2 ", 
  "DUP6 ", 
  "DUP9 ", 
  "DUP9 ", 
  "CALL ", 
  "SWAP4 ", 
  "POP ", 
  "POP ", 
  "POP ", 
  "POP ", 
  "ISZERO ", 
  "ISZERO ", 
  "PUSH2 0x0a4f ", 
  "JUMPI ", 
  "PUSH1 0x00 ", 
  "DUP1 ", 
  "REVERT ", 
  "JUMPDEST ", 
  "PUSH32 0x16772b6ac3e9823e1f39326dbe356dac767fad821f4a2af003066838235e1bbd ", 
  "DUP2 ", 
  "DUP6 ", 
  "DUP8 ", 
  "PUSH2 0x07ea ", 
  "SLOAD ", 
  "DUP11 ", 
  "TIMESTAMP ", 
  "PUSH1 0x40 ", 
  "MLOAD ", 
  "DUP1 ", 
  "DUP8 ", 
  "PUSH20 0xffffffffffffffffffffffffffffffffffffffff ", 
  "AND ", 
  "PUSH20 0xffffffffffffffffffffffffffffffffffffffff ", 
  "AND ", 
  "DUP2 ", 
  "MSTORE ", 
  "PUSH1 0x20 ", 
  "ADD ", 
  "DUP7 ", 
  "DUP2 ", 
  "MSTORE ", 
  "PUSH1 0x20 ", 
  "ADD ", 
  "DUP6 ", 
  "DUP2 ", 
  "MSTORE ", 
  "PUSH1 0x20 ", 
  "ADD ", 
  "DUP5 ", 
  "DUP2 ", 
  "MSTORE ", 
  "PUSH1 0x20 ", 
  "ADD ", 
  "DUP4 ", 
  "DUP2 ", 
  "MSTORE ", 
  "PUSH1 0x20 ", 
  "ADD ", 
  "DUP3 ", 
  "DUP2 ", 
  "MSTORE ", 
  "PUSH1 0x20 ", 
  "ADD ", 
  "SWAP7 ", 
  "POP ", 
  "POP ", 
  "POP ", 
  "POP ", 
  "POP ", 
  "POP ", 
  "POP ", 
  "PUSH1 0x40 ", 
  "MLOAD ", 
  "DUP1 ", 
  "SWAP2 ", 
  "SUB ", 
  "SWAP1 ", 
  "LOG1 ", 
  "DUP2 ", 
  "DUP1 ", 
  "PUSH1 0x01 ", 
  "ADD ", 
  "SWAP3 ", 
  "POP ", 
  "POP ", 
  "PUSH2 0x09cc ", 
  "JUMP ", 
  "JUMPDEST ", 
  "PUSH32 0xf758ff59202247fe26bd4bd951f620cf543dc36b500de667d055cb5816def873 ", 
  "DUP4 ", 
  "ADDRESS ", 
  "PUSH20 0xffffffffffffffffffffffffffffffffffffffff ", 
  "DUP2 ", 
  "AND ", 
  "BALANCE ", 
  "PUSH1 0x40 ", 
  "MLOAD ", 
  "DUP1 ", 
  "DUP4 ", 
  "DUP2 ", 
  "MSTORE ", 
  "PUSH1 0x20 ", 
  "PUSH1 0x20 ", 
  "ADD ", 
  "DUP3 ", 
  "PUSH1 0x00 ", 
  "MSTORE ", 
  "DUP1 ", 
  "REVERT ", 
  "ADD ", 
  "SWAP3 ", 
  "POP ", 
  "POP ", 
  "POP ", 
  "PUSH1 0x40 ", 
  "MLOAD ", 
  "JUMPDEST ", 
  "STOP ", 
  "SUB ", 
  "SWAP1 ", 
  "LOG1 ", 
  "PUSH2 0x0bd4 ", 
  "PUSH1 0x00 ", 
  "SWAP1 ", 
  "SLOAD ", 
  "SWAP1 ", 
  "PUSH2 0x0100 ", 
  "EXP ", 
  "SWAP1 ", 
  "DIV ", 
  "PUSH20 0xffffffffffffffffffffffffffffffffffffffff ", 
  "AND ", 
  "PUSH20 0xffffffffffffffffffffffffffffffffffffffff ", 
  "DUP1 ", 
  "SWAP2 ", 
  "AND ", 
  "PUSH2 0x08fc ", 
  "DUP5 ", 
  "SWAP1 ", 
  "DUP2 ", 
  "ISZERO ", 
  "MUL ", 
  "SWAP1 ", 
  "PUSH1 0x40 ", 
  "MLOAD ", 
  "PUSH1 0x00 ", 
  "PUSH1 0x40 ", 
  "MLOAD ", 
  "DUP1 ", 
  "DUP4 ", 
  "SUB ", 
  "DUP2 ", 
  "DUP6 ", 
  "DUP9 ", 
  "DUP9 ", 
  "CALL ", 
  "SWAP4 ", 
  "POP ", 
  "POP ", 
  "POP ", 
  "POP ", 
  "ISZERO ", 
  "ISZERO ", 
  "PUSH2 0x0ba3 ", 
  "JUMPI ", 
  "PUSH1 0x00 ", 
  "DUP1 ", 
  "REVERT ", 
  "JUMPDEST ", 
  "PUSH1 0x00 ", 
  "PUSH2 0x07d3 ", 
  "DUP2 ", 
  "SWAP1 ", 
  "SSTORE ", 
  "POP ", 
  "PUSH1 0x00 ", 
  "SWAP2 ", 
  "POP ", 
  "JUMPDEST ", 
  "PUSH2 0x07d5 ", 
  "SLOAD ", 
  "DUP3 ", 
  "LT ", 
  "ISZERO ", 
  "PUSH2 0x0be0 ", 
  "JUMPI ", 
  "PUSH1 0x00 ", 
  "JUMPDEST ", 
  "DUP4 ", 
  "PUSH1 0x14 ", 
  "PUSH1 0x40 ", 
  "LT ", 
  "ISZERO ", 
  "ISZERO ", 
  "PUSH2 0x0bce ", 
  "JUMPI ", 
  "ASSERTFAIL ", 
  "JUMPDEST ", 
  "ADD ", 
  "DUP2 ", 
  "MLOAD ", 
  "SSTORE ", 
  "POP ", 
  "DUP2 ", 
  "DUP1 ", 
  "PUSH1 0x01 ", 
  "ADD ", 
  "SWAP3 ", 
  "POP ", 
  "POP ", 
  "PUSH2 0x0bb1 ", 
  "JUMP ", 
  "JUMPDEST ", 
  "PUSH2 0x07ea ", 
  "PUSH1 0x00 ", 
  "DUP2 ", 
  "SLOAD ", 
  "DUP1 ", 
  "SWAP3 ", 
  "SWAP2 ", 
  "SWAP1 ", 
  "PUSH1 0x01 ", 
  "ADD ", 
  "SWAP2 ", 
  "SWAP1 ", 
  "POP ", 
  "SSTORE ", 
  "POP ", 
  "PUSH1 0x00 ", 
  "DUP1 ", 
  "PUSH1 0x00 ", 
  "PUSH2 0x0100 ", 
  "EXP ", 
  "DUP2 ", 
  "SLOAD ", 
  "DUP2 ", 
  "PUSH1 0xff ", 
  "MUL ", 
  "NOT ", 
  "AND ", 
  "SWAP1 ", 
  "DUP4 ", 
  "PUSH1 0x01 ", 
  "DUP2 ", 
  "GT ", 
  "ISZERO ", 
  "PUSH2 0x0c11 ", 
  "JUMPI ", 
  "ASSERTFAIL ", 
  "JUMPDEST ", 
  "MUL ", 
  "OR ", 
  "SWAP1 ", 
  "SSTORE ", 
  "POP ", 
  "POP ", 
  "POP ", 
  "POP ", 
  "POP ", 
  "POP ", 
  "POP ", 
  "JUMP ", 
  "STOP ", 
  "AND ", 
  "SWAP1 ", 
  "POP ", 
  "DUP1 ", 
  "PUSH20 0xffffffffffffffffffffffffffffffffffffffff ", 
  "AND ", 
  "PUSH2 0x08fc ", 
  "DUP6 ", 
  "SWAP1 ", 
  "ISZERO ", 
  "MUL ", 
  "SWAP1 ", 
  "PUSH1 0x40 ", 
  "MLOAD ", 
  "PUSH1 0x00 ", 
  "DUP1 ", 
  "REVERT ", 
  "JUMPDEST ", 
  "PUSH2 0x07d6 ", 
  "PUSH1 0x14 ", 
  "DUP1 ", 
  "PUSH1 0x20 ", 
  "MUL ", 
  "PUSH1 0x40 ", 
  "MLOAD ", 
  "SWAP1 ", 
  "DUP2 ", 
  "ADD ", 
  "PUSH1 0x40 ", 
  "MSTORE ", 
  "DUP1 ", 
  "SWAP3 ", 
  "SWAP2 ", 
  "SWAP1 ", 
  "DUP3 ", 
  "PUSH1 0x14 ", 
  "DUP1 ", 
  "ISZERO ", 
  "PUSH2 0x060a ", 
  "JUMPI ", 
  "PUSH1 0x20 ", 
  "MUL ", 
  "DUP3 ", 
  "ADD ", 
  "SWAP2 ", 
  "JUMPDEST ", 
  "DUP2 ", 
  "SLOAD ", 
  "DUP2 ", 
  "MSTORE ", 
  "PUSH1 0x20 ", 
  "ADD ", 
  "SWAP1 ", 
  "PUSH1 0x01 ", 
  "ADD ", 
  "SWAP1 ", 
  "DUP1 ", 
  "DUP4 ", 
  "GT ", 
  "PUSH2 0x05f6 ", 
  "JUMPI ", 
  "JUMPDEST ", 
  "POP ", 
  "POP ", 
  "POP ", 
  "POP ", 
  "POP ", 
  "SWAP1 ", 
  "POP ", 
  "SWAP1 ", 
  "JUMP ", 
  "PUSH2 0x07d6 ", 
  "DUP2 ", 
  "SWAP1 "
 ], 
 "overflow": "\n../contractSrc/0xda8432d2bea887e8901e0223ae39f82fd19d60fc.sol:bet_various:166:15\nnumguesses+1\n^\n../contractSrc/0xda8432d2bea887e8901e0223ae39f82fd19d60fc.sol:bet_various:167:15\nnumguesses++\n^\n../contractSrc/0xda8432d2bea887e8901e0223ae39f82fd19d60fc.sol:bet_various:76:16\ndiff*-1\n^", 
 "money_concurrency": false, 
 "truncation": false
}}