{"MOMOToken":{
 "execution_paths": "28", 
 "callstack": false, 
 "reentrancy": false, 
 "modulo": false, 
 "division": false, 
 "execution_time": "2.57550692558", 
 "signedness": false, 
 "evm_code_coverage": "99.9", 
 "underflow": false, 
 "time_dependency": false, 
 "assertion_failure": false, 
 "timeout": false, 
 "dead_code": [
  "STOP "
 ], 
 "overflow": "\n../contractSrc/0xdcf8590df499eb04ee48c18676c07e2afa20d53d.sol:MOMOToken:72:9\nbalances[_to] += _value\n^\n../contractSrc/0xdcf8590df499eb04ee48c18676c07e2afa20d53d.sol:MOMOToken:64:9\nbalances[_to] += _value\n^", 
 "money_concurrency": false, 
 "truncation": false
},"StandardToken":{
 "execution_paths": "18", 
 "callstack": false, 
 "reentrancy": false, 
 "modulo": false, 
 "division": false, 
 "execution_time": "1.97155714035", 
 "signedness": false, 
 "evm_code_coverage": "99.9", 
 "underflow": false, 
 "time_dependency": false, 
 "assertion_failure": false, 
 "timeout": false, 
 "dead_code": [
  "STOP "
 ], 
 "overflow": "\n../contractSrc/0xdcf8590df499eb04ee48c18676c07e2afa20d53d.sol:StandardToken:72:9\nbalances[_to] += _value\n^\n../contractSrc/0xdcf8590df499eb04ee48c18676c07e2afa20d53d.sol:StandardToken:64:9\nbalances[_to] += _value\n^", 
 "money_concurrency": false, 
 "truncation": false
}}