{"SuretlyToken":{
 "execution_paths": "74", 
 "callstack": false, 
 "reentrancy": false, 
 "modulo": false, 
 "division": false, 
 "execution_time": "33.2361700535", 
 "signedness": false, 
 "evm_code_coverage": "99.9", 
 "underflow": "\n../contractSrc/0xe120c1ecbfdfea7f0a8f0ee30063491e8c26fedf.sol:SuretlyToken:77:5\ntotalSupply -= _value\n^\n../contractSrc/0xe120c1ecbfdfea7f0a8f0ee30063491e8c26fedf.sol:SuretlyToken:86:5\ntotalSupply -= _value\n^", 
 "time_dependency": false, 
 "assertion_failure": false, 
 "timeout": false, 
 "dead_code": [
  "STOP ", 
  "JUMPDEST "
 ], 
 "overflow": false, 
 "money_concurrency": false, 
 "truncation": false
}}