{"Depay":{
 "execution_paths": "13", 
 "callstack": false, 
 "reentrancy": false, 
 "modulo": false, 
 "division": false, 
 "execution_time": "0.77805685997", 
 "signedness": false, 
 "evm_code_coverage": "99.7", 
 "underflow": false, 
 "time_dependency": false, 
 "assertion_failure": false, 
 "timeout": false, 
 "dead_code": [
  "STOP "
 ], 
 "overflow": "\n../contractSrc/0xe34443095f78099675b165f07559e9b48450c77e.sol:Depay:21:9\ndonations += donation\n^", 
 "money_concurrency": "\nFlow 1:\n../contractSrc/0xe34443095f78099675b165f07559e9b48450c77e.sol:Depay:27:9\nrecipient.transfer(donations)\n^\nFlow 2:\n../contractSrc/0xe34443095f78099675b165f07559e9b48450c77e.sol:Depay:20:9\nrecipient.transfer(msg.value - donation)\n^", 
 "truncation": false
}}