{"BondkickBondToken":{
 "execution_paths": "49", 
 "callstack": false, 
 "reentrancy": false, 
 "modulo": false, 
 "division": false, 
 "execution_time": "31.7501008511", 
 "signedness": false, 
 "evm_code_coverage": "100.0", 
 "underflow": "\n../contractSrc/0xe4cbfcfb0fc6bb58eeed0143f28da1ba17dc8240.sol:BondkickBondToken:110:9\ntotalSupply -= _value\n^", 
 "time_dependency": false, 
 "assertion_failure": false, 
 "timeout": false, 
 "dead_code": [
  "STOP "
 ], 
 "overflow": "\n../contractSrc/0xe4cbfcfb0fc6bb58eeed0143f28da1ba17dc8240.sol:BondkickBondToken:89:9\nbalanceOf[msg.sender] += _value\n^\n../contractSrc/0xe4cbfcfb0fc6bb58eeed0143f28da1ba17dc8240.sol:BondkickBondToken:128:9\nbalanceOf[_to] += _value\n^\n../contractSrc/0xe4cbfcfb0fc6bb58eeed0143f28da1ba17dc8240.sol:BondkickBondToken:100:9\nbalanceOf[_to] += _value\n^", 
 "money_concurrency": false, 
 "truncation": false
}}