{"NashvilleBeerToken":{
 "execution_paths": "66", 
 "callstack": false, 
 "reentrancy": false, 
 "modulo": false, 
 "division": false, 
 "execution_time": "20.5985269547", 
 "signedness": false, 
 "evm_code_coverage": "99.9", 
 "underflow": false, 
 "time_dependency": false, 
 "assertion_failure": false, 
 "timeout": false, 
 "dead_code": [
  "STOP "
 ], 
 "overflow": "\n../contractSrc/0xe63a46c4019eb0fc86ab90dc0b1e782fe8883aa6.sol:NashvilleBeerToken:43:5\nredeemedList.push(_name)\n^\n../contractSrc/0xe63a46c4019eb0fc86ab90dc0b1e782fe8883aa6.sol:NashvilleBeerToken:32:5\nbalances[_to] += _amount\n^\n../contractSrc/0xe63a46c4019eb0fc86ab90dc0b1e782fe8883aa6.sol:NashvilleBeerToken:51:5\nbalances[msg.sender]++\n^", 
 "money_concurrency": false, 
 "truncation": false
}}