0x8FDd5Bda6bE801F5F3C513f305e68A6ec301153C,FarmCoinSale
0x291068cc684507Dd07Cf8113D010a82e63233b36,CrowdSalePreICO
0xfE52b0936Ad4C230c005dC0dc495E929f18BE47d,IPchainStandardToken
0x2c5f1c36cF32a999041cCbeEe5cbc332c17cA316,Store
0xC86121D708b86016b4a290C9C5A4Bb2544EA70Aa,Soleau
0xf7d7D960fDB4eD302Fec047FB831736c7C032274,DepositBank
0x9F3747e019a336DCF9090783ae351d050F5c9002,BigRisk
0xe8fE893E88b7515ba79E2CC2eC01538e4f20d7aa,NexxusToken
0x1F65A972CaD31a50F970CB140FF379Fd6AcB5198,TokenBank
0x67297CeAa42Eeda57172C0c79c10bBFeeb978e3F,PrayerCoin
0x63b8a0a64Fe8C086865cCBC0BCd69266C23e5284,ChargCoinContract
0x10b762f97fE38f15601e0EaaB4FC662F9A514Ff4,TranferInTwoPart
0x552c92f33bDd01F7eF85f40c053b6b3a6ae213BF,SafeConditionalHFTransfer
0x0bB19A718D8186A2B7F2Fb9359CA511557b2eAcC,HelpMeSave
0x9fbCB2d7989a397197CB5e2b1d842abB974ad769,StackDepthLib
0x386f5d22BeDF49e9724a22b2bB390c47d26a416c,Abt
0x3fb207cD30C8861ef1278f65F310856d02237E39,AFactory
0x16A74bC9d93BdD1e596ADEB8CD91b8d4c43bE190,AnyContract
0x8D513C455eb949744dfA364E4029795Ddd017f7c,Apuestas2018
0x2F3597766093B507db049281c63ddae60Eef4301,Arss
0x7da4bC8cAe5d7433A9B59ad0e65EaEdb97d4aA25,ArtBlockToken
0x386eB7b00b9fe97335a5EFDB8Cb2204c8D762920,AsaCoin
0x8498Ff9459691D650d83656cfFd893954dF81038,BAIC
0x5b35c598eF52e009503aDB02BACb408a41f21162,BananaToken
0xe70bA095906550032E5963706F6387FEaFc47E14,BetCenter
0x94d7A41427c37031cA5Ae2d623d48AF3f371369f,BIAToken
0xfE4Af06e13c8f8e5C7FB13cE6555860101b3b8bb,Bitway
0xaf674A3b384F860e08A12Da62243ee26AFCae886,BJCToken
0xc9eB674F5e780CC1EC49E7863993474F8766E5bf,BJLToken
0xc0690f125B41A69aCFa38b0a7179b720A1F49Bb6,BRToken
0x5E0Deba79b235b0734f035208854CD3522F29F28,BurnableOpenPaymentFactory
0xd53918A7c663e43FbcaDC8c40e37f88c8B3A29EF,BurnablePaymentFactory
0x4850FB6989a1c872aeC3E3892656f664EC481990,C2
0xfd36F21F9Cb8246221FF9298848E51Ee1fdd0DE3,CertifiedDocuments
0x3167E43474Bf17003cDED7B0f84f692EF06A369F,ClassicCheck
0x7E19c21e475B77897DdEDF750A89B98D8354e14B,ConfToken
0x04989526cAb56833c56738A6645BF419593901c5,CreatorDaoCasinoToken
0x51b4a7239A7b1EDbB8b9a56dbd268b948ef9beAf,CryptoHole
0xBF200c05Fc76B8a5B405be9680CDBfE62a8E546e,D2GBToken
0xB6F3979C835F6BbE7B14151B65cCe3bCDBeEdf76,DateTimeLib
0xB370046e3AC252dd90cCFD9C6Ad3137461522Ee8,DealarConstant
0xa9c72D3F8849729DeD5D701790e3e48909958620,DEC15Contract
0xfF4F269d22cc45de857c097E68741ee10F0F94ca,DEC15v1Contract
0xD2c4527A84a28fc72f21F0aF70fdf0F133626967,Diploma_landing_page
0x7aE52Ccd9bE2D1883e649b67Ed3BeCd825374046,epocum
0x5a02efCa31F8d03383774E887E216e0af977dD38,ERC721_token
0x7dB2586970AdBc02bfc8fBe4fBc5D352bdD1ba6d,ERH
0x10B87b0C27D379671eE97a5617d706e553F54506,EscrowMyEtherEntityDB
0x1CC82AE47f4d4d044290bB20328A5752E4ED11E4,EtherWhuffieManager
0xC2ada3c1b2D5B0678F9C41DD29CbF927B41616E3,ETHLightToken
0x6e7477925b4DdDF0c10A1b6925FE3f918cA5fAA4,ggbank
0x0A79Ed20D011B085dDaD3385542133e2902dd867,GGPCToken
0x2F641470202D9fBEb7A5adcD4af8562c3275D580,HashRushICO
0x5BDf0F3F821c986573c21e03c03b7596c9298ed9,Hotc
0x28A02CD9A72Cc27Df73B9088760DD5C601247Bed,InvitherB
0x0BfA3aE8a8801eC5fAeAF80d26eE64454bD4dDfD,KryptoGiftsMessages
0x17fb652582E374F1B032929161B2D8F8DFcb4057,LaolaiManage
0xC4a4f4A5F6a5Bd7CFF96487174eFCD893F3fBfda,LiteConnectToken
0x70f517956Ff32535BcFB094f640605d59a55BFc2,LOVEFoundation
0x5dfaa6e8fFf73D1802dA58D25312d8E9f477a2e3,Luck
0xD1A0b5F2955218F5dB8eb060645FF6C7e64A40fD,message
0x2D46629f81e16Be913C7B1bD5199Cb7D24326f35,MiCon
0xA73B926E049Dd7f22f87c4E2f2C95F27eD6a65B2,MinerEdgeToken
0x66177a62596a1e3eDFe7Db8294b1815B61e3e9f5,MoyTokenStorage
0x1b618c67B3ee5eb807EEC90879e8C510b4D08C69,msgdata
0x8668C0c64341C05d96BE29382A30035dB9b181F0,MyEtherTellerEntityDB
0x66177a62596a1e3eDFe7Db8294b1815B61e3e9f5,MySuperToken
0x5C74fd7b0B1E4d0ACbf612A39673114fc393582B,PARKToken
0xaE155089219F1Cd1C3A5db263e23cfB3480c896B,payrollSystem
0x8668C0c64341C05d96BE29382A30035dB9b181F0,proforma
0x3D1842C8957b9068eCdf3A73f563229F206e29Fe,REALotteryWheel
0x44756294BB587a863095B42B50F7e3A7f656c5d6,Saaa
0x93B9435B45AFD7dAFA41df68fE9A5ec1bf65f12c,SaveData
0xFbCc21eeba9Ef5a69b69b20d5429eb2F9D4408fF,SGCC
0xA46f3f66DA66ABfE5a10F2432f3B3B594C9B084D,SimpleMathTest003
0x5E2F98649Da0F54C81320D987935f85D0C356b6d,SoapBox
0x49f8dBD6F7063F54Ba64a18147Ae796c28F43A94,SpecialWallet
0x01aCb26122125D893580584aFaC3C28420152Cb9,testeot
0xf192336375e38537Dab121c54d5FD7eB1517Ab0E,TestQuery
0xf192336375e38537Dab121c54d5FD7eB1517Ab0E,TestRegistry
0xdE6f4E0315f960C9255668545ed24916D687fD6c,TIP
0x48Da4Cc0bFbB27FaeA6EDA631e0f171fCd77d784,TransferCoin
0x5A9a8A8486AE82D4Ee9f7bbD9E1CfaBF2B8FE4F3,TransferMoney
0x055567A282900755825A076906ec430e3a3e84eC,VeganCoin
0xE7ad46C7E3762096A739283A32C98fe5557A7183,viewMessage
0xA25795f867812Ef295F4EC3321Af8fCC0F5509C2,viewMessageNumPayable
0xaAaE6878A1416101859D0173aFF614f93094809B,viewMessagePayable
0x962ae59b2AaB96835d560C2AB973B258b230B549,whoDepositV3
0xE7ad46C7E3762096A739283A32C98fe5557A7183,Xtime
