0x4347E495680F880a97e67F7E99706e1a1F91F829,AcjCrowdsale
0xC3Ba5050Ec45990f76474163c5bA673c244aaECA,AmbrosusSale
0x4347E495680F880a97e67F7E99706e1a1F91F829,AngelCentralBank
0x20fE9C6CF52b673315de5cAF096d260D256Ca71E,AtomicSwap
0xA71743D900cc517a7E30189cF014D2B3FC8A63A8,AumICO
0xC8e11dcC89985366d57B4386Bad592b77F23A217,Avalanche
0x0e68c28199d824ed9a5D4fD73e5f8e7381f113Bf,Bagholder
0x628d63b259E358aB797bE26A31B3E9f9d57D1b93,BBDExchange
0x2B71cc952C8e3dFe97A696CF5C5b29F8a07dE3D8,BeatOrgTokenMainSale
0x88D026C32FeF905669149786554cd9d2BEA2B1b6,BetterAuction
0x0d593FeA235A103Be106Dd17D0B8A91AdF7805f7,Billiontix
0x8133D4672E9AA9D5636430407F0C7F1246E7f418,BillPokerPreICO
0x7b64E3dc34EDF63d99e0c01916AA96ad640faa4e,BitGallery
0xAd34b90bf7a7501ef3619571f52c0667BE1d1B31,BitkomSale
0x355633c1bCf0940BfE7b22AeA2D4a7ca0e3C4929,BizPyramid
0xb0DB707Ed10f6907463Cdc40B8BB9000F856AAbe,BLOCKCHAIN_DEPOSIT_BETA
0x90202c84E968da77a453417817439D059b48D279,BlockFoodPreSale
0x0EA3A7364d61DEa4C057fCAb28f2487A79e01a9F,Bombs
0x3001FCf9F62023f9c213d09E15adadF1729ba742,Bounty0xPresale
0x2B71cc952C8e3dFe97A696CF5C5b29F8a07dE3D8,BRANDCOIN
0x79f2C2d19B7d317E8C4256c1154A37d195711d15,BriskCoin
0x2F3c65D7E24191a6d82b8464e1960d4ca3bE435C,BsPresale
0x2Fa92d8929C0C765c0A71377d01D64Ee2F1486a7,Cajutel
0x6DDd0fC635CB18ba047664F93Ed3431cc59f2088,CandyClaim
0x340BDD8B15fB59A7c5F848E656129702f799959A,CandySale
0x0d1525A59A9A7E496d8bd72668Ea1e93DCe4D140,CashPokerProICO
0x10d35b8B55D9984dF6d14f862359753788772EC0,CccTokenIco
0xbaA669d19877C8063D33272421605cC43BF4B2c6,ChangeableRateCrowdsale
0x2B71cc952C8e3dFe97A696CF5C5b29F8a07dE3D8,ChargCoinContract
0x249e09e3e6Ad004CF9eDF814506B7ce43AD0773a,ChrisCoin
0x2eb5787a1b226EB59AfeEA634519348053514fb9,ChristmasClub
0x4f7fd3Acc5c66a3Cb08C37648BaCDc048E313dC3,ChronosCore
0x870b5Cd499a72fdfbA98B82A9ea00BD742537505,ClaimableCrowdsale
0x16761387B3564A13F0CE8C4269Bf52b42c3AC4D1,CoinCrowdICO
0x58248e791222806cc62F6194d8fE71dAD8805A1C,Countdown
0xB23f923BD7C52413789c14a2c9a274cf69bd39dA,CrowdsalePre
0x92Fb8c6733B7Bc783BdB6d9806eF624d5F49112a,CrowdSaleTRH
0x2B70F8139cE12d34924E00e561e8F41dF4318eC2,CryptoCarsRent
0xf4f7171A4BecFa5643f56cB55865FEcA08a841E8,CTCToken
0x12Bb502b783EA070F737eDA802cEd98bB1eFC306,CTNTokenSale
0x5FA2D3E22D559dC1A6085f14dF6D001fCb38Ae72,CTV
0x84c477B16c33aCdcf9AdBB394C17D8529268eE38,DEEX
0xf7d7D960fDB4eD302Fec047FB831736c7C032274,DepositBank
0x7106E2600995b79E0645a3151dB61AAf746ab628,Dividend
0x0Fdd54913f0C5E78bd776426953908B7836D4eBf,DropletCrowdSale
0x4f7fd3Acc5c66a3Cb08C37648BaCDc048E313dC3,DYLC_ERC20Token
0x516B89870f1C38E0AeCe261E2dcA52acDB06bc2b,ECHO
0xbB3AC6DBb9E2119F8fbe1E5f058A5d995E912787,ECT2Crowdsale2
0xb6df2467B6a1C20a3a21569DD222d5DFa1cE298a,ElecSaleSmartContract
0xb6df2467B6a1C20a3a21569DD222d5DFa1cE298a,ElectionsMarketSavingsBank
0x4D31c26a7432F04e06dF10b02270a8734195480d,EosPizzaSliceDonationraiser
0x78f71b4678597334039b00Bbee5E22fDbbbAB086,EternalWealth
0x11a3f578359004715db5927b3DCc0d1edC5139dc,EthBird
0xD149b3b88896a8e1946668Ae196Cd2822DE23455,EthCapsule
0x0349c3959BDd5faD0fF8857D38151d45849Fec0B,EthDickMeasuringGamev2
0xD2fDB04BbdC906E08D0303E0fbEC4873B2475F61,EthDickMeasuringGamev3
0xbb18a78f667f0c29F6Df2E03F5C416C77DE584c6,EthereumHole
0x7A5b3FbcBF83a1d12F92FDb35998961B3BCaB3Ee,EtherGuess
0x3DD0641aa2A0F3eA9BB406A590966a4A26aB2CAc,EthTermDeposits
0x32f9F08e7B10D12e284273DB744447DC178F7EeA,FabricTokenFundraiser
0x84bf1E4b2a4F794F21A4e7CFd2ceFA0862184143,ForecasterReward
0xa80215d38B476a7a58d7Fc1DfCf4e8dD17386d1d,Freeze
0xb16F71D44ec12e4B794C52AeF36d0e670420c313,Gelios
0x55ECF8Bf2922f054bBE45b78177b2979937b8398,GraphenePowerToken
0x83d79ad301b261BFc9F65974e1949eAAFBa684c1,HodlContract
0xbb832A3b940Edd96633c076EDFf20dcD8A4D5401,HodlerInvestmentClub
0xF40E2eBe5419dFDe7c40b65E53b9739AbF45d045,HODLerParadise
0xce350C950bcD418AAA6F5d210dfa136bFF60342E,HolyCoin
0x2A339308561f555ba2181D7a4b420C39ea43904d,HYIP
0x55ECF8Bf2922f054bBE45b78177b2979937b8398,IAHCToken
0x7960f60cdE419A5d66deEEbf2281381fA25f48bC,IndaHashToken
0x5300534FCF69E381413dd285Fb1951a97468F268,IntermediateVault
0x8Cd61ad602be694B98001F2eD2C0CeA9bBE573BC,IQNCrowdsale
0x581519Cf0F3F9BaB1174c782010a1adCd8C89BA8,IQNSecondPreICO
0xe4BEc574E7D1a6516Ec2138c986050E724b667E8,IungoPresale
0xb78F4cFe08C13Fe76A1f2D548Ec92bEFE975f26a,JobeumPresale
0xc89c5E307434fd06Dc57c52a834dB3fdD6cFb00B,JoysoCrowdsale
0x80d08B97d7F1D75787267Ef5aFB1e4E20929f811,Lescovex
0xed56352820F5D51C1a36579864130116eB5D08E7,ListingsERC20
0x11f78823e114C81Bc45228e20cBaaa8826b22D36,LitmusCrowdsale
0x2CE67A379Dce9b179dD3e66E8a9606802D437Bf7,Loan
0xe242b387123a91d0c734f183143B63180da428Fa,LudumToken
0xd1d2cb72D0d45f422F7480F13CD076f9Df6f258C,LympoICO
0xA32F91dfcd51a9cA83F912D5C4fb6041bf450667,MallcoinCrowdSale
0x6D29dC5984De7f5E95BbdE69432e723585b75d22,MarchMadness
0xd1d2cb72D0d45f422F7480F13CD076f9Df6f258C,MidnightCoin
0x566D44B3a2F4Cb1F888b77820153bc16eC598bde,NewCratePreSale
0xd98A7EcD1d52f72792454B438546dF6cd398De56,NYX
0x12Ae460D6E51660409c79352F2837f903F60e114,NYXAccount
0x1ACdbCb1f5854BbCD896E9AE0d64327Ae2E77487,ObizcoinCrowdsale
0x1ACdbCb1f5854BbCD896E9AE0d64327Ae2E77487,OZRealestatesToken
0xCf9DaB4f30f154F2910dA8f4d5fb2e32F82A16ee,PotPotato
0xb213441BB6Bff015E79FD71cd29ACD0Ef78222f9,PreTGE
0x1D58bF4709A1b6555dB1F1e260771702d590287E,Protocol108
0xb35f18479e17DB0D6B5c9b853760533A5e6a52e8,ProvidencePresale
0x8e752fd0E708aE3e63Ce37d987e810B6EaB73951,QuasacoinTokenCrowdsale
0x11565CD98fB00decefd8EE1b82FAf978F915959C,RaffleStrangeLoop
0x7C60924d830216E19C8d43A60886ec5B788D4D39,RaiseFundsForACause
0x5fFC9eFC249E82D0117c2DCA2C0a9d51215b077a,RENTCoin
0x8f3fFE6Fa949e8A32C571Df307824FF590F3D27D,RichestTakeAll
0x14Fa1058602596d3b7b1bf1dcF313C32c229f85B,SimpleAuction
0xD956264ac24F75B4b7c2285FcC63D8B4F4165c4e,SnovCrowdsale
0x8Bdd568F66914Ec923C766349745D946a7E493e6,SpaceICOToken
0x9436e71A1a396201703Ed9085eC838f4f9796043,SpanCoin
0x2eb3DA469cDa5cF5b1cd3323Be90f4d06069c98f,TimeCapsuleEvent
0x6BdC78d49cd2a7771826C6b654fC755E0b2fAFf9,TopKing
0x7ACE9b5CD282CD9e7A54A0F2b24f00AB81EF94b5,TrumpFullTermToken
0x75dd88510f0415fbee3466B324Db56B8de713213,TulipMania
0x8428d5429F12E4ed06bfa20eE97f6D636F776f69,TUStoken
0x239654dE1d84a4D73A4003f75C162F3de8be9d37,VZTPresale
0x9cc67f962cE1Bfa302dd0888362664A56cFC9560,WaterCrowdsale
0x2939d25B25A70Ce05c1365d1435ca3C9A9BE6923,Who
0xfE1F39Db218cc75cd282B3825E7633F3bdb62242,XgoldCrowdsale
0xdd79B86f9Ee93753b4fDd5127fb5d42aa41eb1E8,XmasCoinCrowdsale
