0x16F7f5eC35ba278ab841D634dDEacCD58B71a2af,AddressLotteryV2
0x43AA2221395F1915d58E06653Cf3c9ac6fCC50CA,AMBROSUSFund
0x1dA5262f168fc707D05D1A4E09cBE4595c6625bC,AnyChicken
0x3eDDd0EE72ab839560F3D4e19223225c7E3FE1D0,APPToken
0x9a7de5c559b715F90Ebe4ce79e75CdA07ec0daE7,Arena
0x4e13F492B44cC88F20B9F8E2D5CC79e2d2d079f8,AvPresale
0x0e68c28199d824ed9a5D4fD73e5f8e7381f113Bf,Bagholder
0x0025982D719A8d5A6A679fe73f1d8894408D62a4,Bank_With_Interest
0x2656CAEE59eb687BDa705F13a5408d71b18491b5,Best_Bank_with_Interest
0xC91acC0751945f286eeCbB5fFb95B0D8d10a977d,BlockHashRNG
0xA08a6c2C55751EAeD67B2bE9a70Dc869A87f62f0,BlockHashRNGFallback
0xf65745786b6305b4Bcc233338ac2E39EfCBAD8a4,BMPre_ICO
0x7329c59B50c3f1cde5B537E0BaAaF3e3ab5e1ff9,Bob
0x0EA3A7364d61DEa4C057fCAb28f2487A79e01a9F,Bombs
0xb62e2b2ddfFC4ff5469E1e31dF26bC7c7230896B,BrandContest
0x5997f13CC375F8CBCeb0DEC37d9193B43A276D23,CABCoinICO
0x05f47A3988f5460F9A8d23a8bf2db513B3Ec33e6,ChainSensitive
0x36A160695552596ea3E73c74D6C3461a1D5BFcBC,CHEXToken
0x305DE3AB296a31c46BEe1D08E369Ba20c4c63cD4,Coinflip
0x6348D3dD2C44d3145d67e94310526E60CdFFCD15,CompetitionStore
0x6d3E00EFFB00ABBff17fAA230317F01dc81427A9,CrowdsaleTokens
0x32f46235d9f91AB7dB3F66F8cC20d8CD88f5315f,CryptoDuels
0x6d3E00EFFB00ABBff17fAA230317F01dc81427A9,CryptoGoldStandardCoin
0x5899BE7015431bEF41ba8F134208691b25441FfE,CryptoPoosToken
0xb2f81BBD06eEA0BC3E53c02891534426Db3c2459,CSSPresale
0xDcf5b0C4106c34A5A744130542752242a7001f42,Cubic
0x4c5c4A1080fa3beEA03949DA893e199D21Cc21fB,DecentralandBuyer
0x492D79984bDaECbc1D55a9b6Bf2377090d3446F3,DeveryFUND
0x0393Ca41195830D82dB3CF5FE970830E91E0e0C4,Dil
0x74f745078aB1d14fD91f48ed2c001AdE0223eEDD,DIVXToken
0x7fF03c3256F91a26eF5D7Ea712b8a41eFA221626,DoubleOrNothingImpl
0x3e0a08D649b37CCbCbc4c00131B35EdEcfb20CaD,EmojisanAuctionHouse
0x81C47A242e1dA862a83440A6527680599eeEef25,EmojisanMarketplace
0xC51811f919C2bDA8edC1E215d2F620D19196626A,EtchReward
0xbF2A7a2887a7861CeBDaFce1a44fbF8b758167B7,eth666
0x8E8339Dcad15cc3Bf802A87Fbd516fB8b0a898B5,EtherSafe
0x6cd1Dd3E9469612eedE84650ed3c0C662FA6a37d,EtherTool
0x54687c056434569EDF744B3210d67f761c78f473,EthMash
0xF2333f9f83A780b8F46e8b615dd5Fdc1cF48b508,EthMashChain
0x0D4a8cC4287b490fF050782dF59a55aCe8E7A34A,EthMashMount
0x810Cba38076bF4CeF2e7d7fb73Ff645594EaD7e0,EthMashTower
0x8FDd5Bda6bE801F5F3C513f305e68A6ec301153C,FarmCoinSale
0xd5E47E066264bc6899E8B07baD3F23e14248f6eE,Faucet
0x9128617791493eCc59663A31BDE671fC173a32C3,FidgETHSpinner
0x01c2fF14DCfd25460D71A6D814CBd5882296B3dA,FipsNotary
0xC4B60b4819b6f5898d866DC937eD8467614bC35E,GPSPresale
0xdF7E9F9dE841Bc709692bfD7628af5a82f2fb823,HashBet
0xb9a24fAa383e7c8b6A1c1967D0A3381dd7deb37B,HashToken
0x7CE553038d7478B8AE09320B89473A0167ab515d,HodlBox
0xf791A60F4343304071446B441D8f416A740d780f,KeberuntunganAcak
0x7fF03c3256F91a26eF5D7Ea712b8a41eFA221626,KiddyToys
0x4b571c2b6f4003756fEE4eB80C0777B6c128Fe3c,LeanFund
0xB97889A6cA859403788E2DF40063E4638e034307,LINKFund
0x62DF12c667d808c7bB691A0bcE4E6a066FCF1881,MarketPrice
0xca88De78E7c90f8E3E950FD782575D78eF7321BD,Mattew
0x62DF12c667d808c7bB691A0bcE4E6a066FCF1881,Matthew
0xC2180760c559e787e0d916CD9725396BFB1fdF08,MoacToken
0x931B7625E50768c68B1492964E69c731D8F0668B,MUSCToken
0x3610fC2a18cc0fD2328E5144Df482C25071a7232,NatCoinCrowdsale
0xE0c13ee9B8F54371242c94d96D29133529f0E558,NFTHouseGame
0x63FC843B2bCDEB31C0C3681aC6e0bd86e82B0254,P2PFuturesTrading
0x5058Fe2Aa0158574c7890dE6D57624DB406FF425,Paramount
0x80b11102F1be1079320207c55aF99887Ff6CB2fE,PIGGY_BANK
0x1896bABc4bf0A25632c4513633A18FCb36D24c18,PreAdsMobileToken
0x50CeAA43B9B440553bA08D107FCA849010960d3E,PreIcoCrowdsale
0xa719e049e4609d370cA8d169118C581Dc6e8df29,Profit1000
0x166957dC44f805E198dEC72332343aDF6042Ff36,RandoCoin
0x073B5e9Cd7e7aCe94136561f39fDb6eDCc3440d7,Remittance
0x93069740EC1840d4B6fbFf96CB70e1239781B3aC,Sacrific3d
0x6A032E0a6439706b8e145A9bAF129f9EACF41226,Safether
0x0df1ee962f471E6CA216e7e6Bd54603b622eB297,SaintArnouldToken
0x7Cb2fEF5bafB994D09AdCBD562ABe9EBcdB8c533,SatoshiDice
0xB8f655F167D77eEEc7E0b86d505876Ed1DE6433C,SCCsale
0x0EE051bde32c0856769e1D0f2841b0b1AEe960f0,SingularityTest20
0xcFC474A1FCdBeCa7dDB51F503dB9926BeA0C3808,SmartBillions
0x185cD6346Ac39F82053B6AF635230a526BF87F08,STRIMToken
0x8fa01b31eb571Afca67161e2b2fFa3A3346cdb12,TheNextBlock
0xA7752656e68d21AefE15C23194F288B33a9Ef5Ed,TheOneToken
0x95Aa448725Bae0fA022af2Ba9903819949FA7Db2,TrustBet
0xE769F1496b9df7Fe3aAd068368dF9F0236084E17,TwentyDollars
0x71200A69faaA9233e18E04a8e29ca04FE9F31013,Videos
0x9Cf1fce461b6be662Cc64afC1bC4559c104b5c8E,Wolker
0xA7752656e68d21AefE15C23194F288B33a9Ef5Ed,WolkToken
0xbAf9583366E17C0A79351d519136620f00E81089,XCTCrowdSale
0xedF65A8192fd4d09b91db9e4909D774115D37430,XG4KCrowdFunding
