0x1B4744CF26011Dd1551985fB5D4EC2856bA43507,Forwarder
0x59212201cE4f236A6B165F35754bEFdEEF9Dd35C,FunFairSale
0x287a05d4b8B76461aA877eD2884b0f44c60ee8D3,InkPublicPresale
0xde8F00D474AdCE622DF32b80583aF6Ca1336F981,LZLCoin
0xd37e7b910Ec5d7eEeb15c1f0aDBC7434cf5d02DB,Payee
0x80b11102F1be1079320207c55aF99887Ff6CB2fE,PIGGY_BANK
0x428d6aafCE44175aE8F989B5E524eBcC3Ab6DcA5,PowerCoin
0x1A6983f2cC0AeF167De40F05fD6FC7FFDd750d16,Private_Bank
0xac21c3D3515Cd925eF862935B3e8EE2a373EB477,PrivateBank
0x76cA06f418e0eA86c5Ffc4dBb491d8035544fbA0,PrivateDeposit
0xa1dbd4D3FeD077842e40C2fBD3BFD5D018246168,ProxyCreationAndExecute
