0x8FDd5Bda6bE801F5F3C513f305e68A6ec301153C,FarmCoinSale
0x291068cc684507Dd07Cf8113D010a82e63233b36,CrowdSalePreICO
0xfE52b0936Ad4C230c005dC0dc495E929f18BE47d,IPchainStandardToken
0x2c5f1c36cF32a999041cCbeEe5cbc332c17cA316,Store
0xC86121D708b86016b4a290C9C5A4Bb2544EA70Aa,Soleau
0xf7d7D960fDB4eD302Fec047FB831736c7C032274,DepositBank
0x9F3747e019a336DCF9090783ae351d050F5c9002,BigRisk
0xe8fE893E88b7515ba79E2CC2eC01538e4f20d7aa,NexxusToken
0x1F65A972CaD31a50F970CB140FF379Fd6AcB5198,TokenBank
0x67297CeAa42Eeda57172C0c79c10bBFeeb978e3F,PrayerCoin
0x63b8a0a64Fe8C086865cCBC0BCd69266C23e5284,ChargCoinContract
0x10b762f97fE38f15601e0EaaB4FC662F9A514Ff4,TranferInTwoPart
0x552c92f33bDd01F7eF85f40c053b6b3a6ae213BF,SafeConditionalHFTransfer
0x0bB19A718D8186A2B7F2Fb9359CA511557b2eAcC,HelpMeSave
0x9fbCB2d7989a397197CB5e2b1d842abB974ad769,StackDepthLib
0x57A43960203693B08010d14e5fe7796082761B38,Ethereum_twelve_bagger
0x4De352673337b62CF72BEAc7aC24963f805Bd8ec,MillionEther
0xEeABD8a0151aF34596C5abC3F97A3480416B3DA2,Ethsplit
0x25c502f5A9aA6993db56855752Ca2151E79fa731,MultiplicatorX4
0x4B3A7b6Ef95bB24Ad00C9613Aca5E6d8B2AE19D2,WhaleGiveaway1
0x820d5Ae812693Ba3FE3Bb03c0f13c1f7cccd7143,Reward
0xf76D8C8c8e05c1578a4866bF1BE863e1Cece760A,CreditDepositBank
0x09821485a8A68918D7EdF0e23cbafA62256435dd,EDProxy
0x77d47f1622EC3f77a0E0C78049c51F3048AC5E9C,RaisingToken
0x90538576AfcA7a1c3551D73c61A1f8B30bB5AEdF,Pie
0xAcC5506Ce9A3F84f035Ee5fb59360414906890F0,Caller
0x813C6F7b9ea8D5992188BDc47833C673c322C11d,Honey
