0x2524e9ca90C5621Ff4FdABCe344931dDBfFdb44a,BetBuyer
0x9F3747e019a336DCF9090783ae351d050F5c9002,BigRisk
0xCf9dcd409a40D43FfdFbc76c31a4769C6BA84960,BuyerFund
0xf76D8C8c8e05c1578a4866bF1BE863e1Cece760A,CreditDepositBank
0x1946e111af07c618fD168dCa83b7900DdEc2fE62,CryptoChamps
0x4ae4c0662BFf6f86E9F6703eEF076C0Af8F53eeC,Dappster
0x299328b9135027B1a3021853274e6A06E3eBFa87,Doubly
0xC8d93dCD433015f9f00EEc302b3ae0611Cfd2179,EtherConsole
0x34876A074d648385f5541ba85f438c6f710d2ce6,Etheramid
0x57A43960203693B08010d14e5fe7796082761B38,Ethereum_twelve_bagger
0x5ef13B27Ed4Ead0044388457a2e032E69bf499fF,EthronTokenPonzi
0xFb1867249eeaB8F57fa0876e14E38D82647Cc170,Fermat
0x2d1806c03Af33480dDB0729b1a39101E6Fc817D5,HFConditionalTransfer
0x062A5d2218AdfEdc51512939D14F30b3a7226C85,NumberBoard
0x820d5Ae812693Ba3FE3Bb03c0f13c1f7cccd7143,Reward
0xDA0bab807633f07f013f94DD0E6A4F96F8742B53,SafeConditionalHFTransfer
0xC86121D708b86016b4a290C9C5A4Bb2544EA70Aa,Soleau
