0x49Be3e1f0f324b41189cB42e117DD0A38A0BF3bF,AdminInterface
0x04F68154E16B6938A5b43B05FEE32631dDf2d559,B0xProxy
0xaaeA40E42BEeC1035Ba214079555d30eaFCdBe2e,BdpEntryPoint
0x6F94919Ba39aDCEBDCE24ab259979A8F1AFC7463,CBToken
0xb4132050Ce412D62D3c43491191Ce4765c5F1dFE,Ciphs
0xDE772C690194B34E444758d9db6542343702882F,ControllerProxy
0x616Faf8d43240d94e8C3a8a1298b3588016807F6,CvcProxy
0x1ca12703e55A2c3cd72d4B6D025BDB024e32d730,Delegatecall
0x858Bc5394209a86C378593f10E5B6147614DaDd6,Destroy
0xAb50B8B1F0695B29F0826D5022864d37e553af56,DSProxy
0x09821485a8A68918D7EdF0e23cbafA62256435dd,EDProxy
0x745a0a9079b8d8F013644A81bC314adbaE4B90eF,FNBToken
0xDDFBbc56330ff19062C3daf99D4E0649019C98aE,KnowledgeProxy
0x8F4c9cf49baEe174440B9a2044b7502c48549f14,LANDProxy
0xA59358E09F6335B26Df618507927406604e01514,LetMeIn
0xCF6d1252fd18977DD414ed0460B5F5DecCE1A86a,Masker
0x57729e0b560dAb06ABaB05bE693De46C1115C7d4,MultiEventsHistory
0xE569209d9Fe3fe462416216a40228C32269a57b1,MultiSigStub
0x59aAfB6ed6ca0BF4ec42f745BB71cA583a986C60,Parsec
0xa4280515949A82CF440F2167fE509A0474087888,RipplePayMain
0x3A52B1A12E130A80f602c4f9B819796a0CC079b1,RiskSharingToken
0xff65fA5AC6dEE76EE678447E2cC6e2881d82c223,Router
0xf02Cbc2b8296E793e92f19d26c531B23a9C12631,StackDepthLib
0xcE8b859D3F27Ce6c4359DfEb8806d241d15E9cCa,TransferReg
0x050A9615e78fD29f7D138A0b20F467773f7D3a54,UserWallet
0xBCc3Ce3886A82958A30E761F205873Cd7437cF7b,WalletProxy
0x19F917BA99b0BA245C9aE0568C76D7CA8638b15A,WyvernDAOProxy
0x79B5389db7354EFf744094b8F656628c6c965b49,ZwtTokenProxy
